Transaction_ID,Customer_ID,Date,Category,Amount,Account_Balance,City_x,Channel,Source,Card_Id,Merchant,First_Name,Last_Name,Email,Gender,City_y,Join_Date,Age,Income,Account_Type
1,1,2022-03-15,Withdrawal,4057,,Berovo,Online,Checking,,,Phyllida,Gowing,pgowing0@theglobeandmail.com,Female,Cihurip Satu,2017-01-08,38,45399,Checking
2,2,2024-09-06,Transfer,3145,,Södertälje,Branch,Checking,,,Chrisy,Hulles,chulles1@phpbb.com,Male,Stylída,2021-03-01,67,148990,Both
3,3,2023-02-08,Transfer,3823,,Shilibu,ATM,Checking,,,Elvera,Swannack,eswannack2@cnn.com,Female,Mianhu,2021-10-03,47,59490,Both
4,4,2023-04-23,Transfer,1912,,Xiadong,Branch,Checking,,,Layton,O'Mailey,lomailey3@google.nl,Male,Krivaja,2019-11-02,39,133955,Savings
5,5,2023-02-04,Deposit,633,,Bayan Hure,Branch,Checking,,,Filippa,Godson,fgodson4@mail.ru,Female,Kaiama,2024-01-11,28,119523,Both
6,6,2024-04-08,Deposit,1755,,Vide,Online,Checking,,,Eula,Billes,ebilles5@posterous.com,Female,Huangsha,2018-01-19,72,77377,Savings
7,7,2024-01-07,Deposit,1044,,Capanema,Branch,Checking,,,Kelci,Dineen,kdineen6@g.co,Female,Yanjiang,2022-02-23,26,137621,Checking
8,8,2023-08-09,Withdrawal,397,,Kombissiri,ATM,Checking,,,Gifford,Berick,gberick7@ezinearticles.com,Male,Huimin,2020-10-11,34,88170,Savings
9,9,2022-05-27,Deposit,4968,,Graz,Branch,Checking,,,Pietro,Petyt,ppetyt8@studiopress.com,Male,Xubu,2024-11-26,55,63846,Checking
10,10,2024-04-08,Transfer,3495,,Fusagasuga,ATM,Checking,,,Juliet,Gebby,jgebby9@hp.com,Agender,Sarongan,2017-06-12,26,122558,Savings
11,11,2022-09-23,Transfer,4836,,Betim,ATM,Checking,,,Jens,Renshaw,jrenshawa@gov.uk,Male,Carvalhais,2017-03-30,40,68425,Both
12,12,2023-08-04,Deposit,3600,,Ōgaki,ATM,Checking,,,Liuka,Possek,lpossekb@exblog.jp,Female,San Javier,2015-07-22,27,135787,Checking
13,13,2024-10-04,Withdrawal,3540,,Si Bun Rueang,Online,Checking,,,Dorothea,Kobiela,dkobielac@paginegialle.it,Female,Danyang,2023-04-25,44,125121,Savings
14,14,2024-12-07,Deposit,4232,,Burtunay,ATM,Checking,,,Dru,Batchelour,dbatchelourd@ted.com,Bigender,Kiihtelysvaara,2024-04-23,71,73012,Savings
15,15,2023-05-11,Withdrawal,3953,,Tracal,ATM,Checking,,,Brittne,Fairbanks,bfairbankse@nytimes.com,Polygender,Qijia,2022-02-28,32,40750,Both
16,16,2023-01-07,Deposit,4902,,Kikerino,Online,Checking,,,Artie,Aisthorpe,aaisthorpef@reuters.com,Male,Itsandzéni,2022-08-05,18,71722,Checking
17,17,2022-12-14,Withdrawal,4836,,Načeradec,Branch,Checking,,,Cris,Nornasell,cnornasellg@example.com,Male,Tadjoura,2020-04-16,75,52271,Checking
18,18,2022-08-12,Withdrawal,4285,,Shanhou,Online,Checking,,,Ula,Traill,utraillh@parallels.com,Female,Hekou,2024-04-05,35,123582,Savings
19,19,2023-07-28,Withdrawal,1198,,Bagratashen,ATM,Checking,,,Augustine,Harrowing,aharrowingi@tumblr.com,Female,Cuauhtemoc,2020-08-28,58,69527,Both
20,20,2024-04-20,Transfer,4064,,Takayama,Branch,Checking,,,Scotti,Offill,soffillj@patch.com,Genderqueer,Rymättylä,2019-07-27,26,119943,Checking
21,21,2024-10-13,Deposit,4818,,Az Zaytūnīyah,Branch,Checking,,,Marylee,Guerrin,mguerrink@pen.io,Genderqueer,Batouri,2020-12-04,72,138394,Checking
22,22,2022-10-07,Withdrawal,4634,,Mexico,Branch,Checking,,,Sasha,Keeri,skeeril@icq.com,Female,Rumoi,2015-11-12,38,64526,Savings
23,23,2024-01-17,Deposit,1086,,Rymanów,Branch,Checking,,,Chas,Lain,clainm@gov.uk,Male,Karanganyar,2019-02-11,21,118956,Both
24,24,2024-02-01,Transfer,4034,,Ribeirão,Branch,Checking,,,Gilda,Frazer,gfrazern@phoca.cz,Female,Heemstede,2018-10-11,67,134939,Checking
25,25,2023-09-23,Transfer,1749,,Uzlovaya,ATM,Checking,,,Corilla,Petow,cpetowo@imdb.com,Female,Bantengan,2019-03-24,52,102152,Both
26,26,2023-07-12,Transfer,786,,Gaojialing,Online,Checking,,,Auguste,Phillott,aphillottp@state.gov,Female,Kassel,2016-05-11,29,34788,Savings
27,27,2023-10-01,Withdrawal,914,,Yonezawa,Online,Checking,,,Massimiliano,Szymanski,mszymanskiq@comsenz.com,Male,Golomunta,2024-07-09,55,146832,Checking
28,28,2024-01-20,Withdrawal,150,,Belang,ATM,Checking,,,Wileen,Willman,wwillmanr@barnesandnoble.com,Female,Antas,2016-02-02,27,71770,Checking
29,29,2024-11-17,Deposit,939,,Guang’an,ATM,Checking,,,Rivi,Gilardone,rgilardones@prlog.org,Female,Guanlu,2023-12-04,23,79472,Both
30,30,2022-08-22,Deposit,2965,,Amper,Branch,Checking,,,Alikee,Minall,aminallt@live.com,Female,Сарај,2019-07-20,67,70726,Checking
31,31,2024-07-26,Transfer,2082,,Libochovice,Branch,Checking,,,Candace,Oliver-Paull,coliverpaullu@ycombinator.com,Female,Lekas,2018-09-28,62,130975,Checking
32,32,2022-06-14,Withdrawal,2946,,Mayuge,Branch,Checking,,,Camey,Ockleshaw,cockleshawv@t.co,Bigender,Heshui,2022-05-06,65,48330,Both
33,33,2023-01-05,Deposit,2493,,Jalalaqsi,Branch,Checking,,,Karita,Garmons,kgarmonsw@is.gd,Female,El Retiro,2022-01-31,72,91000,Checking
34,34,2024-11-25,Deposit,4079,,Sayang Lauq,Branch,Checking,,,Shawna,Whisson,swhissonx@ibm.com,Female,Turku,2022-09-05,28,119028,Savings
35,35,2024-12-04,Deposit,3409,,Strezhevoy,Branch,Checking,,,Bradley,Lavers,blaversy@weebly.com,Male,Bus’k,2021-10-11,70,116298,Checking
36,36,2022-08-22,Deposit,1632,,Ngepoh Kidul,ATM,Checking,,,Chryste,Texton,ctextonz@pagesperso-orange.fr,Female,Vincennes,2018-06-01,60,107750,Checking
37,37,2023-06-21,Withdrawal,2540,,Likhoy,Online,Checking,,,Ronnica,Kellitt,rkellitt10@fotki.com,Female,Kislyakovskaya,2023-02-08,54,47410,Checking
38,38,2022-09-03,Deposit,4354,,Caen,Branch,Checking,,,Stacee,Martel,smartel11@trellian.com,Genderfluid,Aomori Shi,2021-09-11,60,145491,Checking
39,39,2023-08-01,Transfer,4261,,Gorichevo,Branch,Checking,,,Chlo,Gotthard.sf,cgotthardsf12@webmd.com,Female,Svetlyy,2015-05-27,52,76576,Checking
40,40,2024-02-25,Deposit,2315,,La Joya,Branch,Checking,,,Tucky,Worsom,tworsom13@t.co,Genderfluid,Birigui,2023-03-20,52,30019,Savings
41,41,2024-06-25,Deposit,1062,,Cincinnati,ATM,Checking,,,Silas,Pointer,spointer14@godaddy.com,Male,Libacao,2024-07-23,30,124691,Both
42,42,2024-06-30,Withdrawal,1462,,Purda,Online,Checking,,,Rycca,Nisuis,rnisuis15@sohu.com,Female,Belize City,2017-04-18,66,93999,Checking
43,43,2022-07-19,Withdrawal,512,,San Antonio,ATM,Checking,,,Tirrell,Burnett,tburnett16@spiegel.de,Male,Sovetakan,2018-03-06,25,60175,Checking
44,44,2022-08-31,Withdrawal,4655,,La Rioja,ATM,Checking,,,Albrecht,Rofe,arofe17@people.com.cn,Male,Wanying,2021-04-30,34,104630,Savings
45,45,2022-01-21,Transfer,3217,,Qaryūt,ATM,Checking,,,Gerrie,Mitskevich,gmitskevich18@usatoday.com,Female,Río Guayabal de Yateras,2018-07-14,34,46518,Checking
46,46,2024-04-26,Deposit,2925,,Qimantage,Branch,Checking,,,Joella,Jenks,jjenks19@ted.com,Female,Muquiyauyo,2017-03-31,19,147136,Checking
47,47,2022-02-19,Withdrawal,1149,,Rochester,Online,Checking,,,Grenville,Yaldren,gyaldren1a@gnu.org,Male,Atimonan,2022-03-19,62,87987,Both
48,48,2024-09-12,Deposit,4885,,Richmond,Branch,Checking,,,Harlan,Antushev,hantushev1b@comsenz.com,Male,Namboongan,2024-01-17,75,66378,Checking
49,49,2022-06-19,Deposit,360,,Novopokrovka,Branch,Checking,,,Bjorn,Szymanek,bszymanek1c@youku.com,Genderfluid,Najin,2021-01-06,53,100525,Savings
50,50,2023-09-04,Deposit,3052,,Białobrzegi,Online,Checking,,,Lucy,Canacott,lcanacott1d@google.es,Female,Liloan,2015-06-09,69,58203,Checking
51,51,2023-12-26,Withdrawal,357,,Rybnoye,ATM,Checking,,,Kit,Wynrahame,kwynrahame1e@woothemes.com,Male,Lengshui,2019-09-13,32,70450,Both
52,52,2023-09-15,Transfer,3270,,Yakimovo,ATM,Checking,,,Addi,Partener,apartener1f@ibm.com,Female,Tabwakea Village,2015-03-02,69,145372,Checking
53,53,2024-03-14,Withdrawal,3147,,Buket Teukuh,ATM,Checking,,,Patrizio,Nesbeth,pnesbeth1g@g.co,Male,Chigorodó,2016-08-24,27,146173,Checking
54,54,2022-06-13,Transfer,1286,,Desnogorsk,ATM,Checking,,,Leland,Killgus,lkillgus1h@php.net,Female,Muonio,2022-07-29,70,145128,Checking
55,55,2022-06-27,Deposit,3671,,Lenningen,Branch,Checking,,,Jefferey,McLeish,jmcleish1i@salon.com,Male,Tulsīpur,2018-10-31,31,134085,Both
56,56,2022-03-11,Withdrawal,43,,Guayabal de Síquima,ATM,Checking,,,Weber,Daines,wdaines1j@umich.edu,Male,Znamenskoye,2018-10-16,47,72425,Both
57,57,2024-06-23,Deposit,3738,,Daniëlskuil,ATM,Checking,,,Mathilda,Lenham,mlenham1k@washington.edu,Female,Saguing,2021-01-18,53,122809,Both
58,58,2023-11-14,Transfer,4077,,Cuauhtemoc,Online,Checking,,,Juan,Bodham,jbodham1l@walmart.com,Male,Baracoa,2019-10-18,23,73592,Both
59,59,2023-05-06,Transfer,4768,,Hakodate,Branch,Checking,,,Deena,Elstone,delstone1m@mac.com,Female,Yongfeng,2016-06-30,50,100046,Checking
60,60,2022-10-22,Deposit,1720,,Străşeni,Branch,Checking,,,Lesley,Brumham,lbrumham1n@oakley.com,Male,Milíkov,2017-02-16,73,41506,Both
61,61,2022-05-27,Deposit,3813,,Verkhniy Lomov,ATM,Checking,,,Gregoor,Malthouse,gmalthouse1o@linkedin.com,Male,Safonovo,2021-02-25,24,67112,Checking
62,62,2023-01-18,Deposit,3532,,Gyōda,Online,Checking,,,Johanna,Mackison,jmackison1p@dyndns.org,Female,Końskowola,2015-09-11,74,75468,Checking
63,63,2024-03-08,Withdrawal,2572,,Emiliano Zapata,Online,Checking,,,Hobard,Ceresa,hceresa1q@reference.com,Male,Provins,2017-10-27,35,54069,Both
64,64,2023-02-09,Withdrawal,2181,,Tsiroanomandidy,Online,Checking,,,Myrilla,Vida,mvida1r@redcross.org,Female,Putrajawa,2016-11-16,64,48146,Both
65,65,2022-06-29,Deposit,3991,,Barru,ATM,Checking,,,Zachery,Folder,zfolder1s@furl.net,Male,Xianyan,2024-08-10,26,114129,Savings
66,66,2023-07-14,Transfer,4111,,Guilmaro,ATM,Checking,,,Barbara,Conti,bconti1t@kickstarter.com,Non-binary,Langkapcaang Hilir,2016-06-02,41,91299,Checking
67,67,2023-06-01,Withdrawal,119,,L'viv,Branch,Checking,,,Derrik,Spreckley,dspreckley1u@about.com,Male,Socorro,2024-05-18,54,80076,Checking
68,68,2022-07-02,Withdrawal,41,,Ústí nad Labem,ATM,Checking,,,Alfreda,Sheffield,asheffield1v@wordpress.com,Female,Annecy,2017-01-20,38,148720,Savings
69,69,2024-04-23,Deposit,2451,,Annapolis,ATM,Checking,,,Ruprecht,Southerden,rsoutherden1w@cdc.gov,Male,Ternovka,2018-02-24,24,87843,Both
70,70,2022-11-09,Withdrawal,2923,,Sigay,Branch,Checking,,,Catherin,Kermath,ckermath1x@g.co,Female,Bodø,2022-07-22,55,71946,Checking
71,71,2024-05-27,Deposit,4968,,Mtsamdou,ATM,Checking,,,Parke,Legonidec,plegonidec1y@google.com,Male,Xin’an,2020-09-15,34,91867,Savings
72,72,2023-01-30,Deposit,3797,,Bambas,ATM,Checking,,,Harcourt,Kenforth,hkenforth1z@constantcontact.com,Polygender,Sumbersarikrajan,2023-11-08,66,113562,Checking
73,73,2023-05-16,Deposit,4990,,Kampene,ATM,Checking,,,Gabriella,Morena,gmorena20@technorati.com,Female,Harstad,2018-05-31,68,144364,Both
74,74,2024-09-04,Withdrawal,2021,,Ciénega,Online,Checking,,,Darb,Lister,dlister21@usa.gov,Female,Xufeng,2015-08-23,23,138673,Checking
75,75,2023-01-12,Deposit,2579,,Pinhão,Online,Checking,,,Annadiana,Benda,abenda22@pbs.org,Female,Chor,2019-07-27,54,84837,Savings
76,76,2023-01-15,Withdrawal,2736,,Villa Atamisqui,Online,Checking,,,Rock,Enoch,renoch23@springer.com,Male,Kallíthiron,2020-06-06,69,149892,Checking
77,77,2022-03-20,Deposit,1353,,Tubod,ATM,Checking,,,Vanni,Spoole,vspoole24@hp.com,Female,Amphawa,2015-09-26,33,140413,Both
78,78,2022-06-15,Deposit,3014,,Tromsø,Online,Checking,,,Mae,Morrant,mmorrant25@cafepress.com,Female,Arnage,2024-06-08,25,104174,Savings
79,79,2023-01-29,Withdrawal,3715,,San Antonio Oeste,Online,Checking,,,Aldric,Gleeton,agleeton26@seesaa.net,Male,Fuyo,2020-12-02,31,76901,Savings
80,80,2024-04-27,Deposit,2035,,Jieshan,ATM,Checking,,,Dena,Barus,dbarus27@ehow.com,Female,Kijini,2022-10-22,50,89977,Checking
81,81,2023-12-31,Transfer,1509,,Krajan Karanganyar,Branch,Checking,,,Donavon,Radford,dradford28@hp.com,Male,Penang,2016-01-27,69,39152,Both
82,82,2023-11-04,Transfer,1533,,Toungo,ATM,Checking,,,Ferrel,Hunnable,fhunnable29@dropbox.com,Male,Isnos,2017-01-29,19,32119,Both
83,83,2024-03-16,Transfer,3884,,Châu Thành,ATM,Checking,,,Kendre,Puncher,kpuncher2a@tinypic.com,Female,Sepahua,2022-08-05,62,123724,Checking
84,84,2023-01-30,Transfer,385,,Nsanje,ATM,Checking,,,Odo,Haselup,ohaselup2b@liveinternet.ru,Male,Kasimov,2020-10-31,54,46788,Checking
85,85,2024-09-13,Withdrawal,2480,,Al Metlaoui,ATM,Checking,,,Laurie,Scawn,lscawn2c@phpbb.com,Female,Hechuan,2020-07-27,56,126313,Savings
86,86,2024-01-09,Withdrawal,2821,,Bayt ‘Awwā,Online,Checking,,,Naomi,Handley,nhandley2d@forbes.com,Female,Novi Bečej,2019-10-10,62,137581,Both
87,87,2024-03-06,Withdrawal,3024,,Labin,Online,Checking,,,Janean,Giacomelli,jgiacomelli2e@ustream.tv,Female,Yorosso,2020-12-05,23,71409,Both
88,88,2023-02-19,Deposit,3076,,Bordeaux,Branch,Checking,,,Annabal,Slucock,aslucock2f@exblog.jp,Female,Józefosław,2022-05-03,48,52203,Savings
89,89,2024-06-18,Withdrawal,3899,,Muchkapskiy,Online,Checking,,,Welch,Andreucci,wandreucci2g@dmoz.org,Male,Lingyuan,2015-01-17,63,102495,Savings
90,90,2022-07-04,Deposit,2351,,Talisayan,Branch,Checking,,,Cyndie,Tuma,ctuma2h@google.nl,Female,Salinungan Proper,2017-06-18,23,99752,Both
91,91,2023-11-26,Deposit,3323,,Marmashen,ATM,Checking,,,Emanuele,Hathorn,ehathorn2i@free.fr,Male,Grande Prairie,2021-03-01,52,54752,Savings
92,92,2024-12-24,Deposit,4004,,Chittagong,ATM,Checking,,,Arlana,Lakenton,alakenton2j@barnesandnoble.com,Female,Chating,2018-07-23,45,57940,Both
93,93,2022-02-22,Deposit,1107,,Yiwa,ATM,Checking,,,Aline,Barnaclough,abarnaclough2k@live.com,Female,Ibiporã,2024-05-06,48,66359,Both
94,94,2023-09-22,Deposit,4084,,Stamford,ATM,Checking,,,Alvis,Keay,akeay2l@dagondesign.com,Male,Kutno,2015-08-10,66,47138,Checking
95,95,2024-09-30,Withdrawal,2427,,Mach,ATM,Checking,,,Warner,Crookall,wcrookall2m@nih.gov,Male,Ladushkin,2015-12-16,23,53517,Both
96,96,2024-06-08,Transfer,3366,,Parikkala,ATM,Checking,,,Walker,Lortz,wlortz2n@about.me,Male,Mangli,2015-04-11,25,53575,Both
97,97,2024-07-07,Transfer,2410,,Prínos,Branch,Checking,,,Sayre,Marrow,smarrow2o@bbc.co.uk,Female,Moret-sur-Loing,2021-12-09,49,56819,Checking
98,98,2023-11-13,Transfer,425,,Krupanj,Online,Checking,,,Rivi,McNess,rmcness2p@youtu.be,Female,Thai Charoen,2022-02-19,59,39005,Both
99,99,2022-07-08,Withdrawal,3603,,Suhong,Branch,Checking,,,Aguie,Philipson,aphilipson2q@fema.gov,Male,Neuquén,2023-10-25,65,87944,Checking
100,100,2024-02-12,Deposit,1032,,Liaoyang,Online,Checking,,,Dot,Footitt,dfootitt2r@parallels.com,Polygender,Umpak,2019-09-25,73,37063,Checking
101,101,2022-02-01,Withdrawal,2995,,Longwy,Branch,Checking,,,Enrika,Gurton,egurton2s@reference.com,Female,Lianyun,2023-10-16,70,137961,Savings
102,102,2024-10-04,Transfer,856,,Bojongloa,ATM,Checking,,,Lyman,Giacovazzo,lgiacovazzo2t@nsw.gov.au,Male,Avignon,2018-04-12,65,70373,Both
103,103,2024-04-28,Withdrawal,4972,,Baja Mar,ATM,Checking,,,Fernanda,Stigger,fstigger2u@symantec.com,Female,Bang Kho Laem,2023-07-28,57,42156,Checking
104,104,2023-01-29,Deposit,1962,,Xiangrong,Online,Checking,,,Meaghan,Matisse,mmatisse2v@unc.edu,Female,Oslo,2024-08-08,42,96201,Both
105,105,2024-02-07,Transfer,3913,,Selikhino,ATM,Checking,,,Carlynne,Berens,cberens2w@rambler.ru,Female,Koina,2017-07-07,49,78562,Both
106,106,2023-06-21,Withdrawal,3364,,Novorossiysk,Branch,Checking,,,Kelby,Burberow,kburberow2x@hhs.gov,Male,Gllogjan,2021-11-03,54,124573,Checking
107,107,2024-09-02,Transfer,1393,,Neietsu,Branch,Checking,,,Leena,Meiner,lmeiner2y@sbwire.com,Female,Las Cruces,2020-02-21,37,110122,Savings
108,108,2022-08-08,Transfer,1064,,Helmsange,Branch,Checking,,,Demetria,Samways,dsamways2z@homestead.com,Agender,Chixi,2017-11-23,60,105276,Savings
109,109,2023-06-19,Withdrawal,2779,,Rama,Branch,Checking,,,Doll,Bullion,dbullion30@imageshack.us,Agender,Jacksonville,2019-05-03,56,100606,Both
110,110,2024-11-27,Transfer,1187,,Río Colorado,ATM,Checking,,,Conrad,Jacqueme,cjacqueme31@ow.ly,Male,Selajambe Satu,2015-07-13,48,84905,Savings
111,111,2022-10-08,Deposit,3109,,Al Maşdūr,Online,Checking,,,Tatiana,Swalwel,tswalwel32@businessweek.com,Female,Denver,2023-06-06,23,57049,Checking
112,112,2023-10-23,Deposit,2439,,Dongsheng,Branch,Checking,,,Bobette,Gregoletti,bgregoletti33@mashable.com,Polygender,Pachīr wa Āgām,2020-06-18,39,30884,Checking
113,113,2023-07-26,Deposit,4979,,Kajiki,Online,Checking,,,Gerard,Doleman,gdoleman34@sfgate.com,Male,Kargowa,2015-04-05,53,143483,Savings
114,114,2023-04-16,Deposit,280,,Tayturka,ATM,Checking,,,Godwin,Corran,gcorran35@house.gov,Male,Tekikbanyuurip,2019-09-16,56,89925,Savings
115,115,2022-02-05,Withdrawal,105,,Fuente de Oro,ATM,Checking,,,Sandie,Vila,svila36@guardian.co.uk,Female,Muesanaik,2023-12-26,40,120544,Checking
116,116,2024-11-15,Withdrawal,860,,Itatinga,ATM,Checking,,,Truman,Markson,tmarkson37@google.com.au,Polygender,Carnot,2016-02-16,64,122310,Both
117,117,2024-01-29,Withdrawal,171,,Randuagung,Online,Checking,,,Zared,Pylkynyton,zpylkynyton38@php.net,Male,Timba Lauk,2022-06-08,36,34169,Checking
118,118,2023-09-13,Deposit,3383,,Urung,ATM,Checking,,,Virgie,Moncreif,vmoncreif39@deliciousdays.com,Male,Helsingborg,2016-06-13,46,57231,Savings
119,119,2022-02-04,Deposit,240,,Sharjah,Online,Checking,,,Maitilde,Zecchini,mzecchini3a@canalblog.com,Female,Skwierzyna,2024-07-30,71,78603,Savings
120,120,2023-01-02,Deposit,4761,,Pogórze,Branch,Checking,,,Gracia,Sawley,gsawley3b@thetimes.co.uk,Female,Ostrowite,2023-03-24,22,74530,Checking
121,121,2024-03-01,Deposit,1456,,Dezhou,Online,Checking,,,Reynolds,BURWIN,rburwin3c@g.co,Male,Covão da Carvalha,2022-01-14,27,118019,Checking
122,122,2023-09-04,Deposit,2237,,Bayaguana,Online,Checking,,,Bryn,Smieton,bsmieton3d@instagram.com,Male,Igbeti,2021-02-13,30,44726,Checking
123,123,2023-07-12,Deposit,1720,,Gaoling,ATM,Checking,,,Jereme,MacDermot,jmacdermot3e@smh.com.au,Male,Antigonish,2020-01-10,24,53197,Checking
124,124,2022-11-13,Transfer,3119,,Huacrapuquio,ATM,Checking,,,Daphne,Marwick,dmarwick3f@tamu.edu,Female,Karsin,2020-08-22,23,40096,Both
125,125,2024-12-17,Transfer,707,,Liminka,ATM,Checking,,,Gwendolin,Yakushkin,gyakushkin3g@zdnet.com,Female,Fukura,2024-03-21,32,33548,Savings
126,126,2024-08-29,Deposit,3161,,El Carmen,ATM,Checking,,,Jacky,Wanklin,jwanklin3h@latimes.com,Female,Gongchenqiao,2022-08-27,64,101804,Savings
127,127,2023-01-17,Transfer,1771,,Cértegui,Online,Checking,,,Jessamyn,Martschke,jmartschke3i@goo.ne.jp,Female,Fujinomiya,2015-01-23,53,30554,Both
128,128,2022-01-02,Deposit,1616,,Ćićevac,Branch,Checking,,,Ettie,Swales,eswales3j@nydailynews.com,Female,Kępno,2024-10-10,72,80622,Savings
129,129,2023-09-02,Transfer,2826,,Al Madān,ATM,Checking,,,Taddeo,Longley,tlongley3k@biblegateway.com,Male,Kovrov,2020-01-23,21,65261,Checking
130,130,2024-12-15,Deposit,1824,,Katori-shi,ATM,Checking,,,Gregor,Delnevo,gdelnevo3l@hibu.com,Male,Mubo,2015-12-03,36,143901,Savings
131,131,2023-04-13,Deposit,4398,,Krousón,Branch,Checking,,,Fran,Elcombe,felcombe3m@gmpg.org,Male,Seke,2023-08-14,19,130778,Savings
132,132,2024-05-11,Deposit,4497,,Trinity,Online,Checking,,,Sallee,Friedenbach,sfriedenbach3n@blogspot.com,Female,Sobral,2016-04-23,21,32276,Checking
133,133,2024-03-27,Transfer,4622,,Itaperuçu,ATM,Checking,,,Madalyn,Huyton,mhuyton3o@statcounter.com,Female,Milówka,2015-06-13,24,84105,Savings
134,134,2024-04-16,Transfer,3604,,Неготино,Branch,Checking,,,Bartolomeo,Usmar,busmar3p@fema.gov,Male,Ujmisht,2020-08-10,18,121170,Both
135,135,2024-08-28,Deposit,1754,,Sannois,ATM,Checking,,,Minny,Rickeard,mrickeard3q@chronoengine.com,Female,Cahul,2020-04-22,48,83395,Checking
136,136,2024-02-24,Transfer,3563,,Chaloem Phra Kiat,Online,Checking,,,Rabbi,Beacom,rbeacom3r@samsung.com,Male,Tlumačov,2016-01-28,53,86206,Checking
137,137,2022-03-16,Deposit,2893,,Bošovice,Online,Checking,,,Meier,Joselson,mjoselson3s@godaddy.com,Male,Anwen,2023-08-17,58,119107,Savings
138,138,2024-11-20,Deposit,4094,,San Vicente,Branch,Checking,,,Winonah,O' Reagan,woreagan3t@slate.com,Female,Néa Ankhíalos,2016-08-04,39,126402,Both
139,139,2022-02-23,Withdrawal,2747,,Hedi,ATM,Checking,,,Clarence,Milton-White,cmiltonwhite3u@google.co.jp,Male,Bang Lamung,2015-03-03,71,147095,Savings
140,140,2022-10-08,Withdrawal,3696,,Choca do Mar,Online,Checking,,,Nancee,Marriage,nmarriage3v@ft.com,Genderfluid,Potou,2022-12-08,54,59413,Savings
141,141,2024-06-13,Deposit,2684,,Prince Edward,ATM,Checking,,,Early,Spraging,espraging3w@gizmodo.com,Male,Matanog,2017-07-24,56,52822,Both
142,142,2023-04-29,Transfer,787,,Wasogolo,ATM,Checking,,,Terrie,Udden,tudden3x@booking.com,Female,Haiyang,2023-02-23,53,75718,Both
143,143,2024-03-27,Deposit,20,,Nikísiani,Online,Checking,,,Damian,Cozens,dcozens3y@earthlink.net,Male,Doloon,2017-11-07,71,78311,Savings
144,144,2022-11-08,Transfer,2707,,Pittsburgh,Branch,Checking,,,Hunter,Frandsen,hfrandsen3z@360.cn,Male,Touama,2015-01-20,46,44688,Savings
145,145,2024-06-16,Transfer,2201,,Road Town,Branch,Checking,,,Teddy,Dauney,tdauney40@scientificamerican.com,Female,Nalsian Norte,2021-10-11,27,83665,Savings
146,146,2022-02-20,Deposit,4525,,Sanya,Online,Checking,,,Hunfredo,Kitt,hkitt41@issuu.com,Male,Beaverton,2015-04-01,49,114437,Checking
147,147,2022-06-10,Withdrawal,1820,,Menlou’ao,ATM,Checking,,,Andrea,Heakey,aheakey42@altervista.org,Male,Fucheng,2015-09-07,31,117606,Checking
148,148,2022-08-06,Deposit,3353,,Roma,ATM,Checking,,,Cullan,Nutbean,cnutbean43@ameblo.jp,Male,Opařany,2017-03-12,66,91376,Checking
149,149,2024-01-08,Deposit,4994,,Leigu,Branch,Checking,,,Ethelind,Agass,eagass44@infoseek.co.jp,Bigender,Youngstown,2022-07-05,57,87205,Checking
150,150,2022-11-22,Transfer,2291,,Luzern,ATM,Checking,,,Phylys,Capp,pcapp45@ftc.gov,Polygender,Quípama,2015-10-22,67,98518,Savings
151,151,2024-01-10,Deposit,2039,,Konibodom,ATM,Checking,,,Osmund,Passey,opassey46@51.la,Male,Tandil,2023-11-19,74,117457,Both
152,152,2022-11-06,Transfer,2831,,Pijao,Online,Checking,,,Nara,Brick,nbrick47@1688.com,Female,Pirajuí,2015-07-29,59,106089,Both
153,153,2024-07-21,Transfer,4577,,Puget-sur-Argens,ATM,Checking,,,Bobbie,Sprowle,bsprowle48@upenn.edu,Male,Nowy Dwór Mazowiecki,2016-09-13,37,136552,Checking
154,154,2024-11-19,Withdrawal,4581,,An Châu,ATM,Checking,,,Anabelle,McGlew,amcglew49@reverbnation.com,Female,Sabang,2018-11-08,53,94571,Both
155,155,2023-03-09,Transfer,230,,Memphis,Branch,Checking,,,Maridel,Estrella,mestrella4a@unc.edu,Female,Bulqizë,2015-11-07,57,34874,Checking
156,156,2024-11-03,Transfer,3127,,Ibiúna,ATM,Checking,,,Wilbert,Neames,wneames4b@ycombinator.com,Male,Gongdao,2018-04-01,34,118935,Checking
157,157,2024-09-08,Deposit,3734,,Helong,Branch,Checking,,,Kean,Grabiec,kgrabiec4c@google.es,Male,Bāqim as Sūq,2016-06-30,19,102911,Savings
158,158,2023-04-27,Deposit,1706,,Salem,Online,Checking,,,Katherine,Ramalhete,kramalhete4d@blogspot.com,Female,Kotlyarevskaya,2020-05-31,22,75945,Both
159,159,2023-06-18,Withdrawal,4859,,Hicksville,Online,Checking,,,Edan,Carluccio,ecarluccio4e@networkadvertising.org,Male,Cosmópolis,2022-01-09,38,100657,Both
160,160,2024-11-08,Transfer,2140,,Fangxian,Branch,Checking,,,Andeee,Rhydderch,arhydderch4f@ucoz.ru,Female,Alameda,2019-10-30,22,37040,Checking
161,161,2024-11-10,Transfer,2384,,Derbent,Branch,Checking,,,Nickola,Sparsholt,nsparsholt4g@shinystat.com,Male,Xiongji,2022-05-21,22,126450,Checking
162,162,2022-10-28,Deposit,3576,,Mýrina,Online,Checking,,,Merlina,Jira,mjira4h@google.pl,Genderfluid,Sukasari,2018-06-16,29,81621,Checking
163,163,2024-08-21,Withdrawal,3659,,Saransk,Online,Checking,,,Dunn,Slidders,dslidders4i@flickr.com,Male,Santa Rosa de Viterbo,2024-11-10,74,132253,Both
164,164,2024-02-24,Withdrawal,3723,,Sukorejo,ATM,Checking,,,Artie,Sterte,asterte4j@g.co,Male,Sambong,2016-07-20,29,78063,Both
165,165,2022-04-03,Withdrawal,2004,,Hongshi,Online,Checking,,,Ware,Tranckle,wtranckle4k@omniture.com,Male,Greater Napanee,2015-09-25,66,46680,Savings
166,166,2023-12-09,Deposit,327,,Miaoling,ATM,Checking,,,Caro,Graves,cgraves4l@ucsd.edu,Female,Lapuan,2021-08-12,45,36848,Savings
167,167,2024-04-07,Deposit,3920,,Sattahip,Branch,Checking,,,Genovera,Batch,gbatch4m@xing.com,Female,Pandanwangi,2016-12-28,64,98542,Savings
168,168,2024-01-11,Deposit,1433,,Muñoz East,ATM,Checking,,,Arv,Rait,arait4n@vk.com,Male,Kuala Lumpur,2024-05-06,24,105415,Both
169,169,2022-09-03,Withdrawal,203,,Boyeros,Branch,Checking,,,Darby,Yates,dyates4o@google.nl,Male,Huanipaca,2018-09-09,51,64641,Savings
170,170,2022-02-19,Withdrawal,2776,,Verin Artashat,Online,Checking,,,Stephanie,Jelley,sjelley4p@imageshack.us,Genderfluid,Qiashui,2022-07-20,59,118984,Savings
171,171,2024-08-12,Transfer,3945,,Kindu,Branch,Checking,,,Linnell,Falls,lfalls4q@1und1.de,Female,Pombal,2020-04-28,65,67710,Savings
172,172,2023-07-28,Deposit,378,,Huangban,Online,Checking,,,Andie,Stammer,astammer4r@vinaora.com,Male,Yaodu,2023-07-11,70,68726,Checking
173,173,2022-03-12,Deposit,4983,,Wootton,Online,Checking,,,Amandy,Sholem,asholem4s@reference.com,Female,Río Grande,2017-08-03,47,61623,Savings
174,174,2024-01-31,Deposit,4797,,Verkhnya Rozhanka,Branch,Checking,,,Alejoa,O'Cannavan,aocannavan4t@is.gd,Genderfluid,Casal Velho,2018-03-15,41,50865,Checking
175,175,2023-10-15,Deposit,2074,,Wulan,ATM,Checking,,,Neville,Massingham,nmassingham4u@nps.gov,Male,Gandusari,2023-10-27,26,94725,Savings
176,176,2024-05-27,Transfer,3497,,Lusacan,ATM,Checking,,,Willis,Falkous,wfalkous4v@businessinsider.com,Male,Ransang,2019-02-07,19,58898,Both
177,177,2023-02-04,Withdrawal,3322,,Rubio,Online,Checking,,,Cletis,Chavez,cchavez4w@plala.or.jp,Male,Tianzhu,2016-08-18,48,148471,Savings
178,178,2022-10-26,Transfer,1396,,Tianxing,ATM,Checking,,,Stefanie,Lerego,slerego4x@mail.ru,Female,Chincha Baja,2020-02-18,64,129784,Both
179,179,2022-03-14,Withdrawal,4038,,Talagante,Online,Checking,,,Hastie,Ruxton,hruxton4y@smugmug.com,Male,Ban Nahin,2015-09-04,50,121558,Both
180,180,2024-02-07,Withdrawal,166,,Gal’bshtadt,Online,Checking,,,Ansley,Getch,agetch4z@freewebs.com,Female,Qianpai,2021-09-03,48,94399,Both
181,181,2023-06-07,Deposit,3263,,Karlovy Vary,Branch,Checking,,,Hart,Edmed,hedmed50@skyrock.com,Male,Lotoshino,2017-08-22,33,72210,Savings
182,182,2024-10-31,Transfer,1429,,Bakaran Kulon,ATM,Checking,,,Tobie,Farish,tfarish51@amazon.com,Agender,Chengcun,2021-09-01,34,108467,Checking
183,183,2022-10-12,Withdrawal,366,,Camaligan,Branch,Checking,,,Zahara,Timperley,ztimperley52@printfriendly.com,Genderfluid,Kil,2016-04-17,42,77711,Savings
184,184,2023-06-12,Transfer,4713,,Chantepie,Online,Checking,,,Francesco,Marieton,fmarieton53@harvard.edu,Male,Daja,2017-05-14,57,31620,Checking
185,185,2023-12-04,Transfer,677,,Fengyi,ATM,Checking,,,Bert,Clery,bclery54@time.com,Male,Shnogh,2018-05-12,58,96253,Savings
186,186,2023-03-31,Withdrawal,763,,Xipi,Online,Checking,,,Van,Fenney,vfenney55@vk.com,Bigender,San José de Jáchal,2018-11-07,21,46129,Both
187,187,2022-05-31,Deposit,3094,,Chanika,Online,Checking,,,Paddie,Marvell,pmarvell56@ca.gov,Male,Oshnavīyeh,2020-09-13,73,98972,Checking
188,188,2024-02-12,Withdrawal,293,,Hexi,Online,Checking,,,Kali,Wem,kwem57@google.co.uk,Female,Krasnokumskoye,2018-01-11,55,133741,Checking
189,189,2023-04-23,Transfer,4453,,Mariestad,Branch,Checking,,,Dicky,Beharrell,dbeharrell58@mtv.com,Male,Luodian,2015-10-19,55,123288,Savings
190,190,2024-08-09,Deposit,417,,Kukichūō,Branch,Checking,,,Lona,Giacomoni,lgiacomoni59@answers.com,Female,Būlaevo,2020-05-14,68,137234,Checking
191,191,2024-04-19,Withdrawal,4393,,Talacogon,Branch,Checking,,,Obadiah,Rubinfeld,orubinfeld5a@mapy.cz,Genderqueer,Prado,2018-10-30,61,73156,Both
192,192,2024-08-03,Deposit,4215,,Baishi,Online,Checking,,,Lois,Brisco,lbrisco5b@soundcloud.com,Female,Xiaochengzi,2024-01-22,24,70032,Savings
193,193,2024-12-04,Withdrawal,3963,,Presidente Epitácio,Online,Checking,,,Reginald,Perin,rperin5c@yahoo.com,Male,Nova Praha,2018-08-21,24,74818,Savings
194,194,2023-12-04,Transfer,1938,,Shentang,Online,Checking,,,Tessy,Lithcow,tlithcow5d@1688.com,Genderfluid,Västerås,2016-08-02,32,120165,Both
195,195,2023-05-01,Deposit,3909,,Boston,Branch,Checking,,,Cathlene,Meiningen,cmeiningen5e@census.gov,Female,Lianran,2017-03-16,36,117112,Savings
196,196,2024-11-08,Deposit,4942,,Obando,Branch,Checking,,,Dell,Bramelt,dbramelt5f@vk.com,Female,Bovec,2021-10-02,39,125292,Both
197,197,2022-06-17,Deposit,4522,,Novhorodka,Branch,Checking,,,Dominic,Eastcourt,deastcourt5g@sitemeter.com,Male,Salavan,2016-10-09,32,85199,Savings
198,198,2024-11-02,Transfer,2997,,Östhammar,ATM,Checking,,,Winthrop,Dolby,wdolby5h@naver.com,Male,Bombarral,2023-05-01,18,55016,Checking
199,199,2022-11-17,Transfer,1132,,Thị Trấn Mường Lát,Online,Checking,,,Yorker,Clayhill,yclayhill5i@addthis.com,Polygender,Muroran,2022-11-01,42,112975,Checking
200,200,2022-02-27,Deposit,4959,,Ban Phan Don,Branch,Checking,,,Ingamar,Guitton,iguitton5j@baidu.com,Male,Orël,2019-05-23,26,70876,Both
201,201,2022-07-26,Transfer,103,,Nakhon Pathom,Online,Checking,,,Sephira,Kemster,skemster5k@guardian.co.uk,Genderfluid,Moutnice,2024-08-07,54,129649,Both
202,202,2023-11-07,Withdrawal,4328,,Askaniya Nova,ATM,Checking,,,Drake,Faltin,dfaltin5l@businessinsider.com,Male,Askim,2022-03-17,23,59728,Both
203,203,2024-07-14,Deposit,1347,,Imbituva,Online,Checking,,,Celinda,Canet,ccanet5m@wiley.com,Female,Mingyue,2017-11-10,40,123684,Both
204,204,2024-09-18,Withdrawal,4408,,Impalutao,Branch,Checking,,,Isidor,Farquar,ifarquar5n@cloudflare.com,Male,Huangshan,2016-04-25,73,108223,Checking
205,205,2022-08-01,Transfer,740,,Batubantar,Branch,Checking,,,Halli,Sjollema,hsjollema5o@google.cn,Female,Lere,2022-07-12,50,38207,Savings
206,206,2022-09-27,Deposit,54,,Heqiao,Branch,Checking,,,Gay,Ruddiforth,gruddiforth5p@example.com,Female,Avignon,2015-10-14,33,40264,Savings
207,207,2023-03-16,Transfer,2818,,Bromma,ATM,Checking,,,Walt,Stoneman,wstoneman5q@wufoo.com,Male,Burträsk,2015-04-29,35,67305,Both
208,208,2022-01-20,Withdrawal,2902,,Sukomulyo,ATM,Checking,,,Otis,Jacobson,ojacobson5r@goo.gl,Male,Trollhättan,2022-01-30,22,115190,Checking
209,209,2024-03-17,Deposit,2917,,Hongtang,Branch,Checking,,,Alayne,Bonifazio,abonifazio5s@instagram.com,Female,Dongxin,2016-10-01,69,33880,Checking
210,210,2022-04-08,Deposit,3891,,Beizhuang,ATM,Checking,,,Mallorie,Ripley,mripley5t@guardian.co.uk,Female,Józefów,2022-01-05,25,87919,Checking
211,211,2022-05-05,Withdrawal,2890,,Guinoaliuan,Online,Checking,,,Bord,Tupie,btupie5u@ycombinator.com,Male,Zhougang,2021-11-10,75,76660,Checking
212,212,2024-10-15,Withdrawal,396,,Jixin,Branch,Checking,,,Courtnay,Resdale,cresdale5v@alibaba.com,Female,Hoçisht,2024-06-06,57,71963,Checking
213,213,2024-05-08,Deposit,3532,,Maiac,ATM,Checking,,,Bil,Edwick,bedwick5w@mashable.com,Male,Pushkino,2023-05-11,34,77701,Both
214,214,2022-08-01,Transfer,635,,Sydney,Branch,Checking,,,Barbara,Siuda,bsiuda5x@simplemachines.org,Female,Mintang,2019-11-26,19,88945,Both
215,215,2022-09-22,Transfer,245,,Church End,ATM,Checking,,,Ruby,Paladini,rpaladini5y@webs.com,Male,Yaguachi Nuevo,2023-11-21,34,81693,Both
216,216,2024-08-18,Deposit,166,,Tsetsegnuur,Branch,Checking,,,Jody,Dablin,jdablin5z@wordpress.com,Male,Helsingborg,2016-11-17,42,85851,Checking
217,217,2024-08-02,Deposit,2598,,Cibolang,Branch,Checking,,,Slade,Polleye,spolleye60@4shared.com,Male,Kilifarevo,2023-09-09,51,75167,Both
218,218,2022-04-25,Withdrawal,1655,,Abashiri,Branch,Checking,,,Anastassia,Shearer,ashearer61@wufoo.com,Female,Jagupit,2022-01-31,19,117415,Savings
219,219,2022-04-09,Transfer,1912,,Olutanga,Branch,Checking,,,Ellyn,Gehricke,egehricke62@goo.gl,Polygender,Kendalngupuk,2017-08-20,53,33085,Both
220,220,2024-01-16,Deposit,1666,,Gamping Lor,Online,Checking,,,Josephine,Vasilyevski,jvasilyevski63@cpanel.net,Female,Pingxiang,2023-10-20,23,44334,Checking
221,221,2023-04-28,Deposit,1917,,Gostyń,Branch,Checking,,,Waring,Boyes,wboyes64@pen.io,Male,Santa Rosa,2020-08-14,50,118380,Savings
222,222,2024-05-02,Withdrawal,4386,,Nggesa,Branch,Checking,,,Brien,Cluse,bcluse65@networkadvertising.org,Male,Venda,2023-09-07,21,32502,Savings
223,223,2024-08-13,Deposit,2484,,Vodyane,ATM,Checking,,,Aline,Corrington,acorrington66@1688.com,Female,Shishi,2016-07-09,62,146030,Savings
224,224,2023-05-17,Withdrawal,2809,,Fukuyama,ATM,Checking,,,Carrie,Harbisher,charbisher67@topsy.com,Female,Tembladera,2017-12-15,21,109871,Savings
225,225,2022-11-07,Deposit,4607,,Majie,ATM,Checking,,,Chickie,Darrigoe,cdarrigoe68@parallels.com,Female,Saukkola,2024-08-19,68,112066,Savings
226,226,2023-06-08,Transfer,1601,,Lop,ATM,Checking,,,Sancho,Waterstone,swaterstone69@apple.com,Male,Dongxi,2016-10-07,74,141198,Savings
227,227,2023-03-22,Deposit,4787,,Baimiao,ATM,Checking,,,Sig,Oldmeadow,soldmeadow6a@miibeian.gov.cn,Male,Rawuk,2023-02-19,42,43998,Checking
228,228,2023-06-23,Transfer,3909,,Parang,Branch,Checking,,,Diane-marie,Swynfen,dswynfen6b@webs.com,Female,Yigo Village,2016-07-07,60,130640,Checking
229,229,2023-10-26,Transfer,1942,,Kamenjane,ATM,Checking,,,Gertrude,Di Lucia,gdilucia6c@mapquest.com,Female,Guanabacoa,2023-04-13,19,47137,Both
230,230,2023-02-21,Withdrawal,71,,Neskaupstaður,Branch,Checking,,,Elka,Lafoy,elafoy6d@independent.co.uk,Female,Zhamao,2022-12-23,23,88653,Savings
231,231,2023-10-05,Transfer,3089,,Huyu,Branch,Checking,,,Phylis,Habbershon,phabbershon6e@wisc.edu,Bigender,Monkstown,2021-12-25,60,138759,Savings
232,232,2023-11-29,Withdrawal,3411,,Abonnema,ATM,Checking,,,Faun,Dinneen,fdinneen6f@dedecms.com,Female,Zhongling,2015-06-28,30,92329,Savings
233,233,2022-08-06,Deposit,4792,,Dihtyari,Branch,Checking,,,Sol,Kondratenko,skondratenko6g@aboutads.info,Male,Concordia,2024-06-07,47,43626,Checking
234,234,2023-05-03,Deposit,2264,,São Bento,Branch,Checking,,,Judah,Curwen,jcurwen6h@live.com,Male,Tutayev,2016-05-30,31,30548,Savings
235,235,2024-03-04,Transfer,3690,,Tongkiling,Branch,Checking,,,Lancelot,Turnell,lturnell6i@yelp.com,Male,Kaputian,2016-08-21,51,31788,Savings
236,236,2022-08-23,Transfer,3209,,Rrapë,Branch,Checking,,,Bryan,Hargey,bhargey6j@dmoz.org,Male,Fengyi,2015-03-21,51,45781,Savings
237,237,2024-02-01,Withdrawal,2246,,Mahdishahr,Branch,Checking,,,Sam,Serridge,sserridge6k@g.co,Male,Honolulu,2015-01-23,18,123436,Savings
238,238,2022-05-18,Transfer,4236,,Amsterdam Binnenstad en Oostelijk Havengebied,Branch,Checking,,,Derron,Freshwater,dfreshwater6l@sina.com.cn,Male,Balong,2017-08-31,37,131639,Savings
239,239,2024-12-06,Deposit,961,,Pitanga,ATM,Checking,,,Elsie,Alloisi,ealloisi6m@weather.com,Female,Itupiranga,2018-02-27,62,61197,Savings
240,240,2022-07-23,Withdrawal,415,,Hitoyoshi,ATM,Checking,,,Drusie,Queripel,dqueripel6n@netvibes.com,Genderqueer,Hidalgo,2018-06-11,36,69307,Checking
241,241,2022-08-04,Deposit,556,,Babice,Online,Checking,,,Kylynn,Fleming,kfleming6o@odnoklassniki.ru,Female,Nantes,2024-01-11,72,133022,Checking
242,242,2024-11-10,Deposit,4014,,Shipaidong,Branch,Checking,,,Kirby,Dargie,kdargie6p@army.mil,Genderfluid,Bhopālwāla,2019-06-08,52,68251,Both
243,243,2022-05-29,Withdrawal,594,,Tilburg,ATM,Checking,,,Thaddus,Pascho,tpascho6q@naver.com,Male,Adani,2021-08-05,43,96441,Checking
244,244,2024-07-24,Withdrawal,4877,,Podedwórze,ATM,Checking,,,Dennie,Hymor,dhymor6r@businesswire.com,Male,Jagupit,2023-01-22,46,133882,Both
245,245,2024-06-07,Deposit,1468,,Krasnoye,Branch,Checking,,,Shem,Danbury,sdanbury6s@ox.ac.uk,Genderfluid,Al Kiswah,2016-06-12,40,77576,Both
246,246,2023-11-04,Withdrawal,3851,,Conchal,Branch,Checking,,,Juliette,Tutin,jtutin6t@twitpic.com,Female,Rozhdestveno,2017-07-08,37,149960,Both
247,247,2022-04-01,Withdrawal,4890,,Saint-Lambert-de-Lauzon,Branch,Checking,,,Queenie,Joscelyn,qjoscelyn6u@wsj.com,Female,Merida,2016-11-06,33,100263,Savings
248,248,2023-07-14,Deposit,2648,,Compiègne,Online,Checking,,,Angus,Bloss,abloss6v@bing.com,Male,Karatsu,2021-12-07,33,82535,Both
249,249,2023-01-04,Transfer,3782,,Magdalena,Online,Checking,,,Donn,Walder,dwalder6w@skype.com,Male,Kalandagan,2017-01-14,54,90359,Checking
250,250,2022-12-21,Withdrawal,465,,Lat Lum Kaeo,Branch,Checking,,,Lalo,Fay,lfay6x@disqus.com,Male,Torzhok,2020-01-11,29,58355,Both
251,251,2022-08-09,Withdrawal,4575,,Suresnes,ATM,Checking,,,Juline,Loffill,jloffill6y@rakuten.co.jp,Genderqueer,Kota Kinabalu,2016-04-24,66,149396,Savings
252,252,2022-08-17,Transfer,3653,,Hualin,Branch,Checking,,,Moritz,Hardson,mhardson6z@imdb.com,Male,Simpang,2018-09-14,49,142835,Checking
253,253,2022-01-16,Deposit,2547,,Jeonju,ATM,Checking,,,Hermie,Boscher,hboscher70@si.edu,Male,Jianshe,2022-10-29,25,145120,Savings
254,254,2024-03-13,Transfer,383,,Tigpalay,Branch,Checking,,,Katherine,Aujean,kaujean71@smugmug.com,Female,Hushi,2015-07-12,24,133380,Savings
255,255,2023-05-02,Withdrawal,2114,,General Vedia,Online,Checking,,,Ralina,Relph,rrelph72@shareasale.com,Female,Nangewer,2023-07-06,75,79883,Savings
256,256,2024-11-18,Deposit,2464,,Bayt Ūlā,Online,Checking,,,Garvin,McLelland,gmclelland73@storify.com,Male,Zlatograd,2024-05-13,32,84046,Both
257,257,2024-06-08,Transfer,3990,,Zákynthos,ATM,Checking,,,Fair,Lytell,flytell74@businessinsider.com,Male,Zhouxi,2023-06-24,33,106103,Both
258,258,2023-12-25,Deposit,1308,,Montinho,Branch,Checking,,,Ray,Batrip,rbatrip75@ovh.net,Female,Nanxing,2020-05-05,66,131525,Both
259,259,2022-09-24,Withdrawal,62,,Venëv,ATM,Checking,,,Cissiee,Skeldon,cskeldon76@ted.com,Female,Drakhtik,2015-04-01,25,89930,Both
260,260,2024-09-22,Withdrawal,3058,,Vorontsovka,Online,Checking,,,Desdemona,Tovey,dtovey77@w3.org,Genderqueer,Kayima,2018-03-02,72,99689,Both
261,261,2024-12-22,Withdrawal,2132,,Ryazhsk,Online,Checking,,,Isaac,Bescoby,ibescoby78@deviantart.com,Male,Shchelkovo,2017-09-28,24,59712,Savings
262,262,2023-05-30,Transfer,3043,,Elassóna,Branch,Checking,,,Kip,Durand,kdurand79@netvibes.com,Female,Okocim,2017-02-10,18,41125,Both
263,263,2024-01-23,Transfer,2033,,Obsza,Branch,Checking,,,Bettye,Mutter,bmutter7a@cornell.edu,Female,Stockholm,2022-05-18,27,67555,Checking
264,264,2024-05-31,Withdrawal,711,,Bla,ATM,Checking,,,Jammal,Morten,jmorten7b@nydailynews.com,Male,Kronshtadt,2023-11-22,51,45070,Savings
265,265,2024-03-07,Deposit,372,,Takai,ATM,Checking,,,Clay,Wanstall,cwanstall7c@uol.com.br,Male,Le Kremlin-Bicêtre,2016-08-30,58,129714,Both
266,266,2024-03-16,Deposit,1539,,Sámi,ATM,Checking,,,Benny,Leggitt,bleggitt7d@baidu.com,Male,Minshan,2020-03-06,50,41155,Checking
267,267,2024-10-19,Withdrawal,3117,,Muyinga,Branch,Checking,,,Jabez,Hagergham,jhagergham7e@nps.gov,Male,Nantes,2021-02-08,58,139207,Savings
268,268,2024-02-29,Deposit,94,,Münster,Branch,Checking,,,Maje,Elstone,melstone7f@ebay.co.uk,Male,Karadaglije,2016-10-23,34,37197,Savings
269,269,2022-01-28,Transfer,1196,,San Ramon,Branch,Checking,,,Alexis,Dilland,adilland7g@noaa.gov,Male,Sankui,2022-12-14,47,124123,Checking
270,270,2022-10-30,Transfer,3393,,Xindai,ATM,Checking,,,Tandy,Kraft,tkraft7h@unicef.org,Female,Muke,2023-03-13,20,84795,Checking
271,271,2023-11-24,Withdrawal,2572,,Gēdo,ATM,Checking,,,Jillana,Hadleigh,jhadleigh7i@state.gov,Female,Jönköping,2019-09-29,56,76936,Savings
272,272,2023-07-09,Withdrawal,91,,Lüyang,Online,Checking,,,Carrie,Gerholz,cgerholz7j@dmoz.org,Non-binary,Lodan Wetan,2015-09-27,21,130686,Checking
273,273,2022-04-09,Withdrawal,3643,,Nangerang,Online,Checking,,,Fremont,Sex,fsex7k@ebay.com,Agender,Barreiras,2024-12-26,66,37884,Checking
274,274,2024-07-09,Transfer,2889,,Vale das Mós,Online,Checking,,,Thaddeus,Tryme,ttryme7l@storify.com,Male,Fukumitsu,2019-09-01,67,95900,Both
275,275,2024-12-31,Deposit,1661,,Catac,ATM,Checking,,,Rochella,Fanton,rfanton7m@printfriendly.com,Female,Izumi,2015-03-29,73,112408,Checking
276,276,2022-11-05,Withdrawal,600,,Saraburi,Branch,Checking,,,Mahmud,Crombleholme,mcrombleholme7n@indiatimes.com,Male,Nicosia,2021-09-27,64,32579,Checking
277,277,2024-09-15,Deposit,4514,,Malhiao,Branch,Checking,,,Balduin,Aronovich,baronovich7o@ocn.ne.jp,Male,Huangpu,2021-01-28,29,100781,Checking
278,278,2023-12-22,Transfer,2932,,Baykalovo,ATM,Checking,,,Haslett,Biddy,hbiddy7p@nasa.gov,Male,Oemollo,2018-01-05,31,107905,Both
279,279,2023-03-19,Transfer,3945,,Dongfeng,ATM,Checking,,,Horatius,Aloway,haloway7q@phpbb.com,Male,Pasirpanjang,2024-05-28,30,84045,Savings
280,280,2022-09-11,Transfer,2568,,Ashtarak,Branch,Checking,,,Lucho,Henbury,lhenbury7r@fastcompany.com,Male,Vincennes,2021-04-02,26,107807,Savings
281,281,2024-01-29,Deposit,4936,,Stakhanov,Branch,Checking,,,Margaret,Abbotts,mabbotts7s@usnews.com,Female,Papeete,2020-01-20,22,42206,Checking
282,282,2022-06-06,Withdrawal,2402,,Wangdun,Online,Checking,,,Karleen,Chalfain,kchalfain7t@comsenz.com,Female,Badar,2015-01-22,40,57779,Checking
283,283,2023-12-31,Withdrawal,4051,,Galovac,Online,Checking,,,Henryetta,Durrell,hdurrell7u@google.com.au,Female,Hāsilpur,2020-04-07,23,76586,Both
284,284,2022-01-28,Deposit,4910,,Phúc Yên,Branch,Checking,,,Emmott,Kobpa,ekobpa7v@nytimes.com,Polygender,Kukulu,2019-08-08,53,98617,Checking
285,285,2023-12-23,Deposit,1229,,Chicacao,Branch,Checking,,,Ricki,Pincked,rpincked7w@huffingtonpost.com,Agender,Sundsvall,2020-09-04,34,59407,Checking
286,286,2023-01-10,Withdrawal,1339,,Tampa,Online,Checking,,,Josiah,Jope,jjope7x@mapquest.com,Male,Tall Tamr,2020-11-18,73,149216,Savings
287,287,2022-07-10,Transfer,425,,Hurghada,ATM,Checking,,,Carina,Greeves,cgreeves7y@fema.gov,Female,Kharkhorin,2017-11-23,68,148968,Both
288,288,2024-08-25,Transfer,54,,Eṭ Ṭaiyiba,ATM,Checking,,,Liza,Auger,lauger7z@lycos.com,Female,Martyush,2022-05-23,29,97447,Savings
289,289,2024-08-19,Withdrawal,4528,,San Pedro,ATM,Checking,,,Toiboid,Huetson,thuetson80@jugem.jp,Male,Dzhalilabad,2022-10-26,75,90822,Both
290,290,2024-09-28,Withdrawal,4817,,Hegeng,Online,Checking,,,Abagael,Dmitrievski,admitrievski81@microsoft.com,Female,Zhongjiapu,2022-04-08,19,112208,Savings
291,291,2024-03-12,Withdrawal,4572,,Chociwel,Branch,Checking,,,Arabella,Astlet,aastlet82@slideshare.net,Female,Banes,2020-12-05,74,37820,Checking
292,292,2024-02-08,Deposit,219,,Nantes,Online,Checking,,,Darb,Splevins,dsplevins83@google.es,Male,Cachadinha,2017-04-25,47,129424,Checking
293,293,2022-01-09,Transfer,3296,,Porangatu,Branch,Checking,,,Larisa,Dallender,ldallender84@usa.gov,Female,Ad Dīs ash Sharqīyah,2017-10-24,74,35967,Savings
294,294,2024-09-11,Deposit,4500,,Waterbury,ATM,Checking,,,Lissie,Treneman,ltreneman85@pinterest.com,Female,Zavet,2018-11-02,72,141740,Both
295,295,2023-03-04,Withdrawal,1165,,Lianjiangkou,Online,Checking,,,Violante,Janaszewski,vjanaszewski86@oakley.com,Female,Libenge,2018-08-11,66,113275,Savings
296,296,2022-09-01,Deposit,949,,Barvinkove,Online,Checking,,,Seth,Kubicka,skubicka87@cdc.gov,Male,Tiztoutine,2020-05-26,45,43660,Savings
297,297,2023-06-13,Transfer,4983,,Nicoya,Online,Checking,,,Zena,Stapylton,zstapylton88@wisc.edu,Female,Bihać,2015-11-23,37,94083,Both
298,298,2023-01-01,Withdrawal,1611,,Evansville,Branch,Checking,,,Felita,Whipple,fwhipple89@feedburner.com,Female,Pyhäjoki,2020-12-17,63,105433,Checking
299,299,2022-09-23,Transfer,439,,Zhouyuan,Branch,Checking,,,Ian,Cathel,icathel8a@cnn.com,Male,El Suyatal,2024-07-26,68,98895,Both
300,300,2022-08-14,Transfer,4439,,20 de Noviembre,Branch,Checking,,,Josh,Shergill,jshergill8b@ted.com,Male,Guernica,2023-08-31,57,75135,Savings
301,301,2024-06-13,Withdrawal,4609,,Fuyong,Branch,Checking,,,Jaine,Quan,jquan8c@histats.com,Female,Xinbao,2015-09-09,19,118463,Savings
302,302,2024-11-12,Transfer,2145,,Yudaikelike,Online,Checking,,,Daron,Ruddock,druddock8d@blogger.com,Male,Chengtou,2020-11-09,71,141820,Checking
303,303,2023-04-19,Deposit,2059,,Ribeira Quente,Branch,Checking,,,Zilvia,Thorneloe,zthorneloe8e@odnoklassniki.ru,Female,Seupakat,2015-07-13,28,64199,Checking
304,304,2024-10-10,Deposit,727,,Ho,Online,Checking,,,Beverley,Sturney,bsturney8f@google.com.hk,Female,Dagestanskiye Ogni,2023-09-28,63,132484,Checking
305,305,2023-08-18,Withdrawal,3454,,Castanheira,Online,Checking,,,Georgetta,Pollie,gpollie8g@flavors.me,Female,Cosmópolis,2015-11-26,60,30213,Both
306,306,2024-09-22,Deposit,4416,,San Francisco de Coray,Branch,Checking,,,Sarine,Ecles,secles8h@joomla.org,Polygender,Kakamega,2020-05-25,24,43391,Both
307,307,2022-12-26,Deposit,806,,Los Rastrojos,ATM,Checking,,,Frederigo,Merrifield,fmerrifield8i@ibm.com,Male,Maishi,2022-08-20,34,60152,Both
308,308,2022-02-26,Withdrawal,1942,,Krajan Bakalan,ATM,Checking,,,Norene,Songist,nsongist8j@unblog.fr,Female,Ciwaru,2020-11-08,71,83813,Checking
309,309,2023-08-24,Withdrawal,2593,,Moganshan,Online,Checking,,,Jamaal,Briereton,jbriereton8k@tamu.edu,Male,Tehrān,2017-11-30,31,113322,Checking
310,310,2023-09-28,Withdrawal,1670,,Biñan,Online,Checking,,,Cobbie,Pennycock,cpennycock8l@bigcartel.com,Male,Colón,2022-07-18,32,39885,Both
311,311,2022-10-04,Deposit,3436,,Bielawa,ATM,Checking,,,Jordain,Flay,jflay8m@npr.org,Female,Gar,2022-07-02,22,42601,Both
312,312,2023-02-01,Withdrawal,452,,São Roque,ATM,Checking,,,Raf,Lammenga,rlammenga8n@seattletimes.com,Female,Cermee,2022-09-12,51,99257,Savings
313,313,2023-11-12,Transfer,4935,,Banyutengah,Online,Checking,,,Rozanne,Bowmaker,rbowmaker8o@yandex.ru,Female,Khon Buri,2024-08-03,59,109839,Checking
314,314,2023-02-04,Transfer,4510,,Hangchuan,Branch,Checking,,,Terry,Buckbee,tbuckbee8p@auda.org.au,Male,Sernancelhe,2022-01-10,72,125479,Savings
315,315,2022-08-27,Withdrawal,1324,,Julayjilah,Branch,Checking,,,Arv,Wentworth,awentworth8q@baidu.com,Male,Wiphawadi,2019-09-13,46,108775,Both
316,316,2024-12-09,Deposit,4299,,Kumanovo,Branch,Checking,,,Jabez,Bowry,jbowry8r@reuters.com,Male,Livadiya,2018-06-22,47,79652,Savings
317,317,2024-12-19,Withdrawal,3073,,Gangshangji,Online,Checking,,,Caitlin,Pettyfer,cpettyfer8s@sitemeter.com,Female,Guiset East,2017-05-07,20,126528,Both
318,318,2023-08-20,Deposit,2561,,Arevashogh,Online,Checking,,,Tyne,Smurthwaite,tsmurthwaite8t@mail.ru,Female,Pukekohe East,2021-02-19,69,96620,Savings
319,319,2024-05-29,Withdrawal,78,,Maroa,ATM,Checking,,,Welbie,Hursey,whursey8u@icio.us,Bigender,Luodong,2021-12-25,19,131102,Both
320,320,2024-05-22,Deposit,4142,,Mayo,Online,Checking,,,Keeley,O'Corrin,kocorrin8v@xrea.com,Female,Zhangzhu,2015-03-23,35,125504,Checking
321,321,2023-09-21,Deposit,4160,,Isla,Branch,Checking,,,Truda,Clifforth,tclifforth8w@hexun.com,Non-binary,Krasiczyn,2017-04-30,61,132575,Savings
322,322,2022-07-30,Deposit,3847,,Calingcing,ATM,Checking,,,Channa,Dinnis,cdinnis8x@thetimes.co.uk,Female,Baoshan,2019-09-22,28,64194,Both
323,323,2023-02-01,Withdrawal,2173,,Kavalerovo,Online,Checking,,,Estella,Christofor,echristofor8y@tinyurl.com,Female,Älvdalen,2020-05-06,72,127458,Checking
324,324,2023-02-21,Withdrawal,2856,,Taunoa,Branch,Checking,,,Hewitt,Asson,hasson8z@netscape.com,Male,Kunheda Woerzu Manzu,2017-01-27,54,54670,Both
325,325,2024-07-21,Withdrawal,2746,,Wenquan,Online,Checking,,,Cayla,Priestnall,cpriestnall90@theatlantic.com,Non-binary,Sérifos,2019-09-28,47,109151,Savings
326,326,2024-01-25,Deposit,1625,,Bin’an,Online,Checking,,,Jean,Surpliss,jsurpliss91@phpbb.com,Male,Chipyela,2020-07-30,73,123216,Checking
327,327,2023-02-27,Withdrawal,4345,,Caijiazha,ATM,Checking,,,Vin,Irlam,virlam92@ucoz.ru,Male,Dresden,2018-03-12,40,79934,Savings
328,328,2022-10-12,Deposit,4406,,Oeleon,Online,Checking,,,Verge,Babbage,vbabbage93@csmonitor.com,Male,Richmond,2022-08-30,48,90227,Checking
329,329,2023-12-25,Transfer,4394,,Pochinki,Online,Checking,,,Ossie,Grimsey,ogrimsey94@wisc.edu,Male,Xinchenglu,2020-11-03,26,103199,Savings
330,330,2023-03-29,Deposit,1294,,Wuluquele,ATM,Checking,,,Bart,Kalinsky,bkalinsky95@example.com,Male,Amiens,2017-11-23,75,32307,Checking
331,331,2022-05-15,Transfer,2228,,Presidente Epitácio,Online,Checking,,,Marlin,Bruckent,mbruckent96@biglobe.ne.jp,Male,Donnacona,2024-02-04,58,70806,Both
332,332,2024-09-10,Deposit,350,,Buerarema,Online,Checking,,,Fanni,Durbann,fdurbann97@baidu.com,Female,Liangshan,2018-02-08,55,130593,Both
333,333,2022-07-28,Withdrawal,4442,,Zhongxin,ATM,Checking,,,Arni,Ubsdall,aubsdall98@tinypic.com,Male,Delanggu,2016-04-15,53,65962,Savings
334,334,2022-06-29,Withdrawal,3081,,San Jose del Monte,Online,Checking,,,Abbe,Spurrior,aspurrior99@qq.com,Male,Xiaomiaozi,2024-02-12,24,112177,Checking
335,335,2023-05-29,Transfer,1172,,Maqiu,Online,Checking,,,Koenraad,Rustan,krustan9a@plala.or.jp,Male,Randusari,2016-10-05,35,144237,Both
336,336,2023-07-30,Deposit,4970,,Ngorongoro,Online,Checking,,,Hans,Cawse,hcawse9b@ted.com,Male,Olovyannaya,2016-03-05,54,143558,Checking
337,337,2023-02-11,Withdrawal,638,,San Mateo,ATM,Checking,,,Verge,Boorman,vboorman9c@hostgator.com,Male,Rönninge,2023-12-24,42,79168,Checking
338,338,2024-12-28,Withdrawal,2127,,Sivaki,Online,Checking,,,Staford,Meeson,smeeson9d@newsvine.com,Male,Mapalacsiao,2016-06-20,39,85307,Checking
339,339,2022-11-07,Transfer,2648,,Chaowai,Online,Checking,,,Arne,Overal,aoveral9e@nifty.com,Male,Krrabë,2020-10-27,74,89614,Both
340,340,2024-04-24,Deposit,397,,Inazawa,ATM,Checking,,,Farand,Dunbleton,fdunbleton9f@disqus.com,Female,Ciasna,2024-10-08,42,107412,Both
341,341,2023-07-08,Deposit,349,,Néa Filadélfeia,Online,Checking,,,Nicola,Swetenham,nswetenham9g@moonfruit.com,Non-binary,Ubaitaba,2024-03-12,71,139634,Both
342,342,2024-02-11,Withdrawal,1287,,Longgang,ATM,Checking,,,Arlin,Nesterov,anesterov9h@google.fr,Non-binary,Glad,2020-10-05,42,65947,Both
343,343,2024-04-17,Transfer,806,,Évry,Online,Checking,,,Heindrick,Powter,hpowter9i@bluehost.com,Male,Huiwen,2023-02-16,19,143403,Both
344,344,2024-03-06,Withdrawal,1319,,Cairo,Online,Checking,,,Candis,Wigg,cwigg9j@answers.com,Female,Jiangxiangzhen,2020-11-05,54,80329,Checking
345,345,2022-09-16,Transfer,2785,,Rucheng Chengguanzhen,Branch,Checking,,,Perkin,Tayspell,ptayspell9k@ask.com,Male,Bopu,2019-09-28,35,78346,Savings
346,346,2024-12-29,Transfer,4928,,Tiantai,ATM,Checking,,,Micaela,Lortz,mlortz9l@nih.gov,Female,Tacoma,2015-01-01,54,56507,Both
347,347,2023-07-06,Withdrawal,4423,,Recreio,Online,Checking,,,Nathan,Ilson,nilson9m@harvard.edu,Genderqueer,Zhoupu,2022-05-06,28,113158,Both
348,348,2023-09-06,Transfer,4087,,Sipirok,ATM,Checking,,,Zorina,Skilling,zskilling9n@pbs.org,Female,‘Anjarah,2020-01-25,51,73894,Both
349,349,2024-05-22,Transfer,4778,,Tukums,ATM,Checking,,,Shermie,Truswell,struswell9o@hc360.com,Male,Cikomara,2018-05-05,72,38998,Savings
350,350,2023-06-26,Deposit,1670,,Stockholm,ATM,Checking,,,Mackenzie,Whates,mwhates9p@accuweather.com,Male,Sémbé,2022-05-08,31,33665,Checking
351,351,2023-03-05,Withdrawal,970,,Taipingguan,Branch,Checking,,,Holly,Minocchi,hminocchi9q@theatlantic.com,Male,Lidköping,2022-06-21,43,107498,Savings
352,352,2024-08-06,Withdrawal,1211,,Nangerang,ATM,Checking,,,Timoteo,Blackmore,tblackmore9r@list-manage.com,Polygender,Yirga ‘Alem,2019-01-16,63,43666,Checking
353,353,2022-08-27,Transfer,138,,Kafr Dān,Online,Checking,,,Happy,Yeell,hyeell9s@bing.com,Female,Ma’ao,2022-07-11,72,43117,Both
354,354,2023-04-12,Withdrawal,1917,,La Luz,Online,Checking,,,Reg,Manueli,rmanueli9t@huffingtonpost.com,Male,Duncan Town,2016-11-15,47,120749,Both
355,355,2022-05-20,Transfer,1702,,Caxito,ATM,Checking,,,Saleem,De Cruz,sdecruz9u@hostgator.com,Polygender,Guadalupe Victoria,2021-07-14,20,53941,Savings
356,356,2022-03-11,Transfer,2675,,Samborondón,ATM,Checking,,,Saloma,Oliver,soliver9v@angelfire.com,Female,Xiabao,2019-12-04,57,94532,Both
357,357,2024-08-20,Transfer,2298,,Bom Despacho,Branch,Checking,,,Thornie,Redish,tredish9w@gov.uk,Male,Sucun,2018-09-07,19,97907,Both
358,358,2022-01-25,Transfer,2114,,Tlumačov,ATM,Checking,,,Darius,Parrington,dparrington9x@chron.com,Male,Charikar,2020-07-14,70,67478,Savings
359,359,2022-06-09,Transfer,4664,,Arlöv,Branch,Checking,,,Whitby,Gonzalvo,wgonzalvo9y@engadget.com,Male,Pontevedra,2021-12-06,24,103565,Checking
360,360,2024-04-25,Deposit,483,,Junqueiro,Online,Checking,,,Tibold,Kilshaw,tkilshaw9z@umn.edu,Male,Puttalam,2017-07-25,62,149720,Checking
361,361,2024-02-24,Deposit,4738,,Bonneuil-sur-Marne,Branch,Checking,,,Bertina,Warder,bwardera0@apache.org,Female,Svirsk,2021-09-05,74,51816,Savings
362,362,2022-02-01,Deposit,1127,,Arujá,ATM,Checking,,,Karon,Carn,kcarna1@yolasite.com,Female,Ljubovija,2017-05-25,40,141056,Checking
363,363,2024-07-13,Transfer,1447,,Bình Thủy,Branch,Checking,,,John,Youthead,jyoutheada2@loc.gov,Genderfluid,Tasböget,2024-09-21,62,73585,Savings
364,364,2024-05-25,Transfer,1683,,Zmeyskaya,Online,Checking,,,Quinlan,Taffs,qtaffsa3@examiner.com,Male,Palmar de Varela,2024-09-15,71,118428,Checking
365,365,2024-05-12,Deposit,204,,Cascavel,ATM,Checking,,,Lowrance,Whitchurch,lwhitchurcha4@google.com.au,Male,Yaroslavl,2017-02-28,63,98700,Both
366,366,2022-01-24,Transfer,3783,,Merlo,ATM,Checking,,,Chevy,Clousley,cclousleya5@wix.com,Male,Havířov,2016-11-11,74,39979,Checking
367,367,2024-09-09,Transfer,578,,Paris 07,Branch,Checking,,,Cyrillus,Weitzel,cweitzela6@auda.org.au,Male,San Pedro de Macorís,2018-02-26,33,75675,Checking
368,368,2023-06-16,Deposit,476,,Xinglongquan,Branch,Checking,,,Faber,Deex,fdeexa7@theguardian.com,Male,Belisario Dominguez,2018-02-08,53,133804,Savings
369,369,2024-03-29,Deposit,1517,,Sausa,ATM,Checking,,,Lou,Sleite,lsleitea8@sphinn.com,Male,Vimmerby,2017-10-04,64,109130,Savings
370,370,2024-03-12,Withdrawal,3111,,Pārūn,ATM,Checking,,,Parrnell,Hiscocks,phiscocksa9@cargocollective.com,Bigender,Agarsin,2023-08-05,66,42607,Both
371,371,2022-12-21,Transfer,300,,Yasnogorsk,ATM,Checking,,,Charin,Pettko,cpettkoaa@mozilla.org,Female,Den Haag,2016-02-07,23,139387,Savings
372,372,2022-04-12,Deposit,1726,,Xingpinglu,Online,Checking,,,Dionis,Spellesy,dspellesyab@scientificamerican.com,Female,Limon,2024-05-02,42,143151,Savings
373,373,2024-12-24,Transfer,166,,Pirot,ATM,Checking,,,Dmitri,Reynish,dreynishac@google.es,Male,Peso da Régua,2021-08-08,34,58932,Checking
374,374,2024-08-05,Deposit,4934,,Krzeszów,Branch,Checking,,,Raquela,Scafe,rscafead@ifeng.com,Female,Kulautuva,2022-06-19,47,56366,Checking
375,375,2023-01-07,Deposit,296,,Kutum,Branch,Checking,,,James,Hulmes,jhulmesae@admin.ch,Agender,Quinuabamba,2022-05-11,51,145519,Checking
376,376,2022-04-10,Deposit,1620,,Hal’shany,Branch,Checking,,,Karylin,Blewis,kblewisaf@topsy.com,Female,Pisang,2023-05-22,20,37359,Checking
377,377,2022-09-03,Deposit,325,,Saint-Julien-en-Genevois,ATM,Checking,,,Arie,Bentsen,abentsenag@dagondesign.com,Male,Oesao,2021-04-13,22,137947,Both
378,378,2022-11-18,Deposit,78,,Sonsorol Village,Branch,Checking,,,Siobhan,Skerratt,sskerrattah@goodreads.com,Female,Merefa,2024-07-28,69,43649,Savings
379,379,2023-09-18,Withdrawal,2004,,Casal do Sapo,Online,Checking,,,Michael,Jamme,mjammeai@mayoclinic.com,Bigender,Labo,2015-02-24,70,43662,Savings
380,380,2024-04-04,Deposit,2280,,Xibin,Branch,Checking,,,Freeman,Schreurs,fschreursaj@51.la,Male,Bjuv,2016-08-29,44,140861,Both
381,381,2023-02-24,Deposit,4440,,Lattes,Online,Checking,,,Berkley,Devoy,bdevoyak@twitter.com,Male,Bulakgebang,2020-01-04,53,141219,Both
382,382,2024-12-30,Deposit,2426,,Bergen op Zoom,ATM,Checking,,,Arlen,Brent,abrental@apache.org,Male,Borovlyany,2023-03-09,64,92813,Both
383,383,2022-02-05,Deposit,932,,Nishinoomote,ATM,Checking,,,Kissie,Ivanikhin,kivanikhinam@sakura.ne.jp,Female,Wieczfnia Kościelna,2019-06-20,70,30482,Savings
384,384,2024-04-03,Withdrawal,4470,,Niquelândia,Online,Checking,,,Chick,Cossins,ccossinsan@usa.gov,Male,Setro,2015-06-10,36,147743,Savings
385,385,2022-03-10,Transfer,3730,,Cantagallo,ATM,Checking,,,Linc,Stanbury,lstanburyao@skype.com,Male,Ta‘izz,2022-11-28,69,78467,Checking
386,386,2024-06-22,Transfer,2532,,Rajūzah,ATM,Checking,,,Maire,Heatley,mheatleyap@homestead.com,Female,Yingzhou,2024-05-27,34,103159,Both
387,387,2024-05-08,Transfer,1622,,Khuzhir,Branch,Checking,,,Haley,Ellins,hellinsaq@cbsnews.com,Male,Sotteville-lès-Rouen,2024-10-07,37,71829,Checking
388,388,2023-04-09,Deposit,2571,,Irshava,Branch,Checking,,,Kory,Minette,kminettear@home.pl,Male,Lāchi,2017-10-13,48,67084,Savings
389,389,2022-01-18,Deposit,1811,,Shiniujiang,ATM,Checking,,,Iona,Meadway,imeadwayas@posterous.com,Female,Yumaguzino,2016-10-09,22,93428,Savings
390,390,2022-05-21,Withdrawal,2037,,Aldeia de Juzo,Online,Checking,,,Sandye,Erie,serieat@youku.com,Female,Borås,2023-02-14,45,60216,Savings
391,391,2022-12-27,Transfer,3146,,Pimenta Bueno,Branch,Checking,,,Anthia,Mumbray,amumbrayau@cbslocal.com,Female,Huddinge,2015-10-28,48,142607,Both
392,392,2024-08-06,Deposit,3948,,Zilang,Online,Checking,,,Lark,Gilby,lgilbyav@constantcontact.com,Female,Uummannaq,2022-06-19,58,31587,Checking
393,393,2024-05-13,Withdrawal,3323,,Lyaskelya,Branch,Checking,,,Spenser,Skrines,sskrinesaw@accuweather.com,Male,Luoyuan,2022-01-08,32,31260,Savings
394,394,2024-08-29,Withdrawal,4690,,Zelenodolsk,ATM,Checking,,,Oneida,O'Sherin,oosherinax@abc.net.au,Female,Luyang,2022-11-06,48,40114,Savings
395,395,2024-07-24,Transfer,4535,,Beylagan,Online,Checking,,,Adan,Pettican,apetticanay@eventbrite.com,Male,Kayasula,2016-08-24,21,121476,Both
396,396,2022-12-23,Withdrawal,203,,Jingxin,Branch,Checking,,,Stafani,Lamont,slamontaz@gnu.org,Female,El Paso,2019-11-01,49,68577,Savings
397,397,2024-03-04,Transfer,4699,,Tazemmourt,ATM,Checking,,,Fred,Magauran,fmagauranb0@addtoany.com,Male,Tierp,2017-11-18,36,47946,Checking
398,398,2024-07-29,Withdrawal,1344,,Lhakangtang,Branch,Checking,,,Vasily,Pimley,vpimleyb1@i2i.jp,Male,Farīmān,2018-04-20,65,62956,Savings
399,399,2023-11-10,Transfer,2468,,Täby,Online,Checking,,,Nickolaus,Proudman,nproudmanb2@stumbleupon.com,Male,Kolomyya,2017-05-15,45,147574,Savings
400,400,2022-06-06,Transfer,1463,,Liufeng,ATM,Checking,,,Lorine,MacCumeskey,lmaccumeskeyb3@globo.com,Female,Hepo,2021-08-03,65,35934,Savings
401,401,2023-01-17,Withdrawal,3219,,Wādī as Salqā,ATM,Checking,,,Wang,Froom,wfroomb4@de.vu,Male,Payao,2015-11-23,24,57963,Savings
402,402,2023-10-11,Deposit,883,,Austin,ATM,Checking,,,Deane,Pease,dpeaseb5@mlb.com,Female,Behābād,2020-03-03,38,143270,Checking
403,403,2023-01-20,Withdrawal,505,,Preobrazheniye,Online,Checking,,,Kerk,Kolis,kkolisb6@phoca.cz,Male,Blokdesa Situgede,2016-11-01,46,104044,Both
404,404,2024-07-21,Withdrawal,4934,,Yahe,ATM,Checking,,,Kellie,Scarbarrow,kscarbarrowb7@reverbnation.com,Female,Torbeck,2022-08-02,69,98118,Both
405,405,2024-11-24,Transfer,4926,,Serrinha,Online,Checking,,,Rodolph,Remer,rremerb8@sohu.com,Male,Qiaosi,2017-04-18,44,36674,Both
406,406,2023-09-25,Transfer,1133,,Dongke,Branch,Checking,,,Storm,Ramel,sramelb9@yellowbook.com,Female,Avaré,2021-06-19,18,133468,Checking
407,407,2024-04-12,Deposit,2790,,Nevers,Online,Checking,,,Roberto,Rockwell,rrockwellba@army.mil,Male,Barreiras,2018-09-21,54,54132,Both
408,408,2022-09-14,Deposit,4181,,Chaoshui,Online,Checking,,,Jennifer,Roddick,jroddickbb@jimdo.com,Female,Nanshi,2017-03-08,68,75799,Savings
409,409,2024-10-27,Transfer,1839,,Loandjili,Online,Checking,,,Torrence,Rozea,trozeabc@t.co,Male,Horten,2016-10-16,36,110898,Both
410,410,2023-09-24,Transfer,515,,Hoàn Kiếm,Online,Checking,,,Marita,Kearford,mkearfordbd@parallels.com,Female,Tianxingchang,2019-01-08,59,132308,Checking
411,411,2024-09-30,Transfer,4138,,Jenamas,ATM,Checking,,,Alberik,Jencey,ajenceybe@ameblo.jp,Male,São Luís,2020-07-06,47,40439,Checking
412,412,2022-12-01,Transfer,1884,,Anyama,Online,Checking,,,Raddy,Canceller,rcancellerbf@mozilla.com,Male,Sindangsari,2017-12-12,65,79982,Checking
413,413,2023-06-10,Transfer,1114,,Sevan,Branch,Checking,,,Marabel,Strodder,mstrodderbg@ted.com,Female,Geputan,2018-10-04,36,130108,Savings
414,414,2022-01-29,Withdrawal,61,,San Juan,ATM,Checking,,,Afton,Alder,aalderbh@123-reg.co.uk,Female,Komprachcice,2024-11-21,31,58350,Savings
415,415,2024-01-08,Transfer,1979,,Balfour,ATM,Checking,,,Hayes,Lawes,hlawesbi@wikispaces.com,Male,Fajões,2024-01-11,51,116931,Checking
416,416,2024-12-29,Deposit,2457,,Gibbons,Online,Checking,,,Jasper,Francillo,jfrancillobj@symantec.com,Agender,Helixi,2018-08-21,66,66374,Checking
417,417,2022-07-09,Transfer,153,,Guadalupe,ATM,Checking,,,Aloise,Medendorp,amedendorpbk@oakley.com,Female,Bagroy,2016-11-13,35,88243,Checking
418,418,2024-07-14,Deposit,3714,,Thị Trấn Quảng Uyên,Online,Checking,,,Erik,Mannock,emannockbl@independent.co.uk,Male,Meishan,2017-12-02,33,133753,Both
419,419,2023-06-28,Deposit,4518,,Sukowiryo,ATM,Checking,,,Zacharias,Kopp,zkoppbm@cornell.edu,Male,Sundsvall,2016-06-28,44,76660,Checking
420,420,2022-04-12,Deposit,844,,Padilla,Online,Checking,,,Frants,Speirs,fspeirsbn@sohu.com,Male,Razan,2015-03-28,42,113656,Checking
421,421,2024-08-16,Transfer,4379,,San Antonio,Branch,Checking,,,Nobe,Wooder,nwooderbo@quantcast.com,Male,Mianay,2023-05-07,67,110894,Checking
422,422,2024-05-31,Transfer,3124,,Kolyvan’,ATM,Checking,,,Tracey,Rodgerson,trodgersonbp@ow.ly,Male,Popielów,2017-04-04,30,85714,Checking
423,423,2022-01-28,Transfer,1665,,Mengxingzhuang,Online,Checking,,,Vic,Crotty,vcrottybq@ca.gov,Male,Pingtian,2021-05-28,70,57872,Checking
424,424,2024-05-13,Withdrawal,4766,,Nanyuan,ATM,Checking,,,Doralyn,Atte-Stone,dattestonebr@mashable.com,Female,Tigbinan,2024-07-07,24,119287,Savings
425,425,2023-01-13,Withdrawal,1035,,Kelowna,Branch,Checking,,,Oates,Dominiak,odominiakbs@pen.io,Male,Toktogul,2021-12-28,40,47899,Checking
426,426,2023-02-08,Transfer,4376,,Phoenix,ATM,Checking,,,Correy,Greber,cgreberbt@redcross.org,Female,Uiasa,2016-11-17,21,46781,Both
427,427,2022-09-01,Deposit,722,,Zangbi,Online,Checking,,,Shannon,Dawidman,sdawidmanbu@flavors.me,Male,Jevíčko,2016-04-14,70,79672,Savings
428,428,2023-12-11,Deposit,1999,,Mchinji,ATM,Checking,,,Halette,Prydie,hprydiebv@goodreads.com,Female,Xibu,2018-04-19,42,72581,Checking
429,429,2023-08-12,Withdrawal,3576,,Zgurovka,Branch,Checking,,,Hermy,Breen,hbreenbw@tamu.edu,Male,Qiankou,2018-01-06,41,47017,Checking
430,430,2024-07-08,Deposit,930,,Rancabelut,Branch,Checking,,,Daveta,Lebrun,dlebrunbx@ca.gov,Female,Pawak,2020-06-25,44,99770,Both
431,431,2023-04-05,Transfer,918,,Fangqiang,Branch,Checking,,,Raphaela,Lawn,rlawnby@goo.gl,Female,White City,2021-10-07,46,148976,Savings
432,432,2022-11-19,Deposit,398,,Fujioka,Branch,Checking,,,Titus,Blitzer,tblitzerbz@hud.gov,Male,Maonon,2019-02-06,47,114298,Checking
433,433,2022-02-04,Transfer,1723,,Ciburial,Branch,Checking,,,Alena,Krzysztof,akrzysztofc0@surveymonkey.com,Female,Las Animas,2017-11-15,36,122364,Checking
434,434,2023-01-08,Withdrawal,976,,Leyuan,Branch,Checking,,,Shelli,Tregent,stregentc1@ehow.com,Non-binary,Maluso,2020-12-27,40,69048,Savings
435,435,2023-01-09,Transfer,582,,Siva,Branch,Checking,,,Fairlie,Caston,fcastonc2@bloglovin.com,Male,Santa Lucia,2016-06-29,66,93336,Both
436,436,2022-05-26,Transfer,1251,,Emmen,ATM,Checking,,,Marvin,Tomczynski,mtomczynskic3@yale.edu,Bigender,Negotin,2017-10-11,55,132025,Savings
437,437,2023-02-08,Transfer,1921,,Zhoushizhuang,Branch,Checking,,,Vere,Bau,vbauc4@mapquest.com,Female,Tangjiakou,2020-08-12,75,56832,Checking
438,438,2024-09-13,Deposit,4541,,Bambari,Branch,Checking,,,Antonetta,Jacklin,ajacklinc5@time.com,Female,Jian’ou,2023-05-22,32,135605,Checking
439,439,2024-05-05,Transfer,1872,,Burnaby,Online,Checking,,,Clary,Angeli,cangelic6@oracle.com,Female,Varberg,2022-02-13,75,96339,Both
440,440,2022-01-24,Deposit,4557,,Giawang,Online,Checking,,,Oby,Cotes,ocotesc7@cloudflare.com,Male,Paya Dapur,2018-04-05,63,106903,Both
441,441,2022-09-03,Deposit,1409,,Micheng,Branch,Checking,,,Augustus,Barras,abarrasc8@blog.com,Male,Pathein,2019-12-29,47,133417,Savings
442,442,2022-01-18,Deposit,2601,,Lamawalang,ATM,Checking,,,Eirena,Foffano,efoffanoc9@google.nl,Female,Xueshan,2020-02-24,70,65367,Checking
443,443,2023-01-06,Transfer,1340,,København,Branch,Checking,,,Hendrick,Nuscha,hnuschaca@shutterfly.com,Genderfluid,Pleiku,2018-03-09,51,30251,Both
444,444,2022-07-30,Transfer,4380,,Sucre,ATM,Checking,,,Pavel,Paladini,ppaladinicb@hexun.com,Male,Changzheng,2018-06-27,44,75515,Both
445,445,2023-05-24,Transfer,3118,,Moog,ATM,Checking,,,Marianne,Kinsella,mkinsellacc@arizona.edu,Female,Mugan,2018-05-07,45,85698,Savings
446,446,2023-02-26,Withdrawal,3736,,Busuanga,ATM,Checking,,,Gregoor,Vedeniktov,gvedeniktovcd@phpbb.com,Male,Huangpu,2019-09-05,71,44098,Both
447,447,2024-04-06,Transfer,3633,,Minji,ATM,Checking,,,Carce,Fosdick,cfosdickce@toplist.cz,Male,Ust’-Donetskiy,2021-02-21,48,146517,Checking
448,448,2022-04-26,Transfer,653,,Jangheung,Online,Checking,,,Betti,Risson,brissoncf@technorati.com,Female,Damaishan,2018-03-20,70,124837,Savings
449,449,2024-04-24,Withdrawal,2582,,Carapelhos,Branch,Checking,,,Adah,Kilvington,akilvingtoncg@indiegogo.com,Female,Zabłocie,2023-08-01,71,65715,Savings
450,450,2023-09-24,Withdrawal,3338,,Sidomakmur,Branch,Checking,,,Hal,Treacy,htreacych@japanpost.jp,Non-binary,Tarłów,2016-04-17,59,49161,Checking
451,451,2022-05-19,Withdrawal,134,,Jiekeng,Online,Checking,,,Adaline,Eagleton,aeagletonci@tamu.edu,Female,Batticaloa,2022-07-26,22,119167,Checking
452,452,2023-07-28,Transfer,3496,,Mencon,Online,Checking,,,Torr,Skene,tskenecj@squidoo.com,Male,Xinglong,2021-03-06,29,147795,Savings
453,453,2023-01-14,Deposit,762,,Laç,Online,Checking,,,Giffer,Esler,geslerck@skyrock.com,Male,Mönsterås,2019-01-29,21,31190,Checking
454,454,2022-10-16,Withdrawal,3739,,Bratislava,Online,Checking,,,Bonnie,Pardy,bpardycl@ycombinator.com,Female,Tisno,2016-11-20,24,59724,Checking
455,455,2022-12-08,Transfer,778,,Tuanfeng,ATM,Checking,,,Oralie,Mellonby,omellonbycm@quantcast.com,Female,Huaqiao,2020-09-01,36,73727,Savings
456,456,2023-02-28,Deposit,2641,,Makiwalo,Branch,Checking,,,Rosamond,Hobbing,rhobbingcn@youtu.be,Female,Ranot,2018-08-23,34,103741,Savings
457,457,2022-12-18,Withdrawal,1206,,San Clemente,Branch,Checking,,,Emlynne,Rollins,erollinsco@studiopress.com,Female,Yacuiba,2023-07-18,21,54793,Savings
458,458,2023-10-25,Transfer,1974,,Saḩāb,ATM,Checking,,,Nissa,Dennerly,ndennerlycp@census.gov,Female,Ruyigi,2017-11-24,54,146891,Savings
459,459,2024-01-21,Deposit,1907,,Évry,Online,Checking,,,Kelley,Baudain,kbaudaincq@prlog.org,Male,Alcoy,2021-06-05,26,144107,Both
460,460,2024-02-14,Transfer,2451,,Bella Vista,ATM,Checking,,,Austina,Dearsley,adearsleycr@go.com,Female,Libon,2017-06-20,34,55601,Savings
461,461,2024-08-14,Transfer,1667,,Nanyi,Online,Checking,,,Tallie,Androsik,tandrosikcs@archive.org,Female,Al Maşlūb,2016-07-20,40,45143,Both
462,462,2024-10-01,Transfer,187,,Yichun,ATM,Checking,,,Ferdie,Tees,fteesct@cnet.com,Male,Gongchenqiao,2017-01-24,73,106336,Both
463,463,2024-05-08,Withdrawal,893,,La Ravoire,Branch,Checking,,,Lauritz,Blum,lblumcu@nature.com,Male,Tambakan,2021-08-03,74,145090,Checking
464,464,2022-02-17,Withdrawal,2076,,Qiaoshi,ATM,Checking,,,Pietrek,Boultwood,pboultwoodcv@nba.com,Genderfluid,Dolní Dunajovice,2020-02-19,72,80763,Savings
465,465,2022-06-08,Deposit,4113,,Sośnie,ATM,Checking,,,Carolee,Adame,cadamecw@alibaba.com,Female,Baiyang,2023-07-24,19,58034,Checking
466,466,2022-06-09,Transfer,4557,,Sanchahe,ATM,Checking,,,Isabelita,Gainforth,igainforthcx@yahoo.com,Bigender,Labuhanlalar,2017-03-03,61,44436,Checking
467,467,2022-03-23,Deposit,1121,,Graneros,Online,Checking,,,Audry,Denecamp,adenecampcy@clickbank.net,Female,Balagon,2015-03-24,35,70051,Savings
468,468,2022-03-22,Withdrawal,4570,,Lisičani,ATM,Checking,,,Jess,Hadgkiss,jhadgkisscz@microsoft.com,Male,Gandapura,2019-12-07,29,76681,Savings
469,469,2024-12-08,Deposit,3951,,Lingbei,Online,Checking,,,Zaneta,Gatland,zgatlandd0@wikispaces.com,Female,Mpigi,2024-04-02,60,60182,Checking
470,470,2022-10-09,Transfer,1097,,Qiryat Shemona,ATM,Checking,,,Jade,Akred,jakredd1@paginegialle.it,Genderfluid,Atalaia,2017-01-01,53,109339,Savings
471,471,2024-01-08,Withdrawal,3993,,Ta Phraya,Branch,Checking,,,Marcellus,Pargent,mpargentd2@hexun.com,Male,Bigaa,2019-02-28,19,122595,Savings
472,472,2024-05-28,Deposit,1025,,Dresden,ATM,Checking,,,Fred,Davydochkin,fdavydochkind3@goo.ne.jp,Male,Vidoši,2023-01-27,37,126853,Savings
473,473,2023-08-08,Deposit,4146,,Dabu,Online,Checking,,,Janna,Loukes,jloukesd4@themeforest.net,Female,Bira,2016-12-23,74,131553,Both
474,474,2024-12-17,Deposit,1901,,Las Toscas,ATM,Checking,,,Ula,McKeating,umckeatingd5@youtu.be,Female,Jamalteca,2017-04-26,27,114476,Checking
475,475,2022-05-30,Transfer,79,,Quinta da Torre,Branch,Checking,,,Gwenni,Tolussi,gtolussid6@123-reg.co.uk,Female,Chapayeve,2020-07-09,44,46800,Savings
476,476,2023-07-29,Deposit,2774,,Zahedan,Online,Checking,,,Ag,Olech,aolechd7@freewebs.com,Female,Zall-Dardhë,2018-07-26,35,127125,Savings
477,477,2023-04-20,Deposit,2636,,Sergach,ATM,Checking,,,Karisa,Tredget,ktredgetd8@icq.com,Female,Olds,2016-02-26,32,42000,Both
478,478,2022-06-29,Deposit,1786,,Huế,ATM,Checking,,,Ezequiel,Simonutti,esimonuttid9@howstuffworks.com,Male,Cuenca,2020-12-09,29,78748,Checking
479,479,2024-09-13,Withdrawal,2111,,Camilaca,Online,Checking,,,Michael,Lambersen,mlambersenda@ft.com,Male,Mozhga,2024-01-31,57,111457,Savings
480,480,2023-05-29,Deposit,2284,,Riđica,Online,Checking,,,Maxi,Dysart,mdysartdb@yelp.com,Female,Gaoqiao,2015-11-20,50,55908,Both
481,481,2024-02-20,Withdrawal,4137,,Stari Kuty,ATM,Checking,,,Derry,Lukianovich,dlukianovichdc@discuz.net,Male,Jazovo,2022-09-23,37,48054,Checking
482,482,2022-12-29,Deposit,4600,,Los Lotes,Online,Checking,,,Merlina,Doul,mdouldd@pen.io,Female,Severnyy,2018-11-17,72,51307,Both
483,483,2024-06-17,Withdrawal,1860,,Prizren,ATM,Checking,,,Dre,Romeril,dromerilde@comcast.net,Female,Buenavista,2021-07-17,37,105947,Both
484,484,2023-06-10,Transfer,538,,Gombong,ATM,Checking,,,Shalne,Castillo,scastillodf@auda.org.au,Female,Santa Lucia,2024-07-18,55,147674,Savings
485,485,2022-07-21,Deposit,4993,,São Miguel do Iguaçu,Branch,Checking,,,Therine,Hebson,thebsondg@hp.com,Female,Longfeng,2017-12-21,41,63056,Savings
486,486,2023-10-12,Transfer,4149,,Wuqu,Branch,Checking,,,Darda,Ferenczi,dferenczidh@wsj.com,Female,Puerto Tejada,2018-08-18,62,99733,Both
487,487,2022-12-29,Deposit,3229,,Tazarine,Branch,Checking,,,Chrissy,Wadesworth,cwadesworthdi@nasa.gov,Male,Sandy Bay,2020-03-17,19,65178,Savings
488,488,2023-03-21,Deposit,2487,,Bajomulyo,ATM,Checking,,,Gracie,Lazenby,glazenbydj@prnewswire.com,Female,Karanglincak,2023-01-31,24,144760,Savings
489,489,2022-08-31,Deposit,3015,,Volokolamsk,Branch,Checking,,,Joelie,Pinkie,jpinkiedk@indiegogo.com,Female,Bergen,2024-03-24,63,86958,Both
490,490,2022-04-05,Withdrawal,3215,,Trondheim,Online,Checking,,,Putnem,Jephcott,pjephcottdl@pagesperso-orange.fr,Male,Amnat Charoen,2017-09-04,36,116334,Checking
491,491,2024-09-24,Withdrawal,2888,,Guanta,Online,Checking,,,Allen,Geall,agealldm@apache.org,Male,Salinungan Proper,2019-11-15,25,33718,Checking
492,492,2022-04-14,Withdrawal,4418,,Sembon,ATM,Checking,,,Brendis,Arangy,barangydn@google.ru,Male,Mander,2019-07-10,40,50129,Savings
493,493,2022-01-28,Transfer,2625,,Calceta,Online,Checking,,,Danell,Eliet,delietdo@parallels.com,Female,Manticao,2020-07-20,48,77488,Both
494,494,2022-07-29,Deposit,3061,,Kuanchuan,Branch,Checking,,,Marchall,Dunseith,mdunseithdp@apache.org,Male,Sukošan,2022-08-09,64,53406,Savings
495,495,2023-11-15,Transfer,4269,,Kabankalan,Online,Checking,,,Alasteir,Stranaghan,astranaghandq@dropbox.com,Male,Ōno-hara,2016-09-18,49,40421,Checking
496,496,2023-07-26,Transfer,2171,,Cabo de Vila,Online,Checking,,,Orrin,Gilkison,ogilkisondr@latimes.com,Male,El Rancho,2015-06-09,70,56468,Savings
497,497,2022-03-22,Transfer,142,,Keli,Branch,Checking,,,Lilian,Gilbride,lgilbrideds@ftc.gov,Female,Sangke,2019-10-06,64,103062,Both
498,498,2022-11-07,Deposit,2615,,Thanh Khê,Branch,Checking,,,Amy,Edelman,aedelmandt@privacy.gov.au,Female,General Conesa,2015-02-21,22,57406,Both
499,499,2024-02-18,Deposit,3970,,Sritanjung,Branch,Checking,,,Claus,MacDonagh,cmacdonaghdu@stanford.edu,Polygender,Dachong,2022-09-03,66,114403,Both
500,500,2022-02-27,Deposit,1698,,Ban Mo,Online,Checking,,,Oliviero,Pasterfield,opasterfielddv@github.io,Polygender,Kaduheuleut,2020-07-25,37,71714,Checking
501,501,2022-01-01,Deposit,1449,,Lahar,ATM,Checking,,,Shermy,Hasselby,shasselbydw@mysql.com,Male,Maiyema,2020-08-01,20,131816,Both
502,502,2023-07-01,Withdrawal,1141,,Gujrāt,Branch,Checking,,,Kriste,Reasun,kreasundx@latimes.com,Female,Río Grande,2020-09-28,37,148084,Savings
503,503,2023-04-25,Withdrawal,3687,,Bakov nad Jizerou,Online,Checking,,,Laverna,Spencock,lspencockdy@4shared.com,Bigender,San Bernardino,2015-02-24,43,84189,Both
504,504,2024-12-10,Deposit,2790,,Josefův Důl,ATM,Checking,,,Domeniga,Dain,ddaindz@disqus.com,Female,Lakateng,2020-04-28,28,66134,Savings
505,505,2024-08-29,Withdrawal,4651,,Buri,Branch,Checking,,,Jerrold,Bartoszewicz,jbartoszewicze0@google.co.jp,Male,Las Tejerías,2024-12-25,34,120092,Checking
506,506,2023-08-16,Withdrawal,3256,,Józefów,ATM,Checking,,,Janet,Holdron,jholdrone1@home.pl,Female,Louisville,2021-03-05,40,92953,Both
507,507,2022-02-11,Withdrawal,1721,,Mellila,Online,Checking,,,Darb,Camies,dcamiese2@macromedia.com,Female,Fort Myers,2021-05-09,38,122522,Checking
508,508,2023-03-27,Transfer,2946,,Oklahoma City,Branch,Checking,,,Trixy,Westfield,twestfielde3@salon.com,Female,Salimbao,2015-09-18,69,78505,Both
509,509,2022-10-12,Deposit,778,,Melaka,Branch,Checking,,,Damita,Kubala,dkubalae4@51.la,Female,Xinxing,2016-08-31,62,81987,Savings
510,510,2022-05-22,Withdrawal,1636,,Somdet,Online,Checking,,,Katine,Grogona,kgrogonae5@mayoclinic.com,Female,Masaya,2020-01-06,39,80525,Both
511,511,2023-07-31,Deposit,1096,,Dukoh,Online,Checking,,,Quintina,Raynton,qrayntone6@parallels.com,Female,Chishmy,2020-04-29,53,113270,Checking
512,512,2022-10-17,Deposit,175,,Vilares,Online,Checking,,,Jenn,Downing,jdowninge7@etsy.com,Female,Bojadła,2016-07-24,49,120759,Savings
513,513,2024-07-17,Deposit,3160,,Gandajika,Online,Checking,,,Romain,Sumbler,rsumblere8@ebay.com,Male,Zadawa,2024-12-17,55,39892,Both
514,514,2023-09-20,Deposit,4939,,Yonghe,Branch,Checking,,,Raynard,Sergant,rsergante9@fotki.com,Male,Renfrew,2017-09-12,57,123883,Both
515,515,2024-11-07,Withdrawal,1234,,Compiègne,Online,Checking,,,Rossie,Le Huquet,rlehuquetea@deliciousdays.com,Male,Pustomyty,2017-09-26,47,32012,Savings
516,516,2024-08-28,Transfer,2311,,Songzhuang,Branch,Checking,,,Mortie,Stagge,mstaggeeb@google.it,Male,Mahajanga,2020-12-11,68,58174,Both
517,517,2024-12-01,Transfer,3868,,Fulu,ATM,Checking,,,Worthy,Bugdell,wbugdellec@github.com,Male,Wola Jachowa,2021-03-18,52,37658,Checking
518,518,2023-05-26,Deposit,3639,,Zhushan,ATM,Checking,,,Ty,Curd,tcurded@vistaprint.com,Male,Újezd,2021-03-23,72,31000,Both
519,519,2024-07-23,Withdrawal,2590,,Punta del Este,Branch,Checking,,,Wadsworth,Bezemer,wbezemeree@upenn.edu,Non-binary,Vårby,2015-05-31,54,127545,Both
520,520,2023-05-28,Transfer,3209,,Nairobi,Online,Checking,,,Tobin,Hackford,thackfordef@blog.com,Male,Bandundu,2020-07-28,71,33671,Both
521,521,2024-10-04,Withdrawal,3372,,São Sebastião do Paraíso,Branch,Checking,,,Aprilette,Brookz,abrookzeg@cocolog-nifty.com,Female,Aachen,2020-07-11,35,110349,Checking
522,522,2023-08-24,Transfer,1867,,Shilong,Branch,Checking,,,Pansy,Leek,pleekeh@angelfire.com,Female,Quinta da Courela,2024-12-22,62,118443,Savings
523,523,2024-01-28,Withdrawal,1209,,Sangju,Branch,Checking,,,Lisabeth,Kiddy,lkiddyei@mit.edu,Female,Miami,2019-01-08,53,141227,Savings
524,524,2024-11-25,Withdrawal,4912,,Luoshan,Online,Checking,,,Bernarr,Douberday,bdouberdayej@nature.com,Male,Sidi Slimane,2016-08-23,56,133862,Both
525,525,2024-03-20,Transfer,2945,,Sugcad,Branch,Checking,,,Eilis,Crannach,ecrannachek@jugem.jp,Female,Angered,2023-03-14,18,89045,Savings
526,526,2023-03-23,Deposit,800,,Komletinci,Branch,Checking,,,Saba,Klazenga,sklazengael@ebay.co.uk,Female,Naga,2017-07-13,25,87363,Checking
527,527,2022-08-26,Withdrawal,4013,,Semampir,Online,Checking,,,Dannel,Puddephatt,dpuddephattem@shareasale.com,Male,Yŏnggwang-ŭp,2020-12-09,28,75315,Checking
528,528,2023-09-15,Transfer,1369,,Corona,Online,Checking,,,Ainslee,Halston,ahalstonen@constantcontact.com,Female,Pustá Polom,2017-09-16,47,95015,Savings
529,529,2023-11-06,Deposit,1681,,Gŭlŭbovo,Branch,Checking,,,Ad,Twells,atwellseo@bloglovin.com,Male,El Quetzal,2015-06-14,41,115727,Savings
530,530,2024-09-26,Transfer,2648,,Sake,Branch,Checking,,,Fawne,Breffit,fbreffitep@oracle.com,Female,Stockholm,2022-03-21,43,86703,Savings
531,531,2023-02-20,Withdrawal,4436,,Roudnice nad Labem,ATM,Checking,,,Randal,Clapson,rclapsoneq@issuu.com,Male,Huayllo,2015-12-15,69,114894,Checking
532,532,2022-08-18,Withdrawal,2028,,Wafang,Branch,Checking,,,Britt,Seaton,bseatoner@wikipedia.org,Female,Pavlogradka,2017-06-05,46,82455,Savings
533,533,2022-10-27,Deposit,1825,,Hongguang,Branch,Checking,,,Vina,Glaister,vglaisteres@noaa.gov,Genderfluid,Schifflange,2019-08-03,58,77881,Checking
534,534,2024-06-16,Transfer,1283,,Archis,Online,Checking,,,Beatrix,Capehorn,bcapehornet@bloomberg.com,Female,Tawangsari,2024-11-10,18,42388,Both
535,535,2024-03-21,Deposit,2020,,Castrovirreyna,Branch,Checking,,,Currey,Margetson,cmargetsoneu@scientificamerican.com,Male,Řečany nad Labem,2023-03-31,28,95484,Both
536,536,2023-01-02,Withdrawal,1761,,Fengyi,ATM,Checking,,,Sterne,Hitscher,shitscherev@spotify.com,Male,Itapecerica,2024-05-30,46,146888,Checking
537,537,2023-04-27,Transfer,35,,Cañasgordas,ATM,Checking,,,Ellary,Upward,eupwardew@ebay.co.uk,Male,Acopampa,2019-02-03,36,48905,Savings
538,538,2023-08-14,Withdrawal,3113,,Santiago dos Velhos,Online,Checking,,,Bessy,Kalderon,bkalderonex@pcworld.com,Female,Ginebra,2017-12-11,49,139422,Both
539,539,2023-09-25,Deposit,1091,,Acevedo,ATM,Checking,,,Hoyt,Barnwell,hbarnwelley@comsenz.com,Male,Kato Pyrgos,2022-09-19,53,125474,Savings
540,540,2023-09-26,Withdrawal,2804,,Moussoro,Online,Checking,,,Donovan,Baitey,dbaiteyez@bizjournals.com,Male,Andir,2022-02-06,29,78647,Both
541,541,2024-03-08,Deposit,1478,,Fiães,Online,Checking,,,Alberto,Barenski,abarenskif0@xinhuanet.com,Male,Giawang,2019-10-25,59,107327,Both
542,542,2023-04-18,Deposit,2125,,Changxuanling,Branch,Checking,,,Nannette,Kalewe,nkalewef1@foxnews.com,Female,Fak Tha,2016-11-15,19,30504,Both
543,543,2022-06-16,Transfer,1100,,Hongxi,Online,Checking,,,Kakalina,Hanaford,khanafordf2@blogger.com,Female,Hongshanyao,2016-04-03,34,130474,Savings
544,544,2024-08-12,Withdrawal,2533,,Cipari,Online,Checking,,,Rosmunda,Whitta,rwhittaf3@eepurl.com,Female,Fengyi,2020-07-26,44,30150,Savings
545,545,2023-02-14,Withdrawal,4282,,Cikalong,Online,Checking,,,Oates,MacTeague,omacteaguef4@trellian.com,Male,Marne-la-Vallée,2018-09-20,52,114558,Checking
546,546,2023-09-08,Withdrawal,3466,,Pondokaso,Branch,Checking,,,Ebenezer,Calveley,ecalveleyf5@jiathis.com,Male,Lluidas Vale,2022-11-11,71,121911,Checking
547,547,2022-01-22,Deposit,228,,Josefův Důl,ATM,Checking,,,Paxton,MacGorley,pmacgorleyf6@ycombinator.com,Male,Moyale,2015-01-09,33,54339,Savings
548,548,2024-09-02,Deposit,327,,Yueyahe,ATM,Checking,,,Sharon,Ralton,sraltonf7@wikia.com,Bigender,Mzuzu,2015-07-20,38,107982,Both
549,549,2024-11-25,Transfer,2605,,Shakhty,Branch,Checking,,,Cirillo,Mullin,cmullinf8@europa.eu,Male,Xibër-Murrizë,2024-03-22,71,66554,Savings
550,550,2024-12-26,Deposit,1200,,Cartagena,Online,Checking,,,Carmon,Galer,cgalerf9@paginegialle.it,Bigender,'s-Hertogenbosch,2015-02-17,54,59079,Savings
551,551,2024-06-05,Transfer,4794,,Ordzhonikidzevskiy,Online,Checking,,,Hillyer,Fairhead,hfairheadfa@simplemachines.org,Male,Yacuiba,2024-03-16,28,98037,Checking
552,552,2022-04-13,Withdrawal,397,,Idritsa,ATM,Checking,,,Alistair,Rapps,arappsfb@php.net,Male,Tielou,2021-06-11,54,124876,Both
553,553,2024-11-10,Deposit,3934,,Vondrozo,Online,Checking,,,Windham,Littler,wlittlerfc@unc.edu,Male,Tawan tawan,2016-11-16,40,53906,Checking
554,554,2022-02-11,Transfer,3028,,Dayangzhou,ATM,Checking,,,Claudine,Milne,cmilnefd@hao123.com,Female,Mobile,2024-07-19,69,147938,Savings
555,555,2022-10-09,Withdrawal,2631,,Banaba,ATM,Checking,,,Heall,Jouannisson,hjouannissonfe@miitbeian.gov.cn,Male,Fundación,2024-03-20,55,83639,Checking
556,556,2024-01-09,Withdrawal,471,,Kisumu,ATM,Checking,,,Patin,Showte,pshowteff@google.pl,Non-binary,São Mateus do Sul,2022-03-27,42,70070,Savings
557,557,2023-02-23,Deposit,1684,,Monze,ATM,Checking,,,Delmor,Halladay,dhalladayfg@nature.com,Male,Votkinsk,2016-10-27,19,113399,Savings
558,558,2023-01-13,Transfer,4338,,Khadyzhensk,Online,Checking,,,Tommy,Jekel,tjekelfh@issuu.com,Male,Desnogorsk,2015-01-19,39,130126,Both
559,559,2023-09-16,Transfer,4807,,San Bautista,Online,Checking,,,Abner,Aslett,aaslettfi@smugmug.com,Male,Tamontaka,2020-07-25,48,101566,Both
560,560,2024-07-16,Withdrawal,1968,,Ban Lŭng,ATM,Checking,,,Sollie,Alabaster,salabasterfj@t.co,Male,Paris La Défense,2021-11-17,70,76986,Both
561,561,2024-11-16,Withdrawal,4083,,Wonda,Branch,Checking,,,Genevieve,Walling,gwallingfk@npr.org,Female,Luojiang,2018-06-25,66,44528,Both
562,562,2023-12-17,Withdrawal,1754,,Maastricht,Branch,Checking,,,Dorolice,Tapner,dtapnerfl@symantec.com,Female,Zhishan,2022-12-04,42,71759,Checking
563,563,2024-04-14,Deposit,1167,,Lopandino,Branch,Checking,,,Consuelo,McGilmartin,cmcgilmartinfm@auda.org.au,Female,Hengjiang,2019-08-19,49,146686,Checking
564,564,2024-01-02,Withdrawal,4106,,Huili Chengguanzhen,Branch,Checking,,,Paco,Cuell,pcuellfn@cafepress.com,Male,Qarāwat Banī Zayd,2019-08-27,47,71286,Both
565,565,2022-12-29,Withdrawal,4487,,Shuangzhu,Online,Checking,,,Bondon,Yacobsohn,byacobsohnfo@sakura.ne.jp,Male,San Pedro,2015-08-19,65,65142,Checking
566,566,2023-04-14,Deposit,2293,,Opočno,Branch,Checking,,,Tilda,Burney,tburneyfp@ning.com,Female,Dopang,2016-09-19,73,128847,Both
567,567,2024-07-14,Deposit,1061,,Langsa,ATM,Checking,,,Jamal,Pail,jpailfq@booking.com,Agender,Jingcheng,2021-10-11,64,84140,Both
568,568,2024-02-10,Transfer,2823,,Marmárion,Online,Checking,,,Fonsie,Jermey,fjermeyfr@phoca.cz,Male,Yuecheng,2024-08-26,55,146498,Savings
569,569,2022-01-14,Withdrawal,2121,,Tyczyn,Branch,Checking,,,Florencia,Scorthorne,fscorthornefs@bizjournals.com,Female,Demba,2022-10-28,60,93188,Checking
570,570,2022-06-15,Withdrawal,1952,,Dete,ATM,Checking,,,Michaella,Berthomieu,mberthomieuft@wikipedia.org,Female,Pueblo Nuevo,2022-02-01,69,38904,Both
571,571,2023-05-10,Withdrawal,4471,,Niopanda,ATM,Checking,,,Kylie,Colt,kcoltfu@simplemachines.org,Female,Sezures,2022-07-16,48,83033,Savings
572,572,2024-05-07,Deposit,556,,Konsoy,ATM,Checking,,,Rosy,Pinckney,rpinckneyfv@plala.or.jp,Bigender,Igpit,2018-07-16,66,56867,Checking
573,573,2022-06-14,Transfer,1619,,Chapimarca,ATM,Checking,,,Ariadne,Mattessen,amattessenfw@behance.net,Female,Batal,2019-03-29,51,111277,Both
574,574,2023-12-27,Deposit,2775,,Kaducondong,Branch,Checking,,,Barby,Ansell,bansellfx@vk.com,Female,Jati,2020-02-12,55,105025,Checking
575,575,2023-10-03,Transfer,1681,,Lycksele,Online,Checking,,,Eric,McGaugie,emcgaugiefy@slashdot.org,Male,Kibuku,2021-12-04,29,67723,Checking
576,576,2022-03-31,Withdrawal,3878,,Rumburk,Online,Checking,,,Dougie,Larrat,dlarratfz@chicagotribune.com,Male,Naran Bulag,2017-05-05,21,94865,Both
577,577,2024-07-12,Transfer,3116,,Bang Yai,Online,Checking,,,Blithe,Thomazin,bthomazing0@cornell.edu,Female,Katoúna,2015-12-12,69,116043,Both
578,578,2024-05-16,Deposit,1506,,Malonty,ATM,Checking,,,Jacques,Quiddihy,jquiddihyg1@webs.com,Male,Ordynskoye,2018-10-12,54,81105,Both
579,579,2022-11-10,Transfer,2901,,Solna,Online,Checking,,,Michaela,Belsher,mbelsherg2@berkeley.edu,Female,Maple Plain,2024-08-22,63,80197,Savings
580,580,2022-06-14,Transfer,3608,,Kortkeros,Online,Checking,,,Arnold,Yes,ayesg3@google.es,Male,Ma'an,2018-05-05,64,109896,Checking
581,581,2023-02-01,Deposit,255,,Steblevë,Branch,Checking,,,Ozzie,Norrie,onorrieg4@si.edu,Male,Eindhoven,2024-08-11,73,118586,Both
582,582,2023-08-17,Transfer,823,,Borzęcin,Online,Checking,,,Sarette,Vlasenko,svlasenkog5@chicagotribune.com,Female,Sumberjo,2015-03-29,42,112024,Checking
583,583,2024-09-15,Deposit,4126,,Pangal Sur,ATM,Checking,,,Sharl,Fowlston,sfowlstong6@abc.net.au,Female,Huangling,2020-03-21,69,115708,Checking
584,584,2022-03-22,Transfer,4932,,Cela,ATM,Checking,,,Cassy,Simonich,csimonichg7@yahoo.com,Female,Gorjani,2021-09-01,47,65172,Savings
585,585,2024-12-29,Transfer,2202,,Kajiki,ATM,Checking,,,Jerrine,Nelson,jnelsong8@weibo.com,Female,Conceição da Abóboda,2020-07-22,28,92758,Savings
586,586,2022-11-10,Transfer,923,,Khān Arnabah,Branch,Checking,,,Michel,Feavyour,mfeavyourg9@intel.com,Male,Xinbu,2020-02-17,61,95244,Checking
587,587,2023-12-07,Transfer,168,,Talnakh,Branch,Checking,,,Bryana,Hewkin,bhewkinga@istockphoto.com,Female,Daguyun,2020-01-30,52,146050,Savings
588,588,2022-02-12,Withdrawal,1836,,Marília,Online,Checking,,,Boy,Sapp,bsappgb@businesswire.com,Male,Shuijiang,2024-02-13,70,95163,Checking
589,589,2022-02-24,Deposit,1740,,Niš,Online,Checking,,,Kurtis,Tollerfield,ktollerfieldgc@smh.com.au,Male,Quipot,2017-12-08,41,40609,Savings
590,590,2022-01-04,Withdrawal,1920,,L'Épiphanie,Online,Checking,,,Tanner,Leachman,tleachmangd@harvard.edu,Male,Gēdo,2018-05-26,39,32084,Both
591,591,2022-01-15,Withdrawal,2714,,Veranópolis,Branch,Checking,,,Angelita,Cassey,acasseyge@netscape.com,Female,Dankunku,2023-11-15,41,116541,Checking
592,592,2023-09-02,Withdrawal,3699,,Napoli,ATM,Checking,,,Lambert,Petersen,lpetersengf@nature.com,Male,Itagüí,2024-05-13,23,84092,Savings
593,593,2024-09-09,Withdrawal,2344,,Banturkrajan,Online,Checking,,,Fabe,Goucher,fgouchergg@wsj.com,Male,Banes,2017-05-18,47,148522,Both
594,594,2022-09-16,Withdrawal,4874,,Pangapisan,ATM,Checking,,,Frasquito,Dollimore,fdollimoregh@blogtalkradio.com,Male,Batumi,2016-09-15,43,58917,Both
595,595,2023-06-04,Withdrawal,1534,,Guohua,ATM,Checking,,,Sylvia,Carlsen,scarlsengi@squidoo.com,Female,Goubétto,2022-05-08,49,73447,Savings
596,596,2024-02-17,Deposit,1549,,Ouaoula,Online,Checking,,,Ileana,Flescher,ifleschergj@umich.edu,Female,Ngori,2018-05-16,20,126835,Savings
597,597,2023-06-07,Transfer,1611,,Palermo,ATM,Checking,,,Ema,Romanelli,eromanelligk@ca.gov,Female,Zarechnyy,2016-05-12,18,38516,Checking
598,598,2023-04-20,Deposit,4801,,Sanlidian,Online,Checking,,,Roberto,Vedmore,rvedmoregl@engadget.com,Genderqueer,Wschowa,2023-12-20,29,128522,Checking
599,599,2024-01-17,Transfer,454,,Huaqiu,Online,Checking,,,Elisabet,Clubb,eclubbgm@cloudflare.com,Female,Suocheng,2022-11-18,55,102497,Both
600,600,2024-01-05,Deposit,932,,Sebina,ATM,Checking,,,Annora,McGowran,amcgowrangn@last.fm,Non-binary,Zbąszyń,2019-03-01,54,127724,Both
601,601,2024-03-15,Transfer,2500,,Tateyama,Online,Checking,,,Cody,Fawdrie,cfawdriego@oaic.gov.au,Female,Niños Heroes,2020-05-07,26,141597,Savings
602,602,2023-07-17,Withdrawal,1062,,Acobamba,Branch,Checking,,,Granger,Ramsbotham,gramsbothamgp@technorati.com,Male,Asahbadung,2024-04-07,29,133362,Both
603,603,2022-06-01,Transfer,2997,,Weifang,Online,Checking,,,Jasmina,Storres,jstorresgq@merriam-webster.com,Female,Kraśnik,2015-12-16,31,92716,Savings
604,604,2023-11-30,Transfer,4130,,Tembeling,ATM,Checking,,,Mano,Gages,mgagesgr@spotify.com,Bigender,Cavaillon,2019-12-01,74,62936,Both
605,605,2022-05-17,Withdrawal,2126,,Rychwał,Branch,Checking,,,Claresta,McGaw,cmcgawgs@unesco.org,Female,Aubervilliers,2018-07-17,54,82351,Savings
606,606,2024-10-06,Deposit,2866,,Tanza,Branch,Checking,,,Cleo,Lindeman,clindemangt@acquirethisname.com,Female,Marapanim,2022-12-28,62,132440,Both
607,607,2022-01-20,Withdrawal,2998,,Itaperuçu,Online,Checking,,,Hastings,Tackley,htackleygu@uiuc.edu,Male,Ballymun,2019-05-12,65,138951,Savings
608,608,2022-01-17,Deposit,2446,,Sel’tso,Branch,Checking,,,Hillyer,MacCook,hmaccookgv@miibeian.gov.cn,Male,Bandarlampung,2015-03-29,30,97275,Both
609,609,2023-10-24,Transfer,2803,,Géfyra,ATM,Checking,,,Hart,Peplay,hpeplaygw@nymag.com,Male,Fort Worth,2024-07-30,44,130612,Savings
610,610,2022-05-09,Deposit,1114,,Shuyuan,ATM,Checking,,,Hamil,Riccardelli,hriccardelligx@mlb.com,Male,Suqiaoxiang,2015-01-19,19,117469,Both
611,611,2022-05-04,Withdrawal,4869,,Miass,Online,Checking,,,Desi,Elwood,delwoodgy@macromedia.com,Non-binary,Nantes,2023-05-18,54,51831,Both
612,612,2023-07-31,Withdrawal,181,,Pajagan,Branch,Checking,,,Mehetabel,Chesher,mcheshergz@ucoz.com,Female,Arjona,2015-08-08,40,94742,Checking
613,613,2023-10-15,Deposit,366,,Ryazanskiy,Online,Checking,,,Audry,Pamphilon,apamphilonh0@latimes.com,Female,Beijós,2019-07-24,57,68523,Savings
614,614,2023-05-19,Deposit,2953,,Skövde,ATM,Checking,,,Johnette,Marte,jmarteh1@hud.gov,Female,Denton,2017-09-21,24,138928,Checking
615,615,2022-12-09,Deposit,948,,Guiyang,Branch,Checking,,,Kiah,Lewton,klewtonh2@bigcartel.com,Female,Abrantes,2016-07-27,25,141771,Both
616,616,2022-10-07,Transfer,1866,,Al Jafr,ATM,Checking,,,Maddi,Goldbourn,mgoldbournh3@tumblr.com,Female,Bamban,2022-07-22,30,127917,Savings
617,617,2024-04-08,Withdrawal,4839,,Olesno,ATM,Checking,,,Sybila,Clues,scluesh4@amazonaws.com,Female,Salinas,2021-10-27,22,118883,Checking
618,618,2023-12-14,Withdrawal,1662,,Xinqiaohe,Online,Checking,,,Dollie,Huscroft,dhuscrofth5@hatena.ne.jp,Female,Ar Raqqah,2015-12-10,32,58610,Savings
619,619,2024-07-05,Deposit,714,,Greenland,ATM,Checking,,,Rip,Hellin,rhellinh6@sun.com,Male,Yangzi,2022-04-16,62,30633,Savings
620,620,2024-09-06,Withdrawal,2771,,Llusco,Branch,Checking,,,Edouard,Patten,epattenh7@paginegialle.it,Polygender,Lupo,2016-09-30,71,61097,Both
621,621,2022-07-17,Deposit,1103,,Ōbu,Branch,Checking,,,Laurella,Ahrend,lahrendh8@bing.com,Female,Chenglin,2024-03-24,35,35162,Checking
622,622,2024-10-10,Transfer,1088,,Sérifos,Branch,Checking,,,Chevalier,Speir,cspeirh9@google.ru,Male,Nagahama,2016-12-07,50,33819,Both
623,623,2022-05-21,Withdrawal,3444,,Iwaki,Online,Checking,,,Rodge,Cleaveland,rcleavelandha@bandcamp.com,Male,Ortega,2019-12-25,49,126319,Checking
624,624,2024-05-18,Transfer,3125,,Degan,ATM,Checking,,,Leshia,Border,lborderhb@aol.com,Female,Mander,2024-02-23,74,72717,Checking
625,625,2022-12-28,Withdrawal,3806,,Ansongo,Online,Checking,,,Evy,Rodger,erodgerhc@ning.com,Female,Xintang,2018-06-25,35,114099,Savings
626,626,2022-03-04,Deposit,3710,,Krasnosilka,Branch,Checking,,,Nevile,Tucknutt,ntucknutthd@earthlink.net,Male,Setono,2020-10-25,65,101897,Savings
627,627,2022-08-02,Deposit,1917,,Ituiutaba,ATM,Checking,,,Chaim,Fackrell,cfackrellhe@edublogs.org,Male,Hitura,2018-10-25,26,103901,Both
628,628,2023-07-25,Deposit,1948,,Mtsamdou,Online,Checking,,,Killian,Seivwright,kseivwrighthf@state.tx.us,Male,Huanggang,2018-03-27,68,128473,Both
629,629,2024-07-06,Deposit,440,,Piggotts,Online,Checking,,,Nonnah,Ashness,nashnesshg@zdnet.com,Non-binary,Krajan Pocangan,2017-09-18,58,130760,Checking
630,630,2022-10-17,Deposit,518,,Metz,Online,Checking,,,Sinclair,Calton,scaltonhh@dmoz.org,Male,Kaiama,2017-08-23,50,147873,Savings
631,631,2024-02-17,Deposit,786,,Vierzon,ATM,Checking,,,Gardner,Kobera,gkoberahi@go.com,Male,Nāḩiyat Alī ash Sharqī,2022-09-02,50,44590,Both
632,632,2024-03-09,Withdrawal,1118,,Sa‘sa‘,Branch,Checking,,,Dallas,Gonnely,dgonnelyhj@quantcast.com,Genderqueer,Lyon,2018-02-08,70,121004,Checking
633,633,2024-03-07,Transfer,4436,,Dunlewy,Branch,Checking,,,Alister,Casement,acasementhk@twitter.com,Male,Dankama,2019-02-11,70,112942,Savings
634,634,2023-05-12,Withdrawal,1043,,Ruma,Online,Checking,,,Mira,Tupie,mtupiehl@craigslist.org,Female,Xiping,2017-10-03,38,50349,Savings
635,635,2023-04-30,Transfer,1190,,Jangheung,Online,Checking,,,Moritz,Dootson,mdootsonhm@harvard.edu,Male,Balaoang,2021-10-23,27,126926,Savings
636,636,2024-06-29,Withdrawal,3560,,Cuito,Branch,Checking,,,Kip,Gittus,kgittushn@bloglovin.com,Female,Port-à-Piment,2021-11-13,21,57924,Both
637,637,2022-05-10,Deposit,1714,,Las Minas,Online,Checking,,,Shurwood,Ridge,sridgeho@myspace.com,Male,Périgueux,2017-10-06,19,143680,Both
638,638,2023-12-06,Withdrawal,943,,Machov,Online,Checking,,,Cyrillus,Gotfrey,cgotfreyhp@ft.com,Male,Banos,2021-12-21,19,54821,Savings
639,639,2022-06-28,Deposit,226,,Mengzhai,ATM,Checking,,,Tadd,Kilbourne,tkilbournehq@hugedomains.com,Male,Ciguna,2019-02-03,49,97039,Checking
640,640,2023-12-03,Transfer,49,,Toungo,ATM,Checking,,,Shelley,Dansken,sdanskenhr@taobao.com,Male,Moganshan,2024-06-05,29,103486,Checking
641,641,2024-09-04,Deposit,2285,,Huayuan,Branch,Checking,,,Emerson,Koopman,ekoopmanhs@booking.com,Male,Dve Mogili,2015-06-22,46,108262,Savings
642,642,2022-03-22,Transfer,625,,Kurihashi,Branch,Checking,,,Kissie,Lopez,klopezht@dagondesign.com,Female,Chumphon Buri,2016-08-26,58,106828,Both
643,643,2024-08-14,Deposit,2869,,Busdi,Branch,Checking,,,Bernice,MacCorkell,bmaccorkellhu@bloglines.com,Female,Strazhitsa,2019-08-21,65,77683,Savings
644,644,2022-04-18,Transfer,1619,,Zhongcun,ATM,Checking,,,Marietta,Topley,mtopleyhv@gmpg.org,Female,El Triunfo,2018-01-17,42,74216,Both
645,645,2022-12-12,Withdrawal,897,,Las Heras,ATM,Checking,,,Cleavland,Coldridge,ccoldridgehw@drupal.org,Male,Nouâdhibou,2015-06-10,52,149759,Savings
646,646,2022-05-28,Transfer,3097,,Nyrkiv,Online,Checking,,,Rahal,Lauga,rlaugahx@technorati.com,Female,Nanyuan,2021-01-15,43,130423,Checking
647,647,2024-09-17,Transfer,2738,,Pivka,ATM,Checking,,,Leonardo,Yanshonok,lyanshonokhy@businessweek.com,Male,Paris 10,2015-01-04,57,122784,Checking
648,648,2023-06-24,Transfer,1355,,Tamorong,Branch,Checking,,,Salem,Sambles,ssambleshz@unesco.org,Male,Aliaga,2023-04-03,47,35082,Savings
649,649,2022-03-27,Transfer,4362,,Kassándreia,ATM,Checking,,,Ettie,Huguet,ehugueti0@instagram.com,Female,Kotaagung,2018-05-06,73,47615,Checking
650,650,2024-08-02,Deposit,3738,,Cervantes,Online,Checking,,,Cortie,Yeabsley,cyeabsleyi1@freewebs.com,Male,Kathu,2015-10-12,67,77788,Checking
651,651,2023-10-09,Transfer,3968,,Vilnius,Branch,Checking,,,Benjie,Wabb,bwabbi2@utexas.edu,Male,Headlands,2020-09-22,59,77971,Savings
652,652,2022-07-29,Transfer,4819,,Mamonovo,Online,Checking,,,Cristabel,Scawton,cscawtoni3@miibeian.gov.cn,Female,Jetaral,2022-08-08,69,147317,Savings
653,653,2022-11-13,Withdrawal,1918,,Cidolog,Branch,Checking,,,Devonna,Haszard,dhaszardi4@discuz.net,Female,Koski Tl,2023-12-25,45,98756,Savings
654,654,2024-09-01,Withdrawal,256,,Escuintla,Online,Checking,,,Hodge,Errichiello,herrichielloi5@hugedomains.com,Male,Tessaoua,2021-07-19,61,91748,Both
655,655,2024-05-21,Transfer,1350,,Ansermanuevo,ATM,Checking,,,Kylen,Wyles,kwylesi6@npr.org,Female,Pirok,2022-06-22,18,36624,Savings
656,656,2023-02-24,Deposit,1258,,Salinas,Online,Checking,,,Saw,Bisgrove,sbisgrovei7@t-online.de,Male,Debeljača,2015-03-02,23,94919,Checking
657,657,2022-10-26,Transfer,3293,,Datangzhuang,ATM,Checking,,,Lynnett,Kulis,lkulisi8@twitpic.com,Female,Kadugede,2021-03-07,58,92770,Savings
658,658,2022-11-28,Transfer,3806,,Thepharak,Branch,Checking,,,Urban,Krollmann,ukrollmanni9@bigcartel.com,Male,Firminópolis,2022-06-01,52,114256,Savings
659,659,2023-12-02,Deposit,1398,,Qianyou,Branch,Checking,,,Clarke,Kornas,ckornasia@hp.com,Male,Huaqiao,2018-07-26,51,131500,Savings
660,660,2022-10-24,Withdrawal,1634,,Lianozovo,Online,Checking,,,Bessy,Catt,bcattib@chicagotribune.com,Female,Petrovo-Dal’neye,2019-11-15,49,82850,Savings
661,661,2024-02-06,Transfer,585,,Kruengraya,ATM,Checking,,,Itch,Kohn,ikohnic@statcounter.com,Male,Jiukou,2023-08-09,72,42854,Savings
662,662,2022-06-09,Transfer,1602,,Blagodatnoye,ATM,Checking,,,Christiano,Longea,clongeaid@utexas.edu,Male,Rurrenabaque,2017-04-03,69,103081,Both
663,663,2024-01-06,Transfer,1779,,Dolati,ATM,Checking,,,Lowell,Zoephel,lzoephelie@histats.com,Male,Churovichi,2020-10-28,34,103773,Checking
664,664,2022-08-14,Transfer,4795,,Kunting,Online,Checking,,,Fancy,Higgen,fhiggenif@hhs.gov,Female,Zyryanovsk,2023-05-04,67,148493,Savings
665,665,2023-05-07,Withdrawal,1916,,Xijiang,Online,Checking,,,Kean,Tommei,ktommeiig@tinyurl.com,Male,Santa Gertrudes,2018-03-14,65,62178,Both
666,666,2022-10-14,Transfer,3448,,Temanjang,Online,Checking,,,Deeanne,Bryns,dbrynsih@theatlantic.com,Female,Mbala,2018-04-14,63,53783,Savings
667,667,2022-06-09,Deposit,499,,Arue,Branch,Checking,,,Chancey,Fawdry,cfawdryii@census.gov,Non-binary,Xiahan,2017-05-09,24,139406,Savings
668,668,2022-11-23,Deposit,833,,Neuilly-sur-Marne,Online,Checking,,,Clem,Croysdale,ccroysdaleij@hc360.com,Female,Łobodno,2017-03-22,71,60591,Savings
669,669,2024-07-21,Transfer,1928,,Batangtoru,ATM,Checking,,,Quintilla,Wegman,qwegmanik@hexun.com,Female,Ráquira,2024-04-23,18,34402,Savings
670,670,2022-12-02,Transfer,426,,Longwan,Online,Checking,,,Eugenie,Bamsey,ebamseyil@loc.gov,Female,Tula,2024-07-03,37,133447,Both
671,671,2023-03-12,Transfer,4107,,Svojat,Online,Checking,,,Benedicto,Taffurelli,btaffurelliim@weebly.com,Male,Cheqiao,2021-10-04,63,35424,Both
672,672,2023-01-31,Transfer,2167,,Aeka,Branch,Checking,,,Dame,Vobes,dvobesin@livejournal.com,Polygender,Mulyo,2020-08-24,54,108299,Savings
673,673,2022-04-04,Transfer,4895,,Karangtengah,Branch,Checking,,,Giusto,Perschke,gperschkeio@wired.com,Male,Atsugi,2020-02-19,59,128785,Savings
674,674,2024-07-11,Deposit,1314,,Rama,Online,Checking,,,Tiffi,Grummitt,tgrummittip@slate.com,Female,Vacov,2021-01-13,48,83370,Savings
675,675,2024-04-20,Withdrawal,1446,,Ādam,Branch,Checking,,,Evangeline,Raiston,eraistoniq@tamu.edu,Female,Malko Tŭrnovo,2024-01-21,18,112418,Savings
676,676,2022-04-29,Withdrawal,1775,,Pesagen,Online,Checking,,,Sophia,Augur,saugurir@weibo.com,Female,Jiuzhai,2016-08-11,58,145009,Checking
677,677,2022-12-29,Transfer,256,,Jalalaqsi,Branch,Checking,,,Hillard,Nunnerley,hnunnerleyis@mit.edu,Male,Grand Sable,2020-10-31,29,70065,Checking
678,678,2023-01-24,Deposit,1648,,Saku,Branch,Checking,,,Deena,Baudassi,dbaudassiit@shareasale.com,Female,Huddinge,2015-11-27,43,122333,Checking
679,679,2024-03-04,Transfer,71,,Magdaleno Aguilar,ATM,Checking,,,Dud,Weetch,dweetchiu@springer.com,Male,Sindangkopo,2017-06-09,27,57652,Checking
680,680,2024-12-05,Transfer,1274,,Karanggeneng,Branch,Checking,,,Candra,Trunchion,ctrunchioniv@a8.net,Female,Batubantar,2024-07-08,73,142696,Savings
681,681,2023-08-18,Withdrawal,3684,,Bedalewun,Branch,Checking,,,Fred,Mortlock,fmortlockiw@pen.io,Female,Veselí nad Moravou,2017-04-04,40,127942,Both
682,682,2023-04-13,Transfer,128,,Viloco,Online,Checking,,,Zorana,Bussons,zbussonsix@fotki.com,Female,Poshekhon’ye,2024-08-03,52,61456,Savings
683,683,2022-08-20,Deposit,2443,,Vitória da Conquista,Online,Checking,,,Osmond,Ruffles,orufflesiy@behance.net,Male,Sauri,2016-03-14,47,90068,Checking
684,684,2023-10-09,Deposit,553,,Krajan Demit,ATM,Checking,,,Hussein,Le Provost,hleprovostiz@storify.com,Male,Zhiqu,2017-05-10,23,101678,Savings
685,685,2023-03-13,Deposit,3896,,Obsharovka,ATM,Checking,,,Ingeberg,Albin,ialbinj0@hexun.com,Female,Belawang,2016-04-18,37,147619,Savings
686,686,2023-07-04,Transfer,2325,,Wuqishan,Online,Checking,,,Simone,Bagenal,sbagenalj1@example.com,Female,Conduaga,2021-03-11,43,86690,Savings
687,687,2022-01-05,Deposit,189,,Mangaran,Online,Checking,,,Jeromy,Inkin,jinkinj2@list-manage.com,Male,Umuarama,2022-04-09,62,88855,Checking
688,688,2022-04-09,Withdrawal,4629,,Tonjongsari,Online,Checking,,,Laurie,Mollen,lmollenj3@skype.com,Female,San Jose,2017-08-14,61,40299,Savings
689,689,2023-01-11,Deposit,3329,,Corinto,Online,Checking,,,Melvin,Dymidowski,mdymidowskij4@forbes.com,Male,Manikchari,2022-04-16,43,107247,Savings
690,690,2024-12-19,Deposit,2722,,Bobrowice,ATM,Checking,,,Lowell,Gianilli,lgianillij5@cbsnews.com,Male,Sukamaju,2023-05-18,47,30353,Savings
691,691,2022-03-08,Transfer,4912,,Tongzi,Online,Checking,,,Frasco,Stoller,fstollerj6@blogger.com,Male,Avon,2023-10-13,32,142187,Checking
692,692,2024-10-01,Transfer,2219,,Shamkhor,Online,Checking,,,Dell,Piotrowski,dpiotrowskij7@va.gov,Female,Bojongaren,2015-05-24,40,134546,Both
693,693,2024-04-12,Deposit,1770,,Omaha,Branch,Checking,,,Chrissy,Burnham,cburnhamj8@google.pl,Male,Buritizeiro,2019-10-28,22,129076,Savings
694,694,2023-03-22,Transfer,1566,,Koppies,ATM,Checking,,,Michale,Divina,mdivinaj9@techcrunch.com,Male,Hanyuan,2024-03-13,33,84645,Both
695,695,2024-07-08,Transfer,4525,,Kil,ATM,Checking,,,Broderick,Maytum,bmaytumja@senate.gov,Male,Nyangao,2020-05-24,35,40262,Checking
696,696,2023-01-30,Withdrawal,552,,Media Luna,ATM,Checking,,,Alanson,Ubee,aubeejb@cornell.edu,Male,Monaragala,2016-06-03,63,49131,Savings
697,697,2022-02-13,Withdrawal,2866,,Pasarkayu,ATM,Checking,,,Oliy,Braithwait,obraithwaitjc@mozilla.org,Polygender,Huangfang,2018-12-18,59,111853,Savings
698,698,2024-07-20,Deposit,2480,,Beishan,ATM,Checking,,,Vale,Arnoult,varnoultjd@seesaa.net,Female,Xiayang,2020-07-19,69,74567,Both
699,699,2023-11-21,Transfer,4339,,Nazaré,ATM,Checking,,,Birk,Nayer,bnayerje@cam.ac.uk,Male,Kediren,2023-05-18,23,70617,Savings
700,700,2023-06-26,Deposit,4550,,Åstorp,Branch,Checking,,,Virginia,Broe,vbroejf@1und1.de,Female,Monte Francisco,2018-10-09,31,31580,Both
701,701,2024-09-09,Deposit,3512,,Chaem Luang,ATM,Checking,,,Brooke,Janoch,bjanochjg@yale.edu,Female,Baracoa,2024-09-25,36,107699,Checking
702,702,2024-02-23,Transfer,3779,,San Miguel,Online,Checking,,,Powell,Biever,pbieverjh@noaa.gov,Male,Zhuge,2021-02-25,49,143210,Checking
703,703,2022-07-21,Withdrawal,2675,,Нераште,ATM,Checking,,,Denni,Totman,dtotmanji@boston.com,Female,Settat,2022-04-24,38,39224,Both
704,704,2023-01-24,Transfer,1274,,Liancheng,Online,Checking,,,Jeannette,Joontjes,jjoontjesjj@uiuc.edu,Female,La Unión,2016-04-22,25,39023,Checking
705,705,2022-01-07,Withdrawal,4866,,Staropavlovskaya,ATM,Checking,,,Teresita,Tellenbach,ttellenbachjk@privacy.gov.au,Female,Mancha Khiri,2018-11-11,27,117480,Checking
706,706,2023-01-20,Transfer,4174,,Puji,Online,Checking,,,Concettina,Larcher,clarcherjl@yelp.com,Female,Derbent,2018-07-17,67,65302,Savings
707,707,2023-01-08,Deposit,222,,Imbituva,Branch,Checking,,,Courtney,Skerme,cskermejm@nba.com,Female,Aco,2018-02-10,24,101224,Savings
708,708,2024-07-24,Deposit,3248,,Villanueva,Online,Checking,,,North,Mitroshinov,nmitroshinovjn@vistaprint.com,Male,Saint-Raymond,2019-03-07,70,119129,Savings
709,709,2023-04-05,Deposit,1268,,Taounza,Branch,Checking,,,Guenevere,Badam,gbadamjo@engadget.com,Female,Luodian,2019-03-15,26,127729,Checking
710,710,2024-08-22,Withdrawal,3982,,Hor,ATM,Checking,,,Erik,Jacomb,ejacombjp@usgs.gov,Male,Yantang,2015-09-28,56,88781,Both
711,711,2024-08-03,Transfer,2100,,Luhačovice,ATM,Checking,,,Corrine,Crudginton,ccrudgintonjq@macromedia.com,Female,Banjar Sengguan,2024-02-18,49,134299,Both
712,712,2024-05-26,Deposit,30,,Petaling Jaya,Online,Checking,,,Reg,Hullyer,rhullyerjr@twitter.com,Male,Seattle,2021-02-09,45,54587,Checking
713,713,2024-12-22,Deposit,1382,,Yuqian,Online,Checking,,,Charles,Mableson,cmablesonjs@flavors.me,Polygender,Yerazgavors,2020-06-09,57,89648,Checking
714,714,2022-01-21,Withdrawal,366,,Wensu,Online,Checking,,,Winny,Selwyn,wselwynjt@macromedia.com,Female,Dębno,2019-05-08,59,137996,Checking
715,715,2023-12-18,Withdrawal,1341,,Parakanpanjang,Branch,Checking,,,Henrieta,Golledge,hgolledgeju@myspace.com,Female,Talitsy,2020-03-03,21,101994,Both
716,716,2023-08-20,Withdrawal,2906,,Sinjār,Branch,Checking,,,Brendon,Harrald,bharraldjv@army.mil,Polygender,Colomiers,2022-03-15,40,134735,Checking
717,717,2024-08-11,Withdrawal,3989,,Spodnja Hajdina,Branch,Checking,,,Deloris,Peachment,dpeachmentjw@nymag.com,Female,Jintian,2022-07-16,21,124460,Checking
718,718,2023-11-05,Deposit,1491,,Pampa de los Guanacos,Online,Checking,,,Christoper,Windrum,cwindrumjx@economist.com,Male,Kirovohrad,2018-11-20,75,47078,Checking
719,719,2024-04-03,Withdrawal,2042,,Seroa,ATM,Checking,,,Calvin,Rowsel,crowseljy@qq.com,Male,Palos,2022-02-04,30,52151,Savings
720,720,2024-02-03,Withdrawal,1141,,Quimilí,ATM,Checking,,,Niles,McLagain,nmclagainjz@hugedomains.com,Male,Benešov,2020-11-06,30,143114,Checking
721,721,2023-08-15,Deposit,2659,,Matelândia,ATM,Checking,,,Alva,Scamwell,ascamwellk0@narod.ru,Male,Milán,2022-04-24,37,43702,Savings
722,722,2023-11-12,Transfer,1708,,Nilanapo,ATM,Checking,,,Tonia,Clewett,tclewettk1@opera.com,Female,Whistler,2021-02-21,21,37148,Savings
723,723,2022-03-22,Withdrawal,1323,,Želetava,Online,Checking,,,Penny,Tissington,ptissingtonk2@paginegialle.it,Female,Banikoara,2020-09-05,61,32595,Checking
724,724,2024-04-08,Transfer,711,,Carvalhal,Online,Checking,,,Maris,Dana,mdanak3@cnbc.com,Female,Cajicá,2022-12-24,59,89541,Checking
725,725,2024-02-29,Transfer,1111,,Barrancabermeja,Branch,Checking,,,Gus,Parres,gparresk4@blogs.com,Male,Nong Chik,2016-05-10,57,67457,Checking
726,726,2024-01-19,Withdrawal,2844,,كاف الجاع,ATM,Checking,,,Godfrey,Trundell,gtrundellk5@amazon.co.jp,Male,Baoyang,2017-04-09,23,143928,Checking
727,727,2022-06-07,Deposit,4405,,Bocowanti,Branch,Checking,,,Hercule,Normavill,hnormavillk6@twitpic.com,Male,Labney,2024-11-21,35,48393,Savings
728,728,2022-11-20,Transfer,2312,,Arzila,Branch,Checking,,,Kori,Lanyon,klanyonk7@ca.gov,Female,Hlybokaye,2016-08-12,39,144150,Savings
729,729,2023-06-27,Deposit,3866,,Komarno,Branch,Checking,,,Emeline,Lawlee,elawleek8@dagondesign.com,Female,Emiliano Zapata,2017-05-12,56,88522,Checking
730,730,2024-10-18,Deposit,573,,Neryungri,ATM,Checking,,,Baxter,Chedzoy,bchedzoyk9@opera.com,Male,Starominskaya,2017-10-25,75,58792,Checking
731,731,2024-10-11,Deposit,3310,,San Lorenzo,Online,Checking,,,Britteny,Crayker,bcraykerka@umn.edu,Female,Rassvet,2022-09-08,60,100628,Checking
732,732,2023-04-29,Deposit,959,,Fujisawa,Branch,Checking,,,Issie,Cline,iclinekb@icio.us,Female,Sayang Lauq,2015-11-22,59,60051,Both
733,733,2022-02-25,Transfer,982,,Santa Lucía,ATM,Checking,,,Rowan,Gotcliff,rgotcliffkc@illinois.edu,Male,Shiqiao,2020-06-09,74,147240,Both
734,734,2022-08-29,Deposit,608,,Sardasht,ATM,Checking,,,Herb,Wicken,hwickenkd@creativecommons.org,Male,Kharlu,2023-02-24,73,87365,Savings
735,735,2022-01-12,Transfer,4728,,Enhtal,ATM,Checking,,,Gretna,Genthner,ggenthnerke@sbwire.com,Female,Montreuil,2016-10-07,57,129711,Savings
736,736,2024-08-03,Transfer,153,,União dos Palmares,Online,Checking,,,Anitra,Profit,aprofitkf@drupal.org,Polygender,Desovo,2023-06-15,30,59371,Checking
737,737,2024-12-13,Transfer,4924,,Layu,Online,Checking,,,Ann-marie,McKellar,amckellarkg@ox.ac.uk,Female,Trondheim,2021-11-27,50,108657,Checking
738,738,2023-11-10,Withdrawal,4271,,Saint-Lin-Laurentides,Online,Checking,,,Annora,O'Fogarty,aofogartykh@comcast.net,Female,Boguchar,2017-07-31,64,107802,Savings
739,739,2024-06-18,Deposit,340,,Laguna,Online,Checking,,,Barris,Versey,bverseyki@sphinn.com,Male,Mathba,2022-02-03,45,129478,Both
740,740,2023-04-05,Transfer,2721,,Rumphi,Online,Checking,,,Kerrill,Lowes,kloweskj@themeforest.net,Female,Pombal,2019-01-21,59,62845,Savings
741,741,2024-12-28,Withdrawal,3844,,San Benito,Online,Checking,,,Deerdre,Durno,ddurnokk@stumbleupon.com,Female,Ha,2017-03-20,25,140967,Both
742,742,2023-02-04,Withdrawal,2810,,Camacupa,ATM,Checking,,,Jacquie,Stowell,jstowellkl@addthis.com,Female,Hodkovičky,2022-08-24,59,82998,Both
743,743,2022-02-21,Withdrawal,3238,,Launceston,Branch,Checking,,,Erroll,Eichmann,eeichmannkm@freewebs.com,Male,Polowat,2019-02-28,68,143294,Both
744,744,2023-07-08,Withdrawal,1796,,La Mesa,Branch,Checking,,,Vernon,Nourse,vnoursekn@merriam-webster.com,Male,Zaranj,2020-09-02,24,125485,Savings
745,745,2022-01-08,Deposit,3415,,Wichit,ATM,Checking,,,Moyna,Conniam,mconniamko@exblog.jp,Female,Taurija,2016-02-11,28,63848,Both
746,746,2022-08-24,Transfer,1116,,Bác Ái,Online,Checking,,,Kristin,Netti,knettikp@technorati.com,Female,Dzvinogrud,2016-07-03,33,111216,Both
747,747,2023-10-31,Withdrawal,599,,Xinchengzi,Branch,Checking,,,Tamas,Goldie,tgoldiekq@fastcompany.com,Male,Saint-Lô,2015-04-12,44,92160,Both
748,748,2024-09-06,Deposit,3032,,Plaju,ATM,Checking,,,Redd,Mattheis,rmattheiskr@biblegateway.com,Male,Beolgyo,2024-02-09,21,60400,Savings
749,749,2023-03-31,Deposit,2277,,Xiushan,ATM,Checking,,,Sula,Reynalds,sreynaldsks@php.net,Female,Cantagallo,2020-04-19,62,111600,Savings
750,750,2024-03-05,Transfer,4852,,Czerniewice,Branch,Checking,,,Freddie,Scatchard,fscatchardkt@homestead.com,Female,Kamifukuoka,2024-10-28,69,32850,Checking
751,751,2024-05-20,Deposit,4886,,Rote,Online,Checking,,,Chelsey,Weadick,cweadickku@reuters.com,Female,Timbaúba,2018-10-23,50,131741,Checking
752,752,2023-06-09,Deposit,2597,,Staten Island,ATM,Checking,,,Regen,Butte,rbuttekv@geocities.com,Male,Tubli,2015-12-04,72,144572,Savings
753,753,2023-08-11,Deposit,2481,,Ngembul,Online,Checking,,,Wolfy,Kroll,wkrollkw@opera.com,Male,Independencia,2023-10-07,35,73671,Savings
754,754,2022-02-28,Transfer,2802,,Pravda,Branch,Checking,,,Damon,Bruntjen,dbruntjenkx@guardian.co.uk,Polygender,Naranjal,2015-06-09,21,123913,Savings
755,755,2022-01-20,Withdrawal,535,,Kiernozia,Online,Checking,,,Patton,Kingswood,pkingswoodky@gmpg.org,Male,Bulacnin,2019-12-17,33,103756,Both
756,756,2022-12-28,Transfer,2668,,Taungdwingyi,Online,Checking,,,Tally,Tarbard,ttarbardkz@google.com,Male,Sacramento,2019-11-25,45,119102,Both
757,757,2024-05-24,Withdrawal,1901,,Bhātpāra Abhaynagar,ATM,Checking,,,Normie,Kingsworth,nkingsworthl0@amazon.co.uk,Male,Mesker-Yurt,2016-12-18,22,69112,Savings
758,758,2022-02-08,Deposit,3261,,Ciudad Nueva,Online,Checking,,,Cleve,Ashton,cashtonl1@about.me,Male,Bantardawa,2023-10-11,62,111548,Both
759,759,2024-01-03,Withdrawal,2686,,Valongo,Branch,Checking,,,Dehlia,Seefeldt,dseefeldtl2@wisc.edu,Female,Catamayo,2018-12-22,24,72471,Savings
760,760,2022-02-19,Transfer,4489,,Kafir Qala,ATM,Checking,,,Maryanna,Busst,mbusstl3@webs.com,Female,Sanhe,2022-08-11,66,40883,Both
761,761,2022-03-03,Withdrawal,2199,,Yuzhno-Sukhokumsk,Branch,Checking,,,Gabie,Allsep,gallsepl4@washington.edu,Male,Wete,2022-04-02,37,114279,Savings
762,762,2024-12-31,Withdrawal,468,,São Vicente de Ferreira,ATM,Checking,,,Dennie,Barosch,dbaroschl5@myspace.com,Polygender,Lubenec,2016-03-08,66,146145,Both
763,763,2024-11-19,Deposit,3263,,Palanas,ATM,Checking,,,Farr,Yaknov,fyaknovl6@wisc.edu,Male,Abuja,2015-08-08,27,135278,Both
764,764,2023-06-19,Deposit,1607,,Guta,Branch,Checking,,,Anna-diane,Rishman,arishmanl7@vimeo.com,Female,Muramatsu,2019-03-20,18,111280,Checking
765,765,2022-11-18,Withdrawal,2091,,Mevo horon,Online,Checking,,,Caddric,Yegoshin,cyegoshinl8@phpbb.com,Male,Yukou,2023-11-19,37,107151,Checking
766,766,2022-01-09,Transfer,3165,,Cimanggu Girang,ATM,Checking,,,Wendy,Zaniolini,wzaniolinil9@webeden.co.uk,Female,Tambaksari,2017-07-11,63,108460,Savings
767,767,2023-01-09,Withdrawal,2833,,Cigintung,Branch,Checking,,,Marshal,Colin,mcolinla@japanpost.jp,Male,Pršovce,2018-03-05,55,65695,Both
768,768,2024-06-08,Deposit,4467,,Pakokku,Branch,Checking,,,Claudell,Breadmore,cbreadmorelb@unblog.fr,Male,McKinley,2019-09-22,55,107777,Savings
769,769,2022-09-02,Deposit,3408,,Dalarik,Branch,Checking,,,Theresina,Saby,tsabylc@bloglovin.com,Female,Bumba,2023-08-29,26,82590,Savings
770,770,2023-02-14,Deposit,2432,,Borås,Branch,Checking,,,Hi,Muress,hmuressld@freewebs.com,Male,Gąbin,2016-10-06,31,88218,Both
771,771,2023-07-17,Withdrawal,4878,,Štoky,Branch,Checking,,,Ardella,Somerbell,asomerbellle@booking.com,Genderqueer,Wonokromo,2021-03-15,56,88821,Checking
772,772,2023-01-02,Withdrawal,4894,,Alcainça,ATM,Checking,,,Kurt,Pipet,kpipetlf@utexas.edu,Male,Liverpool,2020-06-21,75,136923,Both
773,773,2023-01-31,Withdrawal,2186,,Zhengcun,Branch,Checking,,,Bruno,Polo,bpololg@google.com.hk,Male,Minneapolis,2021-08-05,52,149782,Savings
774,774,2024-12-02,Transfer,209,,Det Udom,Branch,Checking,,,Doretta,Jindacek,djindaceklh@go.com,Female,Mikhaylovskoye,2022-10-14,68,44069,Savings
775,775,2023-01-13,Withdrawal,605,,Qingtang,Branch,Checking,,,Nye,Prentice,nprenticeli@imgur.com,Male,Maguling,2024-03-13,26,142152,Savings
776,776,2024-04-02,Deposit,1794,,Petaling Jaya,Online,Checking,,,Maje,Pearch,mpearchlj@goo.ne.jp,Male,Guyi,2015-04-02,54,66995,Checking
777,777,2024-08-24,Withdrawal,2339,,Lazdijai,Online,Checking,,,Tab,Dutteridge,tdutteridgelk@pinterest.com,Male,Khrenovoye,2024-01-12,72,92628,Savings
778,778,2024-12-04,Withdrawal,4120,,Hamilton,Online,Checking,,,Enriqueta,MacArd,emacardll@redcross.org,Female,Gostilitsy,2023-01-11,47,88395,Both
779,779,2024-10-16,Withdrawal,190,,Libacao,Branch,Checking,,,Johnnie,Grivori,jgrivorilm@addtoany.com,Male,Pengxing,2023-03-11,67,51663,Both
780,780,2024-04-26,Transfer,2134,,Aragarças,ATM,Checking,,,Bartholomeus,Hennemann,bhennemannln@scientificamerican.com,Male,Jorok Dalam,2021-12-28,62,39053,Savings
781,781,2023-12-07,Withdrawal,322,,Ōiso,Online,Checking,,,Philip,Nezey,pnezeylo@java.com,Male,General Conesa,2016-06-15,28,99340,Savings
782,782,2022-10-22,Transfer,3482,,Wuyang,ATM,Checking,,,Ursulina,Trask,utrasklp@sphinn.com,Female,Guantouzui,2016-09-20,24,51287,Both
783,783,2022-05-08,Transfer,1664,,Gori,Branch,Checking,,,Kit,Cheese,kcheeselq@infoseek.co.jp,Male,Klukeng,2017-06-23,69,140993,Checking
784,784,2024-09-05,Deposit,2626,,Veselí nad Moravou,Branch,Checking,,,Shelby,Krolak,skrolaklr@drupal.org,Male,Sarata,2022-04-03,75,119320,Both
785,785,2023-07-29,Withdrawal,1372,,Bang Racham,ATM,Checking,,,Kariotta,Odlin,kodlinls@mtv.com,Female,Quinuabamba,2015-09-21,74,63358,Checking
786,786,2024-04-18,Deposit,3689,,Buy,ATM,Checking,,,Tobye,Humpage,thumpagelt@nature.com,Genderfluid,Itu,2020-03-24,39,141969,Both
787,787,2023-03-26,Withdrawal,2183,,Bertoua,Branch,Checking,,,Patricio,Thornton-Dewhirst,pthorntondewhirstlu@de.vu,Polygender,Kinnula,2021-12-05,66,149594,Both
788,788,2024-11-22,Transfer,4745,,Clermont-Ferrand,Online,Checking,,,Gillian,Bowley,gbowleylv@storify.com,Female,Butubut Norte,2018-01-24,71,107881,Checking
789,789,2023-05-24,Withdrawal,4513,,Thala,ATM,Checking,,,Hakeem,Osanne,hosannelw@dagondesign.com,Male,Asyūţ,2023-02-05,31,144383,Savings
790,790,2022-03-29,Transfer,1386,,Tarbes,Branch,Checking,,,Care,Fogt,cfogtlx@hatena.ne.jp,Male,Huangni,2021-12-25,21,109522,Savings
791,791,2023-09-21,Withdrawal,4486,,Leyuan,ATM,Checking,,,Arleta,Upstone,aupstonely@mayoclinic.com,Female,Dobropillya,2023-04-27,57,42825,Savings
792,792,2024-01-29,Withdrawal,3758,,Four Cross Roads,Online,Checking,,,Gussi,Hariot,ghariotlz@deliciousdays.com,Female,Tafí Viejo,2018-11-17,20,143455,Both
793,793,2024-02-03,Transfer,782,,Sagud-Bahley,Online,Checking,,,Aharon,Shall,ashallm0@bigcartel.com,Male,Baisha,2018-05-16,29,118141,Savings
794,794,2023-12-12,Deposit,4277,,Monteiro,ATM,Checking,,,Rosanne,Leyrroyd,rleyrroydm1@chicagotribune.com,Female,Kibingo,2018-09-10,57,100365,Both
795,795,2024-05-11,Withdrawal,1716,,Itabaiana,Branch,Checking,,,Alix,Jendrassik,ajendrassikm2@flavors.me,Male,Lyntupy,2015-01-18,33,128455,Both
796,796,2024-01-26,Deposit,795,,Silago,Branch,Checking,,,Moshe,Lowdiane,mlowdianem3@wikispaces.com,Male,Magoúla,2024-07-01,74,64960,Checking
797,797,2024-09-13,Transfer,2525,,Huang’ao,ATM,Checking,,,Pietrek,Tambling,ptamblingm4@fda.gov,Male,Mavingouni,2018-10-20,47,83052,Checking
798,798,2024-12-18,Deposit,1510,,Syrostan,ATM,Checking,,,Shela,Torrance,storrancem5@state.gov,Female,Tolitoli,2022-08-26,58,66587,Checking
799,799,2022-04-01,Transfer,1279,,Moosomin,Branch,Checking,,,Jerrome,Baugham,jbaughamm6@123-reg.co.uk,Male,Tarbes,2021-08-29,57,146623,Checking
800,800,2023-08-24,Transfer,4542,,Stavanger,Branch,Checking,,,Reinald,Grieswood,rgrieswoodm7@intel.com,Male,Sembakung,2023-10-29,26,85505,Both
801,801,2023-12-17,Transfer,3718,,Jargalant,ATM,Checking,,,Melissa,Stoile,mstoilem8@wordpress.org,Female,Lubei,2015-09-13,18,137521,Both
802,802,2023-03-25,Deposit,234,,Beira,ATM,Checking,,,Price,Soden,psodenm9@ox.ac.uk,Male,Nueva Requena,2022-04-27,25,134521,Savings
803,803,2023-03-11,Transfer,2155,,Sanhe,Branch,Checking,,,Dorothy,Gusney,dgusneyma@com.com,Polygender,Melaka,2015-12-28,31,37532,Both
804,804,2024-04-11,Withdrawal,2564,,Capitán Bermúdez,ATM,Checking,,,Archaimbaud,De Lasci,adelascimb@51.la,Male,Maasin,2020-04-08,39,126341,Both
805,805,2023-03-11,Transfer,1822,,Yanghong,Online,Checking,,,Stoddard,Learmond,slearmondmc@utexas.edu,Bigender,Bilyayivka,2016-09-17,31,146862,Savings
806,806,2023-09-13,Withdrawal,2114,,Polazna,Branch,Checking,,,Rutter,Gilardoni,rgilardonimd@gravatar.com,Non-binary,Hudiksvall,2019-07-21,65,75051,Checking
807,807,2023-03-10,Withdrawal,4499,,Qingshui,ATM,Checking,,,Ronda,Rymour,rrymourme@wufoo.com,Female,Virolahti,2021-01-24,26,122830,Savings
808,808,2022-07-27,Deposit,1088,,Bertoua,ATM,Checking,,,James,Niece,jniecemf@wired.com,Genderfluid,Mahébourg,2022-05-31,62,31008,Savings
809,809,2023-08-23,Withdrawal,2607,,Vũ Thư,Online,Checking,,,Isacco,Saddler,isaddlermg@go.com,Male,Xinhui,2018-12-01,45,43309,Both
810,810,2022-07-10,Transfer,2428,,Shiguai,Online,Checking,,,Emmet,Clack,eclackmh@g.co,Male,Las Palmas,2024-06-25,75,64677,Checking
811,811,2023-11-09,Transfer,3493,,Tambulig,Online,Checking,,,Jerrie,Monte,jmontemi@dailymotion.com,Female,Basail,2018-06-06,24,47484,Both
812,812,2023-04-15,Deposit,3796,,Mizunami,Online,Checking,,,Kelly,Jeaffreson,kjeaffresonmj@epa.gov,Male,Tuojiang,2024-06-05,20,128856,Checking
813,813,2022-01-20,Transfer,1235,,Íasmos,Online,Checking,,,Jere,Ghelardi,jghelardimk@1688.com,Female,Vetluga,2021-08-31,45,89109,Checking
814,814,2024-05-02,Deposit,4127,,Terny,Online,Checking,,,Sheridan,Aphale,saphaleml@fotki.com,Male,Shuanghekou,2015-05-10,70,118233,Savings
815,815,2023-06-05,Withdrawal,1281,,Arshaluys,ATM,Checking,,,Humphrey,Muncie,hmunciemm@oakley.com,Male,Springfield,2018-05-27,35,142951,Checking
816,816,2023-08-17,Deposit,908,,Utrecht (stad),Branch,Checking,,,Fabiano,O'Lagene,folagenemn@eventbrite.com,Male,Tarqūmyā,2022-09-07,23,104618,Checking
817,817,2024-03-20,Withdrawal,2878,,Gabahan,Online,Checking,,,Pascal,Jozefczak,pjozefczakmo@cnet.com,Male,Tariji,2024-07-29,25,123665,Both
818,818,2023-04-27,Withdrawal,154,,Cauto Cristo,Branch,Checking,,,Xena,Djekovic,xdjekovicmp@cbslocal.com,Female,Skinnskatteberg,2015-07-04,60,113752,Savings
819,819,2023-01-18,Withdrawal,3092,,Cukangpanjang,Online,Checking,,,Betty,Westraw,bwestrawmq@ed.gov,Female,Järvakandi,2015-02-17,18,91350,Savings
820,820,2023-01-10,Deposit,3336,,Mojolampir,ATM,Checking,,,Sauncho,Andrus,sandrusmr@thetimes.co.uk,Male,George Town,2017-08-12,64,99501,Checking
821,821,2023-07-01,Deposit,2182,,Ipauçu,Branch,Checking,,,Fulton,Roderick,froderickms@home.pl,Male,An Lão,2017-10-22,21,70630,Savings
822,822,2022-04-30,Deposit,2870,,Xibër-Murrizë,Branch,Checking,,,Herman,Chominski,hchominskimt@princeton.edu,Male,Bārkhān,2016-05-30,37,67827,Both
823,823,2024-11-08,Transfer,4770,,Komenda,Branch,Checking,,,Starr,Eynon,seynonmu@squidoo.com,Female,Katrineholm,2017-08-22,70,34395,Savings
824,824,2023-04-09,Withdrawal,109,,Yunping,ATM,Checking,,,Marleen,Dafydd,mdafyddmv@ebay.com,Female,Dahay,2019-09-25,67,149529,Both
825,825,2022-12-10,Deposit,1079,,Le Pontet,Branch,Checking,,,Ollie,Measor,omeasormw@umn.edu,Female,Ādaži,2020-12-01,42,51327,Both
826,826,2022-03-29,Deposit,463,,Estrela,Online,Checking,,,Linnie,Cota,lcotamx@go.com,Non-binary,El Chol,2021-02-26,30,66910,Checking
827,827,2024-04-18,Transfer,1935,,Sekondi-Takoradi,Branch,Checking,,,Leonid,Smallshaw,lsmallshawmy@hatena.ne.jp,Male,North Shore,2021-04-20,43,145144,Checking
828,828,2022-02-19,Transfer,4935,,Khosta,Branch,Checking,,,Corrina,Grafham,cgrafhammz@wunderground.com,Female,Káto Miliá,2021-09-14,32,103673,Savings
829,829,2023-01-21,Transfer,3310,,Saint Helier,Branch,Checking,,,Noak,Le Merchant,nlemerchantn0@printfriendly.com,Male,Bojonglarang,2022-07-06,31,131330,Savings
830,830,2024-03-08,Withdrawal,2767,,Albuquerque,ATM,Checking,,,Benn,Drinkwater,bdrinkwatern1@spotify.com,Male,Benito Juarez,2016-04-23,21,119976,Checking
831,831,2023-05-31,Withdrawal,3371,,Xicheng,Online,Checking,,,Kendal,Lobley,klobleyn2@reuters.com,Male,Sumaré,2023-09-26,71,95974,Savings
832,832,2024-01-10,Withdrawal,559,,Ḩawf,Online,Checking,,,Debi,Foston,dfostonn3@163.com,Genderqueer,Vokhaïkó,2015-03-14,39,32405,Savings
833,833,2022-02-23,Transfer,507,,Muramatsu,ATM,Checking,,,Sibella,Priestland,spriestlandn4@rakuten.co.jp,Female,Şirrīn ash Shamālīyah,2018-02-12,67,121813,Savings
834,834,2023-03-20,Withdrawal,2951,,Puncaksempur,Online,Checking,,,Lanni,Wipfler,lwipflern5@yelp.com,Female,Vyshneve,2022-11-02,36,43067,Savings
835,835,2024-01-13,Withdrawal,488,,Ambelókipoi,Online,Checking,,,Zitella,Darcey,zdarceyn6@cocolog-nifty.com,Female,Kvasiny,2015-02-01,71,133093,Savings
836,836,2024-05-31,Withdrawal,221,,Aradac,ATM,Checking,,,Irvine,Shaughnessy,ishaughnessyn7@mail.ru,Male,Majan,2020-09-14,39,54497,Both
837,837,2023-05-20,Transfer,4828,,Belajen,Branch,Checking,,,Norean,Renahan,nrenahann8@arizona.edu,Female,Pardubice,2020-07-14,70,109625,Both
838,838,2022-07-31,Withdrawal,1282,,Brusyliv,ATM,Checking,,,Elset,McLarty,emclartyn9@rediff.com,Female,Abéché,2021-01-27,63,96424,Both
839,839,2023-08-03,Withdrawal,3036,,Fershampenuaz,Online,Checking,,,Maxy,Bridgwood,mbridgwoodna@mozilla.com,Male,Villa del Rosario,2023-07-17,46,90734,Checking
840,840,2023-06-05,Deposit,1478,,Skövde,Branch,Checking,,,Cosme,Hugues,chuguesnb@illinois.edu,Male,Qiaole,2020-05-09,28,141558,Both
841,841,2022-05-28,Withdrawal,1793,,Vasil’yevskiy Mokh,Online,Checking,,,Gualterio,Ronaghan,gronaghannc@ezinearticles.com,Male,Zavidovo,2016-08-13,51,135215,Savings
842,842,2022-10-09,Transfer,891,,Pamupukan,Online,Checking,,,Ema,Trimming,etrimmingnd@moonfruit.com,Genderqueer,San Jacinto,2016-03-20,73,37643,Savings
843,843,2022-02-27,Withdrawal,4924,,Gongju,ATM,Checking,,,Fax,Feldmann,ffeldmannne@chicagotribune.com,Male,Shicheng,2024-12-30,63,113450,Both
844,844,2023-09-03,Withdrawal,3190,,Rangmanten,Branch,Checking,,,Delora,Urrey,durreynf@ebay.co.uk,Female,Sampit,2020-10-09,34,47697,Both
845,845,2022-09-03,Deposit,4182,,Undurkhaan,ATM,Checking,,,Darnall,Fawlo,dfawlong@mail.ru,Male,Hetang,2020-08-08,62,98119,Checking
846,846,2022-08-07,Deposit,1837,,Minshan,ATM,Checking,,,Mufi,Boules,mboulesnh@g.co,Female,Qal‘ah-ye Shahr,2022-03-22,75,129533,Both
847,847,2022-01-16,Deposit,2401,,Łopuszno,Branch,Checking,,,Ardisj,Lawlings,alawlingsni@loc.gov,Female,Pepe,2023-12-08,47,85409,Both
848,848,2022-05-03,Deposit,1093,,Mabusag,Branch,Checking,,,Laurena,Garnall,lgarnallnj@behance.net,Female,Guancangping,2018-10-20,35,130696,Checking
849,849,2024-02-19,Deposit,571,,Gulonggang,Online,Checking,,,Feliks,Malyj,fmalyjnk@hugedomains.com,Male,Mikhaylovsk,2022-04-01,41,94597,Both
850,850,2022-04-17,Deposit,2579,,Manturovo,Online,Checking,,,Luther,Rosenqvist,lrosenqvistnl@joomla.org,Male,Jinping,2021-02-15,49,69831,Both
851,851,2023-10-18,Deposit,4949,,Acacías,Online,Checking,,,Brooke,Breddy,bbreddynm@edublogs.org,Male,Villa Santa Rita,2024-07-01,35,69848,Savings
852,852,2022-06-22,Withdrawal,4855,,Ermida,ATM,Checking,,,Ellene,Bembrigg,ebembriggnn@businessweek.com,Female,Bunog,2022-03-18,62,69605,Both
853,853,2023-04-09,Withdrawal,1009,,Mirów,ATM,Checking,,,Valenka,Philippou,vphilippouno@example.com,Agender,Annaka,2020-05-03,55,72244,Checking
854,854,2022-12-20,Deposit,3020,,Wąsosz,Online,Checking,,,Jeth,Hayer,jhayernp@loc.gov,Male,Fenglin,2016-07-06,33,97243,Both
855,855,2024-08-11,Withdrawal,2761,,Saint-Quentin-en-Yvelines,Branch,Checking,,,Neils,Hurch,nhurchnq@oaic.gov.au,Male,Göteborg,2021-01-16,51,144861,Checking
856,856,2023-01-26,Transfer,1490,,Palaió Fáliro,Branch,Checking,,,Gnni,Beakes,gbeakesnr@unesco.org,Female,Polyarnyye Zori,2017-03-25,21,117859,Savings
857,857,2024-01-15,Withdrawal,3914,,Bukal Sur,ATM,Checking,,,Chalmers,Klainer,cklainerns@people.com.cn,Male,Paris 13,2022-03-27,49,83985,Savings
858,858,2024-03-20,Transfer,1025,,Pul-e Khumrī,Online,Checking,,,Kennett,Jermy,kjermynt@uol.com.br,Male,Suru,2023-03-01,48,145493,Savings
859,859,2023-05-01,Transfer,1155,,Trondheim,ATM,Checking,,,Artie,Paulus,apaulusnu@parallels.com,Male,Nueva Vida Sur,2018-07-29,43,146482,Both
860,860,2024-03-26,Transfer,1340,,Santana,Branch,Checking,,,Rutherford,Bridgeland,rbridgelandnv@dailymail.co.uk,Male,Beberibe,2019-11-12,37,81707,Both
861,861,2022-09-18,Deposit,4520,,Barranco de Loba,Online,Checking,,,Bronny,Mazzei,bmazzeinw@webnode.com,Male,Cisiec,2022-09-19,34,119037,Savings
862,862,2024-03-10,Transfer,2382,,Handan,Online,Checking,,,Britni,Ellsworthe,bellsworthenx@apache.org,Female,Shangjie,2018-09-04,56,32565,Both
863,863,2023-03-10,Transfer,585,,Cotonou,ATM,Checking,,,Ring,Piola,rpiolany@whitehouse.gov,Male,Qasr Abu Hadi,2021-03-19,44,102354,Checking
864,864,2022-12-09,Deposit,3623,,Ulricehamn,ATM,Checking,,,Cris,Evreux,cevreuxnz@ft.com,Female,Greenville,2020-01-09,30,137393,Savings
865,865,2024-12-12,Transfer,930,,Xinxu,Branch,Checking,,,Nari,Vautrey,nvautreyo0@joomla.org,Female,Hujra,2020-09-18,53,124856,Both
866,866,2023-11-10,Transfer,4200,,Argithéa,ATM,Checking,,,Consuela,Jallin,cjallino1@gnu.org,Female,Jinhaihu,2018-01-25,39,124851,Savings
867,867,2024-01-06,Withdrawal,1238,,Janūb as Surrah,ATM,Checking,,,Sauncho,Roft,srofto2@noaa.gov,Male,Yanagawa,2020-11-29,37,52064,Checking
868,868,2024-10-16,Deposit,4664,,Los Angeles,Online,Checking,,,Kalindi,Dunne,kdunneo3@shinystat.com,Genderfluid,Mengxi,2023-08-31,49,50820,Checking
869,869,2022-02-02,Withdrawal,4066,,Yiqi,Online,Checking,,,Maxy,Breckenridge,mbreckenridgeo4@joomla.org,Female,Emiliano Zapata,2024-05-20,37,132268,Checking
870,870,2023-07-09,Withdrawal,1292,,Colomiers,Branch,Checking,,,Celestyna,Ollenbuttel,collenbuttelo5@seesaa.net,Female,Āsmār,2015-05-22,32,88432,Checking
871,871,2022-12-19,Withdrawal,4698,,Türkmenabat,Branch,Checking,,,Edeline,Ayliff,eayliffo6@bbb.org,Female,Popayán,2018-04-28,21,129237,Checking
872,872,2024-09-02,Withdrawal,3965,,Libao,Branch,Checking,,,Winonah,Berney,wberneyo7@alexa.com,Non-binary,Krzeszów,2023-11-27,51,116747,Savings
873,873,2023-06-30,Deposit,142,,Jungutbatu Kaja Dua,Online,Checking,,,Scottie,Brudenell,sbrudenello8@forbes.com,Male,Guanmian,2021-01-23,28,34566,Both
874,874,2022-09-05,Deposit,3966,,San José de Río Tinto,Branch,Checking,,,Trudy,Duligall,tduligallo9@wunderground.com,Female,Oslo,2016-01-12,66,69021,Checking
875,875,2024-05-26,Transfer,3045,,Tres Arroyos,Branch,Checking,,,Andreana,Adanez,aadanezoa@umich.edu,Female,Phoenix,2019-12-31,58,47595,Savings
876,876,2022-12-30,Transfer,648,,Bestöbe,ATM,Checking,,,Julio,Kyne,jkyneob@spotify.com,Male,Qijing,2024-07-20,56,75125,Savings
877,877,2023-05-24,Deposit,1641,,Bobigny,ATM,Checking,,,Morganne,Steffens,msteffensoc@techcrunch.com,Female,Nizhniy Dzhengutay,2024-09-18,39,102282,Checking
878,878,2023-07-22,Deposit,820,,Hasuda,Branch,Checking,,,Slade,Beddie,sbeddieod@skyrock.com,Male,San Miguel,2023-02-19,50,56773,Checking
879,879,2023-01-19,Deposit,510,,Bantarmangu,Online,Checking,,,Dix,Feld,dfeldoe@bbb.org,Genderqueer,Cannes,2023-02-23,47,142800,Checking
880,880,2024-03-09,Withdrawal,2711,,São José,ATM,Checking,,,Stephi,Kidwell,skidwellof@senate.gov,Non-binary,Manticao,2024-06-19,71,64467,Both
881,881,2024-11-06,Withdrawal,4665,,Duru,Online,Checking,,,Clerc,Botwright,cbotwrightog@pinterest.com,Male,Shaguotun,2021-08-07,25,98913,Checking
882,882,2024-02-13,Deposit,492,,San Fernando,Branch,Checking,,,Ivette,Fontes,ifontesoh@nifty.com,Female,Santiago do Cacém,2022-02-16,31,77297,Checking
883,883,2023-04-28,Withdrawal,971,,Na Wa,Branch,Checking,,,Shel,de Clerc,sdeclercoi@oracle.com,Female,Gelgaudiškis,2019-01-25,46,105211,Savings
884,884,2022-10-14,Deposit,2146,,Nangkasari,Online,Checking,,,Daven,Woolliams,dwoolliamsoj@sphinn.com,Male,Sallins,2016-09-05,65,123480,Savings
885,885,2024-09-30,Transfer,3778,,Arras,Online,Checking,,,Giulio,Loughren,gloughrenok@furl.net,Male,Kura,2024-07-11,63,85314,Savings
886,886,2023-07-02,Withdrawal,3400,,Buenos Aires,Branch,Checking,,,Anissa,Proffitt,aproffittol@gmpg.org,Female,Al Ḩaffah,2024-11-21,65,83107,Savings
887,887,2023-07-28,Withdrawal,2795,,Berlin,Branch,Checking,,,Britney,Bocke,bbockeom@illinois.edu,Female,Qixingtai,2020-11-21,32,99511,Both
888,888,2024-02-18,Transfer,231,,Youcheng,Online,Checking,,,Sal,Eastridge,seastridgeon@plala.or.jp,Male,Alabat,2018-10-14,53,93911,Savings
889,889,2023-09-08,Transfer,1414,,Sinait,ATM,Checking,,,Cordy,Storey,cstoreyoo@jugem.jp,Male,Vitrolles,2018-06-15,52,31369,Both
890,890,2022-08-15,Withdrawal,4505,,Cogreg Wetan,Online,Checking,,,Harris,Thatcher,hthatcherop@blog.com,Male,Chuanbu,2016-06-20,71,45840,Savings
891,891,2022-06-13,Transfer,190,,Miaofengshan,ATM,Checking,,,Benedetta,Wadham,bwadhamoq@redcross.org,Non-binary,Mataquescuintla,2017-10-31,37,57188,Both
892,892,2024-10-07,Deposit,1110,,Iznoski,ATM,Checking,,,Janos,Bunny,jbunnyor@jugem.jp,Male,Rawasan,2017-07-14,18,68526,Both
893,893,2022-01-14,Transfer,1400,,Likiep,Branch,Checking,,,Eryn,Quinet,equinetos@sfgate.com,Female,Carcassonne,2017-12-21,70,141881,Savings
894,894,2023-05-19,Transfer,2013,,Chico,Online,Checking,,,Laure,Blount,lblountot@naver.com,Female,Topol’noye,2020-09-16,58,144671,Checking
895,895,2023-03-16,Withdrawal,914,,Solec Nad Wisłą,ATM,Checking,,,Marv,Franckton,mfrancktonou@taobao.com,Male,Talawi,2019-01-31,31,43465,Checking
896,896,2024-10-30,Transfer,1845,,Yanglinwei,Online,Checking,,,Willie,Tolland,wtollandov@netlog.com,Female,Tupanciretã,2015-08-27,55,62406,Both
897,897,2024-05-19,Deposit,2214,,Bantar Tengah,ATM,Checking,,,Berke,Piddick,bpiddickow@linkedin.com,Male,Carman,2018-11-30,32,40373,Savings
898,898,2022-08-30,Deposit,4038,,Niederwaldkirchen,ATM,Checking,,,Vance,Hargate,vhargateox@cpanel.net,Male,Zabukovica,2015-08-18,48,50761,Savings
899,899,2022-04-16,Withdrawal,1369,,Yanagawa,ATM,Checking,,,Catlaina,Prott,cprottoy@un.org,Female,Guangshun,2023-12-03,26,109556,Savings
900,900,2023-07-24,Withdrawal,1985,,Sadananya,Branch,Checking,,,Parke,L'Hommee,plhommeeoz@eventbrite.com,Male,Sonorejo,2024-01-24,49,123176,Savings
901,901,2024-01-28,Transfer,3105,,Sanzao,ATM,Checking,,,Nevins,Agates,nagatesp0@dedecms.com,Male,Balzan,2023-10-08,22,104890,Savings
902,902,2023-12-20,Withdrawal,15,,Uspenskoye,ATM,Checking,,,Dasya,Laydon,dlaydonp1@dropbox.com,Female,Guamal,2016-11-30,68,128986,Checking
903,903,2022-06-20,Deposit,3152,,Sandu,Branch,Checking,,,Findlay,Haburne,fhaburnep2@pen.io,Non-binary,Lowayu,2020-03-14,32,58867,Checking
904,904,2022-05-03,Deposit,1260,,Andou,Branch,Checking,,,Lani,Craine,lcrainep3@dion.ne.jp,Female,Pregonero,2020-09-19,68,113977,Savings
905,905,2023-01-28,Deposit,46,,Caluire-et-Cuire,Online,Checking,,,Stanleigh,Spadari,sspadarip4@china.com.cn,Male,Swindon,2020-10-09,64,33403,Checking
906,906,2023-11-25,Withdrawal,4352,,Enskededalen,ATM,Checking,,,Giustina,McKerlie,gmckerliep5@booking.com,Female,Gongchenqiao,2023-06-06,19,95256,Checking
907,907,2022-12-30,Deposit,4559,,Katunayaka,Online,Checking,,,Desmond,Reinisch,dreinischp6@tripod.com,Male,Novopodrezkovo,2019-09-08,59,149034,Savings
908,908,2023-04-21,Transfer,1974,,Hayan Hudong,ATM,Checking,,,Gideon,Springtorp,gspringtorpp7@blogspot.com,Male,Greda,2018-08-22,47,125185,Both
909,909,2022-06-30,Withdrawal,1472,,Bununu Dass,Branch,Checking,,,Ella,Pidwell,epidwellp8@google.com.hk,Female,Masachapa,2021-03-29,50,144575,Both
910,910,2024-11-07,Deposit,1688,,Sanhe,Branch,Checking,,,Amy,Taillant,ataillantp9@istockphoto.com,Female,Beitan,2016-05-20,58,44102,Checking
911,911,2024-12-06,Deposit,3894,,Halmstad,Branch,Checking,,,Felic,Paolinelli,fpaolinellipa@quantcast.com,Male,Nuuk,2021-09-03,44,113443,Savings
912,912,2023-05-31,Withdrawal,342,,Baziqiao,Branch,Checking,,,Zebadiah,Spavon,zspavonpb@cocolog-nifty.com,Male,Rzgów,2019-12-06,37,139917,Checking
913,913,2022-05-09,Withdrawal,468,,Tōno,ATM,Checking,,,Wandie,Silvers,wsilverspc@altervista.org,Female,Zolotyy Potik,2016-02-24,43,98901,Both
914,914,2023-07-15,Deposit,1363,,Donabate,ATM,Checking,,,Hedwig,Armitage,harmitagepd@dedecms.com,Female,Curitibanos,2018-12-30,61,145849,Both
915,915,2024-12-11,Withdrawal,2442,,Qinghua,Online,Checking,,,Darlene,Prando,dprandope@craigslist.org,Female,Kalá Déndra,2022-07-29,51,128114,Savings
916,916,2024-02-05,Deposit,4849,,Kawahmanuk,Branch,Checking,,,Cristobal,Moncarr,cmoncarrpf@mtv.com,Male,Nagqu,2017-02-03,36,97597,Savings
917,917,2023-06-03,Withdrawal,2610,,Nal’chik,Branch,Checking,,,Viviyan,Shirland,vshirlandpg@theglobeandmail.com,Female,Wangzuizi,2015-03-12,20,123452,Both
918,918,2022-11-30,Transfer,3762,,San Rafael,ATM,Checking,,,Cary,Morhall,cmorhallph@ovh.net,Female,Chenārān,2021-05-10,20,41001,Savings
919,919,2024-10-20,Withdrawal,4439,,Malax,Branch,Checking,,,Joshia,Heald,jhealdpi@taobao.com,Male,Remedios,2024-07-12,62,42826,Both
920,920,2022-10-24,Withdrawal,3855,,Huanggexi,ATM,Checking,,,Hobard,Pharo,hpharopj@whitehouse.gov,Male,Fatualam,2024-12-08,19,129168,Savings
921,921,2023-05-12,Withdrawal,500,,La Virginia,ATM,Checking,,,Aime,Collyer,acollyerpk@senate.gov,Female,Baş Göynük,2016-04-01,42,64424,Both
922,922,2022-06-13,Withdrawal,3159,,Kristinehamn,ATM,Checking,,,Debora,Corbitt,dcorbittpl@bandcamp.com,Female,Knin,2016-05-20,35,93256,Checking
923,923,2024-05-13,Deposit,1346,,Lipovci,Branch,Checking,,,Yasmin,Cristofanini,ycristofaninipm@senate.gov,Female,Araraquara,2020-01-07,27,31663,Both
924,924,2022-06-28,Withdrawal,2260,,Hisings Kärra,Online,Checking,,,Marco,Lauridsen,mlauridsenpn@mtv.com,Male,Cempaka,2023-09-03,33,65053,Checking
925,925,2022-01-07,Withdrawal,417,,Sumbergayam,Online,Checking,,,Caterina,Dittson,cdittsonpo@goo.gl,Female,Shangma,2016-01-27,50,41224,Checking
926,926,2024-08-05,Withdrawal,4120,,Nortelândia,ATM,Checking,,,Meir,Dabels,mdabelspp@fema.gov,Male,Söderköping,2020-08-30,47,60982,Both
927,927,2024-08-26,Deposit,1719,,Jitian,Online,Checking,,,Kiley,Izod,kizodpq@clickbank.net,Male,Nova Olímpia,2023-04-21,49,132852,Checking
928,928,2024-11-30,Withdrawal,4404,,Chutove,Online,Checking,,,Bertram,Pelzer,bpelzerpr@icq.com,Male,Tamansari,2019-01-18,58,38341,Both
929,929,2024-11-10,Deposit,2919,,Shanghuang,Branch,Checking,,,Imogene,Labroue,ilabroueps@shinystat.com,Female,Ancol,2023-10-16,57,127710,Savings
930,930,2022-04-17,Deposit,1698,,Krajan Satu,Branch,Checking,,,Ingeborg,Oleszcuk,ioleszcukpt@is.gd,Female,Ningzhong,2021-04-12,67,96748,Checking
931,931,2022-11-30,Deposit,3378,,Kuching,ATM,Checking,,,Symon,Glaze,sglazepu@imdb.com,Male,Antony,2022-11-27,66,115116,Both
932,932,2023-10-22,Transfer,4341,,Chenqiao,Branch,Checking,,,Avrom,Maroney,amaroneypv@meetup.com,Male,Paprotnia,2018-10-26,59,72835,Both
933,933,2022-04-11,Withdrawal,769,,Bressuire,ATM,Checking,,,Lin,Bembrigg,lbembriggpw@guardian.co.uk,Bigender,Gorzkowice,2023-05-07,26,143457,Checking
934,934,2023-02-04,Deposit,1444,,San Andrés,Branch,Checking,,,Terrell,Bernardoux,tbernardouxpx@yandex.ru,Male,Lugo,2018-04-25,25,140031,Checking
935,935,2023-04-24,Deposit,2810,,Santo Ângelo,Branch,Checking,,,Barnard,Frankiewicz,bfrankiewiczpy@ftc.gov,Male,Zhukeng,2017-12-18,24,89695,Both
936,936,2022-11-10,Deposit,3482,,Nizhniy Kurkuzhin,ATM,Checking,,,Trenna,Tapper,ttapperpz@cam.ac.uk,Female,Karlstad,2022-12-08,42,49493,Both
937,937,2023-03-12,Withdrawal,2653,,Kananya,Online,Checking,,,Violante,McKeveney,vmckeveneyq0@europa.eu,Female,Huagu,2024-10-02,71,42299,Savings
938,938,2022-12-01,Transfer,1803,,Nové Strašecí,ATM,Checking,,,Dyanna,Epgrave,depgraveq1@flickr.com,Female,São Gabriel,2015-03-04,19,141148,Checking
939,939,2022-11-24,Withdrawal,25,,Seattle,ATM,Checking,,,Nelson,Menaul,nmenaulq2@walmart.com,Male,Gharyan,2020-12-02,28,49227,Checking
940,940,2022-04-07,Transfer,3963,,Pabean,Online,Checking,,,Jaime,Whimpenny,jwhimpennyq3@blogger.com,Male,Warin Chamrap,2021-10-19,75,143597,Savings
941,941,2023-01-30,Transfer,747,,Pitogo,Branch,Checking,,,Remington,Rustan,rrustanq4@ocn.ne.jp,Genderfluid,Bairro dos Marinheiros,2022-07-23,48,129416,Checking
942,942,2023-07-04,Deposit,1190,,São Gabriel,ATM,Checking,,,Garey,Haggas,ghaggasq5@npr.org,Male,Medang,2021-01-28,33,69131,Checking
943,943,2024-10-19,Deposit,150,,Lo Prado,ATM,Checking,,,Bernarr,Rishman,brishmanq6@zimbio.com,Male,Parumasan,2020-09-19,44,84429,Savings
944,944,2023-07-29,Deposit,2841,,Tha Mai,Branch,Checking,,,Bianka,Jindrich,bjindrichq7@cdbaby.com,Female,Bessonovka,2016-07-23,50,32779,Checking
945,945,2024-03-23,Withdrawal,4702,,Aborlan,ATM,Checking,,,Bianka,Alu,baluq8@cbsnews.com,Female,Longqiao,2016-06-23,60,89204,Savings
946,946,2023-06-26,Deposit,192,,Taganak,ATM,Checking,,,Dexter,Heindrick,dheindrickq9@nydailynews.com,Male,Al Jarādīyah,2023-12-25,59,115954,Savings
947,947,2024-11-06,Withdrawal,600,,Las Piñas,ATM,Checking,,,Ignaz,Moth,imothqa@smh.com.au,Male,Vaulx-en-Velin,2019-05-27,23,91790,Savings
948,948,2024-02-17,Withdrawal,4943,,Lusong,Online,Checking,,,Joe,Davydzenko,jdavydzenkoqb@xing.com,Male,Kuanfeu,2019-04-01,22,122914,Both
949,949,2024-06-26,Deposit,1425,,Iznoski,Branch,Checking,,,Alvin,Kohlerman,akohlermanqc@guardian.co.uk,Male,Tonshayevo,2023-10-08,33,147117,Savings
950,950,2023-03-09,Transfer,1200,,Embu,Online,Checking,,,Abbey,Atcheson,aatchesonqd@acquirethisname.com,Female,Lianshan,2016-01-03,38,90897,Savings
951,951,2022-04-28,Transfer,4988,,Machida,Branch,Checking,,,Shanta,Bunten,sbuntenqe@netscape.com,Female,Cuauhtemoc,2018-06-16,29,82453,Checking
952,952,2023-02-19,Withdrawal,1268,,Barengkok,ATM,Checking,,,Morganne,Andrejs,mandrejsqf@wikimedia.org,Female,Zhongmen,2023-04-14,56,77130,Savings
953,953,2023-06-11,Transfer,4321,,Tafí del Valle,Branch,Checking,,,Berkie,Moxom,bmoxomqg@bizjournals.com,Male,Rybache,2023-12-04,36,133830,Both
954,954,2022-03-12,Deposit,1417,,Volzhsk,Online,Checking,,,Thornie,Savege,tsavegeqh@businesswire.com,Male,Cuispes,2021-06-14,53,142285,Checking
955,955,2022-10-24,Transfer,232,,Glugu,ATM,Checking,,,Kendricks,Castanho,kcastanhoqi@163.com,Male,Kandangan,2022-01-22,29,38047,Checking
956,956,2023-07-08,Transfer,16,,Rukem,ATM,Checking,,,Indira,Sommerton,isommertonqj@hatena.ne.jp,Female,Leipzig,2015-07-08,61,86606,Both
957,957,2022-05-06,Deposit,2565,,Motygino,Branch,Checking,,,Ella,Durgan,edurganqk@cloudflare.com,Female,Cuiabá,2024-09-24,26,34522,Savings
958,958,2022-08-14,Deposit,2856,,Chimoio,Online,Checking,,,Rozele,Osgar,rosgarql@lycos.com,Female,Sevan,2021-03-24,22,95991,Savings
959,959,2024-01-02,Withdrawal,3092,,Mulhouse,Branch,Checking,,,Olga,Annable,oannableqm@artisteer.com,Female,Nishiwaki,2022-05-25,30,36978,Checking
960,960,2024-12-08,Transfer,4075,,Skënderbegas,ATM,Checking,,,Wren,Coxall,wcoxallqn@xing.com,Female,Pekalongan,2015-04-27,48,84106,Checking
961,961,2024-04-01,Deposit,3318,,Jadowniki Mokre,ATM,Checking,,,Savina,Bagshaw,sbagshawqo@oracle.com,Female,Guayaquil,2017-07-06,20,76777,Checking
962,962,2023-05-25,Withdrawal,817,,Maundai,ATM,Checking,,,Trever,Falloon,tfalloonqp@bluehost.com,Male,Saint Petersburg,2021-07-16,61,74695,Both
963,963,2023-09-24,Deposit,1542,,Yaopi,Online,Checking,,,Bevon,Dubose,bduboseqq@sourceforge.net,Male,Aksakovo,2022-03-19,43,109189,Checking
964,964,2024-06-25,Deposit,3737,,İsmayıllı,Online,Checking,,,Horace,Glamart,hglamartqr@wisc.edu,Male,Jiangbei,2017-05-06,41,103362,Checking
965,965,2022-08-05,Transfer,4815,,Santa Bárbara,Branch,Checking,,,Rob,Avrashin,ravrashinqs@statcounter.com,Male,Göteborg,2015-03-13,59,60960,Both
966,966,2024-06-13,Withdrawal,4062,,Gala,ATM,Checking,,,Vasily,Sheringham,vsheringhamqt@discovery.com,Genderqueer,Karlskoga,2023-05-01,56,64172,Checking
967,967,2022-04-19,Transfer,1436,,Okunoya,Branch,Checking,,,Maris,Sinton,msintonqu@ifeng.com,Female,Xianren,2017-04-05,46,107839,Savings
968,968,2024-05-12,Transfer,2343,,Al Madān,Branch,Checking,,,Elbert,Hacaud,ehacaudqv@twitter.com,Male,Sakaraha,2023-08-29,26,127514,Savings
969,969,2022-09-01,Transfer,4927,,Mambusao,Branch,Checking,,,Abdel,Jirsa,ajirsaqw@sun.com,Male,Hesi,2024-11-17,28,131749,Checking
970,970,2023-01-27,Withdrawal,603,,Dera Bugti,ATM,Checking,,,Ugo,Southcomb,usouthcombqx@google.ca,Male,Dalgān,2024-12-10,47,142982,Savings
971,971,2022-11-21,Withdrawal,352,,Himeji,Online,Checking,,,Killy,Eversfield,keversfieldqy@netvibes.com,Male,Emmen,2020-10-24,71,107007,Savings
972,972,2024-06-28,Deposit,3358,,Skien,Online,Checking,,,Franklin,Alstead,falsteadqz@theglobeandmail.com,Non-binary,San Antonio,2024-03-01,71,83437,Both
973,973,2022-08-11,Withdrawal,2659,,Yartsevo,Online,Checking,,,Dudley,Corden,dcordenr0@reference.com,Male,Miyazaki-shi,2019-02-10,25,94342,Savings
974,974,2022-08-28,Withdrawal,2760,,Thorpe,Branch,Checking,,,Sibbie,Corradetti,scorradettir1@engadget.com,Female,Blatnica,2019-11-17,30,48152,Both
975,975,2023-01-05,Transfer,154,,Stockholm,ATM,Checking,,,Keary,Hollingsby,khollingsbyr2@ehow.com,Male,Puyehue,2022-03-08,71,38502,Both
976,976,2023-02-27,Transfer,4318,,Margabakti,Branch,Checking,,,Margaux,Ponceford,mponcefordr3@google.co.uk,Female,Kuching,2017-09-19,34,35819,Savings
977,977,2022-03-26,Withdrawal,2775,,Jaworzynka,ATM,Checking,,,Nikolaus,Fancy,nfancyr4@issuu.com,Male,Chunyang,2015-10-23,45,52802,Checking
978,978,2024-07-07,Deposit,1924,,Kościelec,ATM,Checking,,,Gradey,Hall,ghallr5@storify.com,Male,Perivólia,2020-04-30,70,98258,Both
979,979,2023-12-01,Withdrawal,3881,,Dalianwan,Branch,Checking,,,Sammy,Minney,sminneyr6@cnbc.com,Female,Georgiyevskaya,2022-04-29,48,126293,Both
980,980,2022-05-12,Deposit,2731,,Bwizibwera,Branch,Checking,,,Duffy,Gothrup,dgothrupr7@issuu.com,Male,Příšovice,2021-12-09,72,43115,Both
981,981,2024-02-28,Withdrawal,4522,,Vila Chã,Branch,Checking,,,Kordula,Neligan,kneliganr8@multiply.com,Female,Moneghetti,2021-01-04,67,38723,Savings
982,982,2023-12-09,Withdrawal,1048,,Sihanoukville,Online,Checking,,,Twila,Swan,tswanr9@hud.gov,Female,Muurla,2015-03-06,69,49914,Both
983,983,2024-05-03,Deposit,394,,Monte Francisco,Online,Checking,,,Loralyn,Burgon,lburgonra@redcross.org,Female,Khilok,2022-09-18,19,121004,Savings
984,984,2024-08-27,Transfer,3115,,Gereneng,Branch,Checking,,,Rolando,Hamly,rhamlyrb@shareasale.com,Male,Zhijin,2017-08-18,46,86201,Savings
985,985,2022-06-30,Withdrawal,1184,,Jajarkrajan,Branch,Checking,,,Alard,Davall,adavallrc@dailymail.co.uk,Male,Ocho Rios,2015-08-10,51,64509,Savings
986,986,2024-05-01,Deposit,2998,,Boka,Online,Checking,,,Esteban,Benzing,ebenzingrd@bravesites.com,Male,Mocun,2024-03-09,30,83375,Checking
987,987,2023-03-14,Withdrawal,480,,Palhoça,ATM,Checking,,,Dav,Rewan,drewanre@naver.com,Male,Bāglung,2023-05-25,42,34721,Savings
988,988,2022-07-15,Withdrawal,319,,Síkinos,Branch,Checking,,,Hinze,Connell,hconnellrf@fastcompany.com,Male,Tantamayo,2021-08-24,57,115182,Checking
989,989,2023-01-19,Withdrawal,319,,Hobscheid,ATM,Checking,,,Chaunce,Salvin,csalvinrg@moonfruit.com,Male,Gonghe,2020-09-30,54,99555,Both
990,990,2024-02-16,Withdrawal,1516,,Nageswari,ATM,Checking,,,Kelwin,Rutty,kruttyrh@fotki.com,Male,Elektrėnai,2022-10-04,60,138152,Checking
991,991,2023-12-22,Transfer,3789,,Oganlima,Branch,Checking,,,Rolph,Korn,rkornri@cloudflare.com,Male,Lindesberg,2021-08-22,70,137148,Checking
992,992,2022-11-10,Transfer,834,,Miami,ATM,Checking,,,Brnaba,McGiveen,bmcgiveenrj@unicef.org,Male,Belén de Umbría,2022-01-31,72,33207,Both
993,993,2022-11-05,Withdrawal,2244,,Boa Esperança,ATM,Checking,,,Cathrine,Krammer,ckrammerrk@accuweather.com,Agender,Saltsjöbaden,2021-07-11,59,41446,Checking
994,994,2023-10-03,Withdrawal,3218,,Cileunyi,Online,Checking,,,Prue,Markussen,pmarkussenrl@redcross.org,Female,Coromandel,2022-09-22,44,128100,Both
995,995,2023-09-07,Transfer,2211,,Boyuibe,ATM,Checking,,,Wood,Doxey,wdoxeyrm@cbsnews.com,Male,Long Beach,2019-02-18,19,100699,Checking
996,996,2024-02-04,Transfer,1705,,Hodkovice nad Mohelkou,Branch,Checking,,,Delmar,Haycroft,dhaycroftrn@senate.gov,Agender,Luleå,2024-07-08,70,128578,Savings
997,997,2023-03-15,Deposit,4906,,Alcala,ATM,Checking,,,Allene,Pedroli,apedroliro@php.net,Female,Palenggihan,2019-08-14,59,147276,Checking
998,998,2024-07-02,Transfer,348,,Pueai Noi,Branch,Checking,,,Bibbye,Kilbourn,bkilbournrp@hc360.com,Female,Santaluz,2024-12-17,33,62908,Both
999,999,2024-07-22,Deposit,4803,,Gucheng,Branch,Checking,,,Bendick,Giacobillo,bgiacobillorq@google.com.br,Male,Itaberaí,2021-02-22,19,39553,Savings
1000,1000,2022-08-08,Withdrawal,1823,,Beverwijk,ATM,Checking,,,Maria,Galvan,mgalvanrr@imgur.com,Female,Sanchahe,2015-05-16,25,50960,Savings
1001,907,2022-05-17,Utilities,708,,Hengtang,,Credit Card,1.0,Kazu,Desmond,Reinisch,dreinischp6@tripod.com,Male,Novopodrezkovo,2019-09-08,59,149034,Savings
1002,786,2023-11-29,Groceries,929,,Skellefteå,,Credit Card,2.0,Aivee,Tobye,Humpage,thumpagelt@nature.com,Genderfluid,Itu,2020-03-24,39,141969,Both
1003,247,2023-12-30,Entertainment,64,,Jubao,,Credit Card,3.0,Cogibox,Queenie,Joscelyn,qjoscelyn6u@wsj.com,Female,Merida,2016-11-06,33,100263,Savings
1004,498,2022-08-22,Online Shopping,540,,Wenquan,,Credit Card,4.0,InnoZ,Amy,Edelman,aedelmandt@privacy.gov.au,Female,General Conesa,2015-02-21,22,57406,Both
1005,441,2024-01-14,Dining,960,,Mucllo,,Credit Card,5.0,Yotz,Augustus,Barras,abarrasc8@blog.com,Male,Pathein,2019-12-29,47,133417,Savings
1006,881,2024-05-24,Dining,180,,Jiyang,,Credit Card,6.0,Skinte,Clerc,Botwright,cbotwrightog@pinterest.com,Male,Shaguotun,2021-08-07,25,98913,Checking
1007,785,2023-03-13,Online Shopping,936,,Vanves,,Credit Card,7.0,Quaxo,Kariotta,Odlin,kodlinls@mtv.com,Female,Quinuabamba,2015-09-21,74,63358,Checking
1008,919,2024-02-25,Online Shopping,537,,Merik,,Credit Card,8.0,Thoughtstorm,Joshia,Heald,jhealdpi@taobao.com,Male,Remedios,2024-07-12,62,42826,Both
1009,376,2022-01-22,Groceries,3,,Zaghouan,,Credit Card,9.0,Fivechat,Karylin,Blewis,kblewisaf@topsy.com,Female,Pisang,2023-05-22,20,37359,Checking
1010,762,2022-06-24,Groceries,679,,Nanjie,,Credit Card,10.0,Pixonyx,Dennie,Barosch,dbaroschl5@myspace.com,Polygender,Lubenec,2016-03-08,66,146145,Both
1011,645,2023-06-02,Dining,259,,Hisings Kärra,,Credit Card,11.0,Ntags,Cleavland,Coldridge,ccoldridgehw@drupal.org,Male,Nouâdhibou,2015-06-10,52,149759,Savings
1012,608,2023-01-13,Dining,353,,Béré,,Credit Card,12.0,Twitternation,Hillyer,MacCook,hmaccookgv@miibeian.gov.cn,Male,Bandarlampung,2015-03-29,30,97275,Both
1013,556,2022-10-07,Groceries,307,,Bukbatang,,Credit Card,13.0,Eazzy,Patin,Showte,pshowteff@google.pl,Non-binary,São Mateus do Sul,2022-03-27,42,70070,Savings
1014,932,2023-10-16,Utilities,535,,Ansheng,,Credit Card,14.0,Bubblemix,Avrom,Maroney,amaroneypv@meetup.com,Male,Paprotnia,2018-10-26,59,72835,Both
1015,525,2022-02-02,Entertainment,563,,Zhicheng,,Credit Card,15.0,Eazzy,Eilis,Crannach,ecrannachek@jugem.jp,Female,Angered,2023-03-14,18,89045,Savings
1016,310,2024-06-13,Travel,618,,Kotlovka,,Credit Card,16.0,Kazu,Cobbie,Pennycock,cpennycock8l@bigcartel.com,Male,Colón,2022-07-18,32,39885,Both
1017,420,2023-10-31,Entertainment,45,,Sitampiky,,Credit Card,17.0,Jaxspan,Frants,Speirs,fspeirsbn@sohu.com,Male,Razan,2015-03-28,42,113656,Checking
1018,208,2024-07-23,Utilities,207,,Ban Haet,,Credit Card,18.0,Oozz,Otis,Jacobson,ojacobson5r@goo.gl,Male,Trollhättan,2022-01-30,22,115190,Checking
1019,557,2024-04-11,Entertainment,259,,Vila Chã do Monte,,Credit Card,19.0,Bluejam,Delmor,Halladay,dhalladayfg@nature.com,Male,Votkinsk,2016-10-27,19,113399,Savings
1020,576,2022-01-18,Dining,508,,Zašová,,Credit Card,20.0,Vinder,Dougie,Larrat,dlarratfz@chicagotribune.com,Male,Naran Bulag,2017-05-05,21,94865,Both
1021,6,2024-08-17,Travel,866,,Skara,,Credit Card,21.0,Blognation,Eula,Billes,ebilles5@posterous.com,Female,Huangsha,2018-01-19,72,77377,Savings
1022,826,2022-10-07,Entertainment,35,,Santa Helena de Goiás,,Credit Card,22.0,Jaxspan,Linnie,Cota,lcotamx@go.com,Non-binary,El Chol,2021-02-26,30,66910,Checking
1023,587,2023-09-25,Dining,302,,Masu,,Credit Card,23.0,Shuffletag,Bryana,Hewkin,bhewkinga@istockphoto.com,Female,Daguyun,2020-01-30,52,146050,Savings
1024,379,2022-07-30,Entertainment,482,,Gjøvik,,Credit Card,24.0,Gabvine,Michael,Jamme,mjammeai@mayoclinic.com,Bigender,Labo,2015-02-24,70,43662,Savings
1025,828,2024-11-15,Online Shopping,417,,Dalupaon,,Credit Card,25.0,Dabjam,Corrina,Grafham,cgrafhammz@wunderground.com,Female,Káto Miliá,2021-09-14,32,103673,Savings
1026,926,2022-05-27,Utilities,525,,Santiago,,Credit Card,26.0,Agivu,Meir,Dabels,mdabelspp@fema.gov,Male,Söderköping,2020-08-30,47,60982,Both
1027,763,2024-08-31,Travel,970,,Sandy Bay,,Credit Card,27.0,Buzzster,Farr,Yaknov,fyaknovl6@wisc.edu,Male,Abuja,2015-08-08,27,135278,Both
1028,968,2022-08-13,Groceries,784,,San Juan de Dios,,Credit Card,28.0,Fliptune,Elbert,Hacaud,ehacaudqv@twitter.com,Male,Sakaraha,2023-08-29,26,127514,Savings
1029,863,2023-05-29,Groceries,626,,Sypniewo,,Credit Card,29.0,Twitterwire,Ring,Piola,rpiolany@whitehouse.gov,Male,Qasr Abu Hadi,2021-03-19,44,102354,Checking
1030,345,2024-08-22,Online Shopping,74,,Carrigtwohill,,Credit Card,30.0,Brainlounge,Perkin,Tayspell,ptayspell9k@ask.com,Male,Bopu,2019-09-28,35,78346,Savings
1031,552,2024-12-02,Entertainment,313,,Oldřišov,,Credit Card,31.0,Skynoodle,Alistair,Rapps,arappsfb@php.net,Male,Tielou,2021-06-11,54,124876,Both
1032,184,2024-01-17,Online Shopping,400,,Umm as Summāq,,Credit Card,32.0,Feedmix,Francesco,Marieton,fmarieton53@harvard.edu,Male,Daja,2017-05-14,57,31620,Checking
1033,567,2024-12-20,Utilities,382,,Suvorovskaya,,Credit Card,33.0,Youbridge,Jamal,Pail,jpailfq@booking.com,Agender,Jingcheng,2021-10-11,64,84140,Both
1034,74,2024-02-12,Online Shopping,401,,Shangjin,,Credit Card,34.0,Photojam,Darb,Lister,dlister21@usa.gov,Female,Xufeng,2015-08-23,23,138673,Checking
1035,830,2024-07-04,Dining,406,,Buaran,,Credit Card,35.0,Yabox,Benn,Drinkwater,bdrinkwatern1@spotify.com,Male,Benito Juarez,2016-04-23,21,119976,Checking
1036,294,2022-05-26,Entertainment,783,,Doujia,,Credit Card,36.0,Wordify,Lissie,Treneman,ltreneman85@pinterest.com,Female,Zavet,2018-11-02,72,141740,Both
1037,131,2022-01-22,Online Shopping,71,,Pniewy,,Credit Card,37.0,Quimba,Fran,Elcombe,felcombe3m@gmpg.org,Male,Seke,2023-08-14,19,130778,Savings
1038,93,2022-11-15,Utilities,685,,Wanareja,,Credit Card,38.0,Jabbertype,Aline,Barnaclough,abarnaclough2k@live.com,Female,Ibiporã,2024-05-06,48,66359,Both
1039,991,2022-09-12,Online Shopping,236,,Suchen,,Credit Card,39.0,Twitterbeat,Rolph,Korn,rkornri@cloudflare.com,Male,Lindesberg,2021-08-22,70,137148,Checking
1040,330,2024-11-07,Online Shopping,146,,Casal Novo,,Credit Card,40.0,Tagfeed,Bart,Kalinsky,bkalinsky95@example.com,Male,Amiens,2017-11-23,75,32307,Checking
1041,805,2023-02-02,Groceries,221,,Al Khirāb,,Credit Card,41.0,Shufflester,Stoddard,Learmond,slearmondmc@utexas.edu,Bigender,Bilyayivka,2016-09-17,31,146862,Savings
1042,508,2022-08-17,Entertainment,193,,Cirangkong,,Credit Card,42.0,Yambee,Trixy,Westfield,twestfielde3@salon.com,Female,Salimbao,2015-09-18,69,78505,Both
1043,362,2024-08-18,Travel,252,,Nuevo Amanecer,,Credit Card,43.0,Oyondu,Karon,Carn,kcarna1@yolasite.com,Female,Ljubovija,2017-05-25,40,141056,Checking
1044,585,2024-02-20,Entertainment,685,,Kaolack,,Credit Card,44.0,Centizu,Jerrine,Nelson,jnelsong8@weibo.com,Female,Conceição da Abóboda,2020-07-22,28,92758,Savings
1045,801,2024-07-05,Dining,407,,Grenoble,,Credit Card,45.0,Realcube,Melissa,Stoile,mstoilem8@wordpress.org,Female,Lubei,2015-09-13,18,137521,Both
1046,564,2022-08-30,Travel,456,,Gongchenqiao,,Credit Card,46.0,Minyx,Paco,Cuell,pcuellfn@cafepress.com,Male,Qarāwat Banī Zayd,2019-08-27,47,71286,Both
1047,162,2022-11-12,Groceries,178,,Ben Arous,,Credit Card,47.0,Mudo,Merlina,Jira,mjira4h@google.pl,Genderfluid,Sukasari,2018-06-16,29,81621,Checking
1048,45,2023-08-16,Utilities,173,,Al Khāniq,,Credit Card,48.0,Skinder,Gerrie,Mitskevich,gmitskevich18@usatoday.com,Female,Río Guayabal de Yateras,2018-07-14,34,46518,Checking
1049,703,2024-11-04,Travel,803,,Amboise,,Credit Card,49.0,Bubblemix,Denni,Totman,dtotmanji@boston.com,Female,Settat,2022-04-24,38,39224,Both
1050,802,2024-06-28,Groceries,547,,Ignacio Zaragoza,,Credit Card,50.0,DabZ,Price,Soden,psodenm9@ox.ac.uk,Male,Nueva Requena,2022-04-27,25,134521,Savings
1051,76,2022-02-26,Groceries,854,,Arrifes,,Credit Card,51.0,Skibox,Rock,Enoch,renoch23@springer.com,Male,Kallíthiron,2020-06-06,69,149892,Checking
1052,671,2024-05-16,Travel,630,,Tonekābon,,Credit Card,52.0,Wikizz,Benedicto,Taffurelli,btaffurelliim@weebly.com,Male,Cheqiao,2021-10-04,63,35424,Both
1053,589,2024-01-06,Entertainment,81,,Great Neck,,Credit Card,53.0,Yodoo,Kurtis,Tollerfield,ktollerfieldgc@smh.com.au,Male,Quipot,2017-12-08,41,40609,Savings
1054,732,2024-04-01,Groceries,635,,Mojogajeh,,Credit Card,54.0,Flashset,Issie,Cline,iclinekb@icio.us,Female,Sayang Lauq,2015-11-22,59,60051,Both
1055,884,2024-08-14,Entertainment,985,,Chaiyo,,Credit Card,55.0,Realbuzz,Daven,Woolliams,dwoolliamsoj@sphinn.com,Male,Sallins,2016-09-05,65,123480,Savings
1056,34,2022-12-28,Utilities,502,,Columbus,,Credit Card,56.0,Talane,Shawna,Whisson,swhissonx@ibm.com,Female,Turku,2022-09-05,28,119028,Savings
1057,910,2022-08-06,Utilities,601,,Suzhou,,Credit Card,57.0,Zazio,Amy,Taillant,ataillantp9@istockphoto.com,Female,Beitan,2016-05-20,58,44102,Checking
1058,891,2024-02-04,Entertainment,382,,Pingshanhu,,Credit Card,58.0,Buzzdog,Benedetta,Wadham,bwadhamoq@redcross.org,Non-binary,Mataquescuintla,2017-10-31,37,57188,Both
1059,639,2023-03-26,Online Shopping,270,,Barajevo,,Credit Card,59.0,Buzzdog,Tadd,Kilbourne,tkilbournehq@hugedomains.com,Male,Ciguna,2019-02-03,49,97039,Checking
1060,315,2022-03-31,Utilities,77,,Dourbali,,Credit Card,60.0,Linkbridge,Arv,Wentworth,awentworth8q@baidu.com,Male,Wiphawadi,2019-09-13,46,108775,Both
1061,710,2024-01-02,Dining,394,,Inta,,Credit Card,61.0,Realcube,Erik,Jacomb,ejacombjp@usgs.gov,Male,Yantang,2015-09-28,56,88781,Both
1062,415,2023-08-03,Dining,339,,Pirassununga,,Credit Card,62.0,Jaxspan,Hayes,Lawes,hlawesbi@wikispaces.com,Male,Fajões,2024-01-11,51,116931,Checking
1063,121,2024-03-26,Dining,44,,Chaihe,,Credit Card,63.0,Riffpedia,Reynolds,BURWIN,rburwin3c@g.co,Male,Covão da Carvalha,2022-01-14,27,118019,Checking
1064,383,2024-01-19,Entertainment,199,,Castelões,,Credit Card,64.0,Realfire,Kissie,Ivanikhin,kivanikhinam@sakura.ne.jp,Female,Wieczfnia Kościelna,2019-06-20,70,30482,Savings
1065,115,2022-11-23,Travel,451,,Itupeva,,Credit Card,65.0,Bubblemix,Sandie,Vila,svila36@guardian.co.uk,Female,Muesanaik,2023-12-26,40,120544,Checking
1066,463,2024-04-19,Entertainment,818,,Wonocoyo Utara,,Credit Card,66.0,Kayveo,Lauritz,Blum,lblumcu@nature.com,Male,Tambakan,2021-08-03,74,145090,Checking
1067,635,2023-05-22,Groceries,989,,Kristinestad,,Credit Card,67.0,Dablist,Moritz,Dootson,mdootsonhm@harvard.edu,Male,Balaoang,2021-10-23,27,126926,Savings
1068,799,2022-07-03,Entertainment,659,,Le Port,,Credit Card,68.0,Abatz,Jerrome,Baugham,jbaughamm6@123-reg.co.uk,Male,Tarbes,2021-08-29,57,146623,Checking
1069,708,2024-08-20,Entertainment,490,,Jose Maria Morelos,,Credit Card,69.0,Realmix,North,Mitroshinov,nmitroshinovjn@vistaprint.com,Male,Saint-Raymond,2019-03-07,70,119129,Savings
1070,720,2023-03-30,Utilities,505,,Darungan,,Credit Card,70.0,Jabberstorm,Niles,McLagain,nmclagainjz@hugedomains.com,Male,Benešov,2020-11-06,30,143114,Checking
1071,833,2023-01-01,Dining,256,,Bancal,,Credit Card,71.0,Twiyo,Sibella,Priestland,spriestlandn4@rakuten.co.jp,Female,Şirrīn ash Shamālīyah,2018-02-12,67,121813,Savings
1072,250,2024-11-23,Entertainment,12,,Pustá Polom,,Credit Card,72.0,Rhyzio,Lalo,Fay,lfay6x@disqus.com,Male,Torzhok,2020-01-11,29,58355,Both
1073,104,2024-06-17,Utilities,576,,Wojaszówka,,Credit Card,73.0,Kaymbo,Meaghan,Matisse,mmatisse2v@unc.edu,Female,Oslo,2024-08-08,42,96201,Both
1074,927,2022-06-05,Utilities,842,,Gaoyao,,Credit Card,74.0,Wikizz,Kiley,Izod,kizodpq@clickbank.net,Male,Nova Olímpia,2023-04-21,49,132852,Checking
1075,771,2022-08-01,Entertainment,341,,Sancang,,Credit Card,75.0,Linkbuzz,Ardella,Somerbell,asomerbellle@booking.com,Genderqueer,Wonokromo,2021-03-15,56,88821,Checking
1076,849,2023-02-16,Dining,496,,Umeå,,Credit Card,76.0,Devify,Feliks,Malyj,fmalyjnk@hugedomains.com,Male,Mikhaylovsk,2022-04-01,41,94597,Both
1077,600,2024-04-18,Travel,143,,Blawi,,Credit Card,77.0,Devcast,Annora,McGowran,amcgowrangn@last.fm,Non-binary,Zbąszyń,2019-03-01,54,127724,Both
1078,476,2024-05-12,Dining,508,,Sungaikupang,,Credit Card,78.0,Ntag,Ag,Olech,aolechd7@freewebs.com,Female,Zall-Dardhë,2018-07-26,35,127125,Savings
1079,70,2022-05-23,Online Shopping,267,,General Belgrano,,Credit Card,79.0,Skyba,Catherin,Kermath,ckermath1x@g.co,Female,Bodø,2022-07-22,55,71946,Checking
1080,51,2022-06-27,Entertainment,727,,Mboto,,Credit Card,80.0,Zoonder,Kit,Wynrahame,kwynrahame1e@woothemes.com,Male,Lengshui,2019-09-13,32,70450,Both
1081,917,2023-12-23,Online Shopping,403,,El Agua Dulcita,,Credit Card,81.0,Agivu,Viviyan,Shirland,vshirlandpg@theglobeandmail.com,Female,Wangzuizi,2015-03-12,20,123452,Both
1082,300,2023-10-17,Travel,832,,Cilebang Satu,,Credit Card,82.0,Babbleopia,Josh,Shergill,jshergill8b@ted.com,Male,Guernica,2023-08-31,57,75135,Savings
1083,667,2024-12-04,Entertainment,508,,San Pedro Pinula,,Credit Card,83.0,Wikivu,Chancey,Fawdry,cfawdryii@census.gov,Non-binary,Xiahan,2017-05-09,24,139406,Savings
1084,584,2024-01-19,Entertainment,582,,Smederevo,,Credit Card,84.0,Tagcat,Cassy,Simonich,csimonichg7@yahoo.com,Female,Gorjani,2021-09-01,47,65172,Savings
1085,289,2023-07-11,Online Shopping,249,,Kunheda Woerzu Manzu,,Credit Card,85.0,Kazu,Toiboid,Huetson,thuetson80@jugem.jp,Male,Dzhalilabad,2022-10-26,75,90822,Both
1086,619,2023-04-25,Travel,493,,Kapsan-ŭp,,Credit Card,86.0,Avavee,Rip,Hellin,rhellinh6@sun.com,Male,Yangzi,2022-04-16,62,30633,Savings
1087,560,2023-05-02,Entertainment,607,,Santo Domingo,,Credit Card,87.0,Ntag,Sollie,Alabaster,salabasterfj@t.co,Male,Paris La Défense,2021-11-17,70,76986,Both
1088,650,2023-01-12,Online Shopping,446,,Lavaltrie,,Credit Card,88.0,Quaxo,Cortie,Yeabsley,cyeabsleyi1@freewebs.com,Male,Kathu,2015-10-12,67,77788,Checking
1089,799,2023-07-18,Entertainment,367,,Dzhankoy,,Credit Card,89.0,Muxo,Jerrome,Baugham,jbaughamm6@123-reg.co.uk,Male,Tarbes,2021-08-29,57,146623,Checking
1090,788,2024-04-07,Utilities,579,,Imām Şāḩib,,Credit Card,90.0,Bluezoom,Gillian,Bowley,gbowleylv@storify.com,Female,Butubut Norte,2018-01-24,71,107881,Checking
1091,140,2023-08-16,Utilities,632,,Vejprnice,,Credit Card,91.0,Topicshots,Nancee,Marriage,nmarriage3v@ft.com,Genderfluid,Potou,2022-12-08,54,59413,Savings
1092,351,2023-05-07,Dining,410,,Arcueil,,Credit Card,92.0,Flashdog,Holly,Minocchi,hminocchi9q@theatlantic.com,Male,Lidköping,2022-06-21,43,107498,Savings
1093,925,2022-04-07,Travel,172,,Dandai,,Credit Card,93.0,Twinte,Caterina,Dittson,cdittsonpo@goo.gl,Female,Shangma,2016-01-27,50,41224,Checking
1094,957,2023-11-29,Dining,194,,Srubec,,Credit Card,94.0,Jabbersphere,Ella,Durgan,edurganqk@cloudflare.com,Female,Cuiabá,2024-09-24,26,34522,Savings
1095,786,2024-01-01,Travel,982,,Kawaguchi,,Credit Card,95.0,Flipopia,Tobye,Humpage,thumpagelt@nature.com,Genderfluid,Itu,2020-03-24,39,141969,Both
1096,125,2024-11-13,Entertainment,364,,Vällingby,,Credit Card,96.0,Voomm,Gwendolin,Yakushkin,gyakushkin3g@zdnet.com,Female,Fukura,2024-03-21,32,33548,Savings
1097,182,2022-06-05,Utilities,755,,Nakanojōmachi,,Credit Card,97.0,Buzzbean,Tobie,Farish,tfarish51@amazon.com,Agender,Chengcun,2021-09-01,34,108467,Checking
1098,308,2022-02-08,Online Shopping,117,,Ayapel,,Credit Card,98.0,Zazio,Norene,Songist,nsongist8j@unblog.fr,Female,Ciwaru,2020-11-08,71,83813,Checking
1099,958,2022-03-08,Travel,917,,Shuiyang,,Credit Card,99.0,Quimm,Rozele,Osgar,rosgarql@lycos.com,Female,Sevan,2021-03-24,22,95991,Savings
1100,642,2022-07-05,Travel,236,,Sampao,,Credit Card,100.0,Meemm,Kissie,Lopez,klopezht@dagondesign.com,Female,Chumphon Buri,2016-08-26,58,106828,Both
1101,242,2023-03-29,Online Shopping,496,,Dolna Banjica,,Credit Card,101.0,Rhybox,Kirby,Dargie,kdargie6p@army.mil,Genderfluid,Bhopālwāla,2019-06-08,52,68251,Both
1102,628,2024-04-20,Online Shopping,680,,Nis’oni,,Credit Card,102.0,Yadel,Killian,Seivwright,kseivwrighthf@state.tx.us,Male,Huanggang,2018-03-27,68,128473,Both
1103,93,2023-08-18,Entertainment,882,,Las Matas de Farfán,,Credit Card,103.0,Twitternation,Aline,Barnaclough,abarnaclough2k@live.com,Female,Ibiporã,2024-05-06,48,66359,Both
1104,122,2022-12-31,Utilities,993,,Prínos,,Credit Card,104.0,Yoveo,Bryn,Smieton,bsmieton3d@instagram.com,Male,Igbeti,2021-02-13,30,44726,Checking
1105,618,2024-06-29,Groceries,760,,Thetford-Mines,,Credit Card,105.0,Tagfeed,Dollie,Huscroft,dhuscrofth5@hatena.ne.jp,Female,Ar Raqqah,2015-12-10,32,58610,Savings
1106,89,2023-07-26,Groceries,354,,Bom Jesus do Itabapoana,,Credit Card,106.0,Wikido,Welch,Andreucci,wandreucci2g@dmoz.org,Male,Lingyuan,2015-01-17,63,102495,Savings
1107,181,2024-08-24,Dining,775,,Balrothery,,Credit Card,107.0,Topicshots,Hart,Edmed,hedmed50@skyrock.com,Male,Lotoshino,2017-08-22,33,72210,Savings
1108,594,2023-01-02,Online Shopping,175,,Osielec,,Credit Card,108.0,Fanoodle,Frasquito,Dollimore,fdollimoregh@blogtalkradio.com,Male,Batumi,2016-09-15,43,58917,Both
1109,397,2024-09-13,Online Shopping,507,,Jankowice,,Credit Card,109.0,Zoovu,Fred,Magauran,fmagauranb0@addtoany.com,Male,Tierp,2017-11-18,36,47946,Checking
1110,605,2022-05-20,Entertainment,235,,Vrede,,Credit Card,110.0,Youopia,Claresta,McGaw,cmcgawgs@unesco.org,Female,Aubervilliers,2018-07-17,54,82351,Savings
1111,622,2024-04-15,Online Shopping,323,,Hannover,,Credit Card,111.0,Trilia,Chevalier,Speir,cspeirh9@google.ru,Male,Nagahama,2016-12-07,50,33819,Both
1112,971,2022-02-26,Travel,895,,Priyutovo,,Credit Card,112.0,Eamia,Killy,Eversfield,keversfieldqy@netvibes.com,Male,Emmen,2020-10-24,71,107007,Savings
1113,924,2023-02-11,Travel,113,,Jiufang,,Credit Card,113.0,Wordpedia,Marco,Lauridsen,mlauridsenpn@mtv.com,Male,Cempaka,2023-09-03,33,65053,Checking
1114,751,2023-03-28,Groceries,895,,Vysoké Mýto,,Credit Card,114.0,Rooxo,Chelsey,Weadick,cweadickku@reuters.com,Female,Timbaúba,2018-10-23,50,131741,Checking
1115,985,2022-04-25,Entertainment,456,,Mawlaik,,Credit Card,115.0,Yoveo,Alard,Davall,adavallrc@dailymail.co.uk,Male,Ocho Rios,2015-08-10,51,64509,Savings
1116,206,2024-08-30,Dining,188,,Palpalá,,Credit Card,116.0,Riffpath,Gay,Ruddiforth,gruddiforth5p@example.com,Female,Avignon,2015-10-14,33,40264,Savings
1117,526,2024-10-22,Online Shopping,211,,Karlstad,,Credit Card,117.0,Dabfeed,Saba,Klazenga,sklazengael@ebay.co.uk,Female,Naga,2017-07-13,25,87363,Checking
1118,676,2025-01-05,Entertainment,911,,Pombal,,Credit Card,118.0,Brainsphere,Sophia,Augur,saugurir@weibo.com,Female,Jiuzhai,2016-08-11,58,145009,Checking
1119,543,2024-09-28,Utilities,260,,Zhenxing,,Credit Card,119.0,Tagfeed,Kakalina,Hanaford,khanafordf2@blogger.com,Female,Hongshanyao,2016-04-03,34,130474,Savings
1120,301,2023-11-01,Groceries,790,,Vallehermoso,,Credit Card,120.0,Devbug,Jaine,Quan,jquan8c@histats.com,Female,Xinbao,2015-09-09,19,118463,Savings
1121,837,2022-11-25,Dining,732,,Corredoura,,Credit Card,121.0,Youtags,Norean,Renahan,nrenahann8@arizona.edu,Female,Pardubice,2020-07-14,70,109625,Both
1122,742,2023-01-27,Utilities,854,,Kittilä,,Credit Card,122.0,Lajo,Jacquie,Stowell,jstowellkl@addthis.com,Female,Hodkovičky,2022-08-24,59,82998,Both
1123,885,2024-04-07,Entertainment,913,,Korczew,,Credit Card,123.0,BlogXS,Giulio,Loughren,gloughrenok@furl.net,Male,Kura,2024-07-11,63,85314,Savings
1124,769,2023-11-22,Online Shopping,335,,Batutua,,Credit Card,124.0,Reallinks,Theresina,Saby,tsabylc@bloglovin.com,Female,Bumba,2023-08-29,26,82590,Savings
1125,404,2023-11-12,Dining,857,,Mor Laok,,Credit Card,125.0,Pixonyx,Kellie,Scarbarrow,kscarbarrowb7@reverbnation.com,Female,Torbeck,2022-08-02,69,98118,Both
1126,985,2023-04-24,Utilities,336,,Huangben,,Credit Card,126.0,Oyonder,Alard,Davall,adavallrc@dailymail.co.uk,Male,Ocho Rios,2015-08-10,51,64509,Savings
1127,778,2024-03-23,Dining,558,,Quintã,,Credit Card,127.0,Demizz,Enriqueta,MacArd,emacardll@redcross.org,Female,Gostilitsy,2023-01-11,47,88395,Both
1128,820,2024-03-06,Dining,958,,Ciketak,,Credit Card,128.0,Eimbee,Sauncho,Andrus,sandrusmr@thetimes.co.uk,Male,George Town,2017-08-12,64,99501,Checking
1129,954,2024-03-05,Travel,545,,Banjarwaru,,Credit Card,129.0,Voonte,Thornie,Savege,tsavegeqh@businesswire.com,Male,Cuispes,2021-06-14,53,142285,Checking
1130,303,2024-04-03,Dining,328,,Rosso,,Credit Card,130.0,Youopia,Zilvia,Thorneloe,zthorneloe8e@odnoklassniki.ru,Female,Seupakat,2015-07-13,28,64199,Checking
1131,415,2022-08-05,Dining,141,,Curug,,Credit Card,131.0,Realmix,Hayes,Lawes,hlawesbi@wikispaces.com,Male,Fajões,2024-01-11,51,116931,Checking
1132,438,2023-11-05,Travel,888,,Myasnikyan,,Credit Card,132.0,Mycat,Antonetta,Jacklin,ajacklinc5@time.com,Female,Jian’ou,2023-05-22,32,135605,Checking
1133,964,2024-06-22,Groceries,179,,Antsiranana,,Credit Card,133.0,Realcube,Horace,Glamart,hglamartqr@wisc.edu,Male,Jiangbei,2017-05-06,41,103362,Checking
1134,81,2024-08-02,Travel,194,,Krzeszów,,Credit Card,134.0,Eidel,Donavon,Radford,dradford28@hp.com,Male,Penang,2016-01-27,69,39152,Both
1135,406,2024-11-14,Online Shopping,1,,Sātkhira,,Credit Card,135.0,Aibox,Storm,Ramel,sramelb9@yellowbook.com,Female,Avaré,2021-06-19,18,133468,Checking
1136,853,2022-01-13,Entertainment,996,,Shanglian,,Credit Card,136.0,Lazz,Valenka,Philippou,vphilippouno@example.com,Agender,Annaka,2020-05-03,55,72244,Checking
1137,409,2024-05-05,Online Shopping,566,,Komatsushimachō,,Credit Card,137.0,Twimm,Torrence,Rozea,trozeabc@t.co,Male,Horten,2016-10-16,36,110898,Both
1138,257,2024-02-21,Travel,194,,Baoyou,,Credit Card,138.0,Zoombeat,Fair,Lytell,flytell74@businessinsider.com,Male,Zhouxi,2023-06-24,33,106103,Both
1139,174,2024-10-09,Online Shopping,106,,Xiangdong,,Credit Card,139.0,Podcat,Alejoa,O'Cannavan,aocannavan4t@is.gd,Genderfluid,Casal Velho,2018-03-15,41,50865,Checking
1140,751,2023-10-29,Utilities,499,,Birowo,,Credit Card,140.0,Yadel,Chelsey,Weadick,cweadickku@reuters.com,Female,Timbaúba,2018-10-23,50,131741,Checking
1141,603,2024-07-22,Travel,316,,Nova Venécia,,Credit Card,141.0,Thoughtworks,Jasmina,Storres,jstorresgq@merriam-webster.com,Female,Kraśnik,2015-12-16,31,92716,Savings
1142,587,2023-10-17,Dining,621,,Segong,,Credit Card,142.0,Wordpedia,Bryana,Hewkin,bhewkinga@istockphoto.com,Female,Daguyun,2020-01-30,52,146050,Savings
1143,894,2023-08-26,Groceries,598,,Itapicuru,,Credit Card,143.0,Aimbu,Laure,Blount,lblountot@naver.com,Female,Topol’noye,2020-09-16,58,144671,Checking
1144,807,2024-05-06,Online Shopping,697,,Pensacola,,Credit Card,144.0,Photojam,Ronda,Rymour,rrymourme@wufoo.com,Female,Virolahti,2021-01-24,26,122830,Savings
1145,492,2024-08-07,Entertainment,765,,Hongchang,,Credit Card,145.0,Blogspan,Brendis,Arangy,barangydn@google.ru,Male,Mander,2019-07-10,40,50129,Savings
1146,607,2023-08-31,Online Shopping,205,,Józefów,,Credit Card,146.0,Centizu,Hastings,Tackley,htackleygu@uiuc.edu,Male,Ballymun,2019-05-12,65,138951,Savings
1147,212,2022-05-10,Dining,603,,Tawau,,Credit Card,147.0,Vimbo,Courtnay,Resdale,cresdale5v@alibaba.com,Female,Hoçisht,2024-06-06,57,71963,Checking
1148,870,2023-09-19,Entertainment,925,,El Triunfo,,Credit Card,148.0,Skyba,Celestyna,Ollenbuttel,collenbuttelo5@seesaa.net,Female,Āsmār,2015-05-22,32,88432,Checking
1149,277,2022-09-02,Online Shopping,966,,Changping,,Credit Card,149.0,Livetube,Balduin,Aronovich,baronovich7o@ocn.ne.jp,Male,Huangpu,2021-01-28,29,100781,Checking
1150,592,2023-02-19,Groceries,18,,Lakkha Nëvre,,Credit Card,150.0,Meevee,Lambert,Petersen,lpetersengf@nature.com,Male,Itagüí,2024-05-13,23,84092,Savings
1151,720,2023-04-07,Dining,975,,Jialai,,Credit Card,151.0,Eidel,Niles,McLagain,nmclagainjz@hugedomains.com,Male,Benešov,2020-11-06,30,143114,Checking
1152,279,2024-09-05,Entertainment,771,,Mtsensk,,Credit Card,152.0,Zoombox,Horatius,Aloway,haloway7q@phpbb.com,Male,Pasirpanjang,2024-05-28,30,84045,Savings
1153,8,2023-08-14,Travel,902,,Kréstena,,Credit Card,153.0,Skyble,Gifford,Berick,gberick7@ezinearticles.com,Male,Huimin,2020-10-11,34,88170,Savings
1154,359,2022-05-22,Entertainment,381,,Rosmaninhal,,Credit Card,154.0,Tagcat,Whitby,Gonzalvo,wgonzalvo9y@engadget.com,Male,Pontevedra,2021-12-06,24,103565,Checking
1155,572,2023-08-02,Travel,703,,Kalá Déndra,,Credit Card,155.0,Tanoodle,Rosy,Pinckney,rpinckneyfv@plala.or.jp,Bigender,Igpit,2018-07-16,66,56867,Checking
1156,700,2022-12-13,Online Shopping,372,,Baocun,,Credit Card,156.0,Youspan,Virginia,Broe,vbroejf@1und1.de,Female,Monte Francisco,2018-10-09,31,31580,Both
1157,794,2023-09-11,Entertainment,243,,Zašová,,Credit Card,157.0,Shufflebeat,Rosanne,Leyrroyd,rleyrroydm1@chicagotribune.com,Female,Kibingo,2018-09-10,57,100365,Both
1158,465,2024-01-07,Dining,993,,Shuangqiao,,Credit Card,158.0,Wikivu,Carolee,Adame,cadamecw@alibaba.com,Female,Baiyang,2023-07-24,19,58034,Checking
1159,507,2022-02-09,Travel,956,,Yicheng,,Credit Card,159.0,Oodoo,Darb,Camies,dcamiese2@macromedia.com,Female,Fort Myers,2021-05-09,38,122522,Checking
1160,520,2025-01-06,Groceries,841,,Atikokan,,Credit Card,160.0,Skimia,Tobin,Hackford,thackfordef@blog.com,Male,Bandundu,2020-07-28,71,33671,Both
1161,264,2024-09-03,Travel,955,,Purral,,Credit Card,161.0,Photospace,Jammal,Morten,jmorten7b@nydailynews.com,Male,Kronshtadt,2023-11-22,51,45070,Savings
1162,107,2022-11-21,Groceries,840,,Pingshan,,Credit Card,162.0,Eazzy,Leena,Meiner,lmeiner2y@sbwire.com,Female,Las Cruces,2020-02-21,37,110122,Savings
1163,790,2024-11-12,Dining,461,,Kintinku,,Credit Card,163.0,Dabshots,Care,Fogt,cfogtlx@hatena.ne.jp,Male,Huangni,2021-12-25,21,109522,Savings
1164,261,2024-11-06,Entertainment,703,,Kaminokawa,,Credit Card,164.0,Realpoint,Isaac,Bescoby,ibescoby78@deviantart.com,Male,Shchelkovo,2017-09-28,24,59712,Savings
1165,131,2023-09-30,Groceries,555,,Nsukka,,Credit Card,165.0,Yamia,Fran,Elcombe,felcombe3m@gmpg.org,Male,Seke,2023-08-14,19,130778,Savings
1166,631,2023-06-05,Utilities,165,,Plovdiv,,Credit Card,166.0,Photobug,Gardner,Kobera,gkoberahi@go.com,Male,Nāḩiyat Alī ash Sharqī,2022-09-02,50,44590,Both
1167,699,2023-01-17,Online Shopping,85,,Gunungmalang Satu,,Credit Card,167.0,Ozu,Birk,Nayer,bnayerje@cam.ac.uk,Male,Kediren,2023-05-18,23,70617,Savings
1168,926,2024-09-07,Online Shopping,305,,Lavradio,,Credit Card,168.0,Thoughtstorm,Meir,Dabels,mdabelspp@fema.gov,Male,Söderköping,2020-08-30,47,60982,Both
1169,572,2023-04-24,Groceries,213,,Melekeok Village,,Credit Card,169.0,Brightdog,Rosy,Pinckney,rpinckneyfv@plala.or.jp,Bigender,Igpit,2018-07-16,66,56867,Checking
1170,558,2024-10-03,Travel,794,,Chenfang,,Credit Card,170.0,Innotype,Tommy,Jekel,tjekelfh@issuu.com,Male,Desnogorsk,2015-01-19,39,130126,Both
1171,57,2022-04-13,Dining,825,,Banjar Anyar,,Credit Card,171.0,Dynabox,Mathilda,Lenham,mlenham1k@washington.edu,Female,Saguing,2021-01-18,53,122809,Both
1172,669,2024-06-09,Entertainment,158,,Pulap,,Credit Card,172.0,Meevee,Quintilla,Wegman,qwegmanik@hexun.com,Female,Ráquira,2024-04-23,18,34402,Savings
1173,10,2022-06-08,Utilities,423,,Býšť,,Credit Card,173.0,Browseblab,Juliet,Gebby,jgebby9@hp.com,Agender,Sarongan,2017-06-12,26,122558,Savings
1174,551,2022-01-25,Groceries,574,,Bousso,,Credit Card,174.0,Cogidoo,Hillyer,Fairhead,hfairheadfa@simplemachines.org,Male,Yacuiba,2024-03-16,28,98037,Checking
1175,787,2023-10-28,Dining,572,,Slatyne,,Credit Card,175.0,Quaxo,Patricio,Thornton-Dewhirst,pthorntondewhirstlu@de.vu,Polygender,Kinnula,2021-12-05,66,149594,Both
1176,378,2022-06-16,Travel,667,,Yeghegnut,,Credit Card,176.0,Voonte,Siobhan,Skerratt,sskerrattah@goodreads.com,Female,Merefa,2024-07-28,69,43649,Savings
1177,525,2024-04-09,Travel,796,,Az Zaytūnīyah,,Credit Card,177.0,Topicware,Eilis,Crannach,ecrannachek@jugem.jp,Female,Angered,2023-03-14,18,89045,Savings
1178,884,2023-12-14,Online Shopping,77,,Svatava,,Credit Card,178.0,Youtags,Daven,Woolliams,dwoolliamsoj@sphinn.com,Male,Sallins,2016-09-05,65,123480,Savings
1179,747,2022-12-26,Dining,61,,Nueve de Julio,,Credit Card,179.0,Twimm,Tamas,Goldie,tgoldiekq@fastcompany.com,Male,Saint-Lô,2015-04-12,44,92160,Both
1180,407,2022-03-21,Online Shopping,705,,Yinghua,,Credit Card,180.0,Edgeclub,Roberto,Rockwell,rrockwellba@army.mil,Male,Barreiras,2018-09-21,54,54132,Both
1181,910,2024-10-19,Utilities,575,,Santa Cruz,,Credit Card,181.0,Roombo,Amy,Taillant,ataillantp9@istockphoto.com,Female,Beitan,2016-05-20,58,44102,Checking
1182,522,2024-05-10,Travel,827,,Takedamachi,,Credit Card,182.0,Devcast,Pansy,Leek,pleekeh@angelfire.com,Female,Quinta da Courela,2024-12-22,62,118443,Savings
1183,261,2022-10-10,Entertainment,516,,Barusuda,,Credit Card,183.0,Thoughtbeat,Isaac,Bescoby,ibescoby78@deviantart.com,Male,Shchelkovo,2017-09-28,24,59712,Savings
1184,28,2022-05-10,Dining,267,,Aianí,,Credit Card,184.0,Riffpath,Wileen,Willman,wwillmanr@barnesandnoble.com,Female,Antas,2016-02-02,27,71770,Checking
1185,212,2022-09-26,Utilities,11,,Peukanbada,,Credit Card,185.0,Skaboo,Courtnay,Resdale,cresdale5v@alibaba.com,Female,Hoçisht,2024-06-06,57,71963,Checking
1186,699,2024-05-19,Travel,664,,Nansan,,Credit Card,186.0,Tambee,Birk,Nayer,bnayerje@cam.ac.uk,Male,Kediren,2023-05-18,23,70617,Savings
1187,152,2023-01-24,Groceries,965,,Dzerzhinskiy,,Credit Card,187.0,Thoughtmix,Nara,Brick,nbrick47@1688.com,Female,Pirajuí,2015-07-29,59,106089,Both
1188,63,2022-04-15,Online Shopping,397,,São Mamede,,Credit Card,188.0,Voolith,Hobard,Ceresa,hceresa1q@reference.com,Male,Provins,2017-10-27,35,54069,Both
1189,784,2022-10-16,Travel,250,,Stockholm,,Credit Card,189.0,Wikido,Shelby,Krolak,skrolaklr@drupal.org,Male,Sarata,2022-04-03,75,119320,Both
1190,862,2024-06-20,Dining,718,,Tabia,,Credit Card,190.0,Meejo,Britni,Ellsworthe,bellsworthenx@apache.org,Female,Shangjie,2018-09-04,56,32565,Both
1191,44,2024-05-13,Online Shopping,349,,San Juan Pueblo,,Credit Card,191.0,Eire,Albrecht,Rofe,arofe17@people.com.cn,Male,Wanying,2021-04-30,34,104630,Savings
1192,27,2022-03-31,Online Shopping,505,,Morazán,,Credit Card,192.0,Yozio,Massimiliano,Szymanski,mszymanskiq@comsenz.com,Male,Golomunta,2024-07-09,55,146832,Checking
1193,243,2022-08-14,Entertainment,988,,Belica,,Credit Card,193.0,Yodel,Thaddus,Pascho,tpascho6q@naver.com,Male,Adani,2021-08-05,43,96441,Checking
1194,9,2022-11-18,Entertainment,791,,Séléa,,Credit Card,194.0,Livepath,Pietro,Petyt,ppetyt8@studiopress.com,Male,Xubu,2024-11-26,55,63846,Checking
1195,955,2022-06-16,Groceries,833,,Krasnogorodskoye,,Credit Card,195.0,Gabtype,Kendricks,Castanho,kcastanhoqi@163.com,Male,Kandangan,2022-01-22,29,38047,Checking
1196,311,2023-06-01,Online Shopping,437,,Shiree,,Credit Card,196.0,Voonte,Jordain,Flay,jflay8m@npr.org,Female,Gar,2022-07-02,22,42601,Both
1197,556,2022-01-14,Utilities,963,,"Coruña, A",,Credit Card,197.0,Skaboo,Patin,Showte,pshowteff@google.pl,Non-binary,São Mateus do Sul,2022-03-27,42,70070,Savings
1198,180,2022-10-08,Online Shopping,563,,Longquan,,Credit Card,198.0,Devpulse,Ansley,Getch,agetch4z@freewebs.com,Female,Qianpai,2021-09-03,48,94399,Both
1199,689,2023-06-12,Groceries,840,,Mina de São Domingos,,Credit Card,199.0,Topicware,Melvin,Dymidowski,mdymidowskij4@forbes.com,Male,Manikchari,2022-04-16,43,107247,Savings
1200,809,2023-10-26,Travel,972,,Xiangqiao,,Credit Card,200.0,Brainverse,Isacco,Saddler,isaddlermg@go.com,Male,Xinhui,2018-12-01,45,43309,Both
1201,559,2023-10-13,Travel,39,,Pakusari,,Credit Card,201.0,Topdrive,Abner,Aslett,aaslettfi@smugmug.com,Male,Tamontaka,2020-07-25,48,101566,Both
1202,372,2023-06-12,Travel,464,,Zhuli,,Credit Card,202.0,Riffwire,Dionis,Spellesy,dspellesyab@scientificamerican.com,Female,Limon,2024-05-02,42,143151,Savings
1203,265,2023-09-24,Dining,693,,Pyay,,Credit Card,203.0,Talane,Clay,Wanstall,cwanstall7c@uol.com.br,Male,Le Kremlin-Bicêtre,2016-08-30,58,129714,Both
1204,211,2023-07-08,Entertainment,122,,Nerk’in Getashen,,Credit Card,204.0,BlogXS,Bord,Tupie,btupie5u@ycombinator.com,Male,Zhougang,2021-11-10,75,76660,Checking
1205,708,2022-12-05,Online Shopping,586,,Xihuachi,,Credit Card,205.0,Rhycero,North,Mitroshinov,nmitroshinovjn@vistaprint.com,Male,Saint-Raymond,2019-03-07,70,119129,Savings
1206,574,2023-02-16,Dining,691,,Manhuaçu,,Credit Card,206.0,Roodel,Barby,Ansell,bansellfx@vk.com,Female,Jati,2020-02-12,55,105025,Checking
1207,304,2022-05-21,Travel,369,,Kokagax,,Credit Card,207.0,Dabtype,Beverley,Sturney,bsturney8f@google.com.hk,Female,Dagestanskiye Ogni,2023-09-28,63,132484,Checking
1208,89,2022-05-01,Groceries,583,,Fengmen,,Credit Card,208.0,Tanoodle,Welch,Andreucci,wandreucci2g@dmoz.org,Male,Lingyuan,2015-01-17,63,102495,Savings
1209,562,2024-05-06,Travel,29,,South Bend,,Credit Card,209.0,Roomm,Dorolice,Tapner,dtapnerfl@symantec.com,Female,Zhishan,2022-12-04,42,71759,Checking
1210,677,2022-04-02,Dining,469,,Vårdö,,Credit Card,210.0,Ntag,Hillard,Nunnerley,hnunnerleyis@mit.edu,Male,Grand Sable,2020-10-31,29,70065,Checking
1211,680,2024-07-11,Online Shopping,993,,La Libertad,,Credit Card,211.0,Skyba,Candra,Trunchion,ctrunchioniv@a8.net,Female,Batubantar,2024-07-08,73,142696,Savings
1212,563,2024-02-12,Groceries,643,,Sparwood,,Credit Card,212.0,Realblab,Consuelo,McGilmartin,cmcgilmartinfm@auda.org.au,Female,Hengjiang,2019-08-19,49,146686,Checking
1213,672,2022-01-24,Utilities,874,,Summerland,,Credit Card,213.0,Dablist,Dame,Vobes,dvobesin@livejournal.com,Polygender,Mulyo,2020-08-24,54,108299,Savings
1214,344,2024-09-10,Travel,154,,Malanów,,Credit Card,214.0,Centimia,Candis,Wigg,cwigg9j@answers.com,Female,Jiangxiangzhen,2020-11-05,54,80329,Checking
1215,755,2023-02-23,Groceries,851,,Leksand,,Credit Card,215.0,Skipfire,Patton,Kingswood,pkingswoodky@gmpg.org,Male,Bulacnin,2019-12-17,33,103756,Both
1216,509,2024-04-27,Travel,507,,Seongnam-si,,Credit Card,216.0,Digitube,Damita,Kubala,dkubalae4@51.la,Female,Xinxing,2016-08-31,62,81987,Savings
1217,951,2022-06-15,Groceries,502,,Rochester,,Credit Card,217.0,Zoomdog,Shanta,Bunten,sbuntenqe@netscape.com,Female,Cuauhtemoc,2018-06-16,29,82453,Checking
1218,963,2022-05-13,Entertainment,431,,Soutinho,,Credit Card,218.0,Eare,Bevon,Dubose,bduboseqq@sourceforge.net,Male,Aksakovo,2022-03-19,43,109189,Checking
1219,611,2022-05-11,Online Shopping,351,,Saparbay,,Credit Card,219.0,Roombo,Desi,Elwood,delwoodgy@macromedia.com,Non-binary,Nantes,2023-05-18,54,51831,Both
1220,97,2024-05-04,Utilities,748,,Rząśnik,,Credit Card,220.0,Twinder,Sayre,Marrow,smarrow2o@bbc.co.uk,Female,Moret-sur-Loing,2021-12-09,49,56819,Checking
1221,151,2024-08-22,Online Shopping,561,,Dongzhou,,Credit Card,221.0,Dynabox,Osmund,Passey,opassey46@51.la,Male,Tandil,2023-11-19,74,117457,Both
1222,380,2022-10-23,Groceries,405,,Yashalta,,Credit Card,222.0,Oozz,Freeman,Schreurs,fschreursaj@51.la,Male,Bjuv,2016-08-29,44,140861,Both
1223,829,2024-03-24,Dining,402,,Kudymkar,,Credit Card,223.0,Youspan,Noak,Le Merchant,nlemerchantn0@printfriendly.com,Male,Bojonglarang,2022-07-06,31,131330,Savings
1224,677,2022-09-09,Entertainment,920,,Trawniki,,Credit Card,224.0,Twimm,Hillard,Nunnerley,hnunnerleyis@mit.edu,Male,Grand Sable,2020-10-31,29,70065,Checking
1225,358,2023-04-20,Dining,967,,Erími,,Credit Card,225.0,Yodel,Darius,Parrington,dparrington9x@chron.com,Male,Charikar,2020-07-14,70,67478,Savings
1226,486,2024-09-26,Groceries,444,,San Agustin,,Credit Card,226.0,Voonte,Darda,Ferenczi,dferenczidh@wsj.com,Female,Puerto Tejada,2018-08-18,62,99733,Both
1227,351,2023-08-03,Entertainment,899,,Shorko,,Credit Card,227.0,Realpoint,Holly,Minocchi,hminocchi9q@theatlantic.com,Male,Lidköping,2022-06-21,43,107498,Savings
1228,853,2024-07-04,Travel,795,,Mailsi,,Credit Card,228.0,Npath,Valenka,Philippou,vphilippouno@example.com,Agender,Annaka,2020-05-03,55,72244,Checking
1229,647,2024-05-28,Online Shopping,408,,Granada,,Credit Card,229.0,Yodoo,Leonardo,Yanshonok,lyanshonokhy@businessweek.com,Male,Paris 10,2015-01-04,57,122784,Checking
1230,482,2024-07-06,Entertainment,713,,Houston,,Credit Card,230.0,BlogXS,Merlina,Doul,mdouldd@pen.io,Female,Severnyy,2018-11-17,72,51307,Both
1231,769,2022-07-20,Entertainment,694,,Pruszcz,,Credit Card,231.0,Tekfly,Theresina,Saby,tsabylc@bloglovin.com,Female,Bumba,2023-08-29,26,82590,Savings
1232,1,2024-05-05,Entertainment,26,,Pinheiro,,Credit Card,232.0,Roodel,Phyllida,Gowing,pgowing0@theglobeandmail.com,Female,Cihurip Satu,2017-01-08,38,45399,Checking
1233,674,2023-09-07,Utilities,431,,Saltsjö-Boo,,Credit Card,233.0,Muxo,Tiffi,Grummitt,tgrummittip@slate.com,Female,Vacov,2021-01-13,48,83370,Savings
1234,318,2024-06-30,Dining,470,,Fort-de-France,,Credit Card,234.0,Tagcat,Tyne,Smurthwaite,tsmurthwaite8t@mail.ru,Female,Pukekohe East,2021-02-19,69,96620,Savings
1235,950,2023-01-08,Travel,211,,Kanginan,,Credit Card,235.0,Meemm,Abbey,Atcheson,aatchesonqd@acquirethisname.com,Female,Lianshan,2016-01-03,38,90897,Savings
1236,58,2023-10-03,Dining,397,,Jibu Hulangtu,,Credit Card,236.0,Edgeify,Juan,Bodham,jbodham1l@walmart.com,Male,Baracoa,2019-10-18,23,73592,Both
1237,26,2022-01-21,Dining,982,,Hrtkovci,,Credit Card,237.0,Snaptags,Auguste,Phillott,aphillottp@state.gov,Female,Kassel,2016-05-11,29,34788,Savings
1238,445,2024-04-24,Utilities,185,,Sherpur,,Credit Card,238.0,Brainbox,Marianne,Kinsella,mkinsellacc@arizona.edu,Female,Mugan,2018-05-07,45,85698,Savings
1239,912,2024-06-30,Utilities,454,,Kunri,,Credit Card,239.0,Youopia,Zebadiah,Spavon,zspavonpb@cocolog-nifty.com,Male,Rzgów,2019-12-06,37,139917,Checking
1240,872,2022-10-08,Dining,575,,Bílovec,,Credit Card,240.0,Camimbo,Winonah,Berney,wberneyo7@alexa.com,Non-binary,Krzeszów,2023-11-27,51,116747,Savings
1241,955,2023-08-22,Utilities,432,,Changyŏn,,Credit Card,241.0,Realpoint,Kendricks,Castanho,kcastanhoqi@163.com,Male,Kandangan,2022-01-22,29,38047,Checking
1242,51,2024-09-04,Travel,265,,Fuyo,,Credit Card,242.0,Mybuzz,Kit,Wynrahame,kwynrahame1e@woothemes.com,Male,Lengshui,2019-09-13,32,70450,Both
1243,593,2024-09-13,Groceries,582,,Ji Paraná,,Credit Card,243.0,Roomm,Fabe,Goucher,fgouchergg@wsj.com,Male,Banes,2017-05-18,47,148522,Both
1244,77,2022-03-08,Online Shopping,988,,Perzów,,Credit Card,244.0,Bubbletube,Vanni,Spoole,vspoole24@hp.com,Female,Amphawa,2015-09-26,33,140413,Both
1245,296,2024-05-20,Travel,101,,Venilale,,Credit Card,245.0,Izio,Seth,Kubicka,skubicka87@cdc.gov,Male,Tiztoutine,2020-05-26,45,43660,Savings
1246,189,2022-03-12,Groceries,552,,Montelíbano,,Credit Card,246.0,Jabbercube,Dicky,Beharrell,dbeharrell58@mtv.com,Male,Luodian,2015-10-19,55,123288,Savings
1247,558,2022-05-31,Online Shopping,542,,Kujang,,Credit Card,247.0,Latz,Tommy,Jekel,tjekelfh@issuu.com,Male,Desnogorsk,2015-01-19,39,130126,Both
1248,300,2022-11-26,Utilities,177,,Kolaka,,Credit Card,248.0,Kare,Josh,Shergill,jshergill8b@ted.com,Male,Guernica,2023-08-31,57,75135,Savings
1249,776,2023-02-08,Travel,600,,Beaumont,,Credit Card,249.0,Twitternation,Maje,Pearch,mpearchlj@goo.ne.jp,Male,Guyi,2015-04-02,54,66995,Checking
1250,32,2022-09-27,Groceries,911,,Chai Nat,,Credit Card,250.0,Feedfire,Camey,Ockleshaw,cockleshawv@t.co,Bigender,Heshui,2022-05-06,65,48330,Both
1251,230,2024-02-01,Entertainment,321,,Barranqueras,,Credit Card,251.0,Zoombox,Elka,Lafoy,elafoy6d@independent.co.uk,Female,Zhamao,2022-12-23,23,88653,Savings
1252,254,2024-09-20,Online Shopping,911,,Quillota,,Credit Card,252.0,Meeveo,Katherine,Aujean,kaujean71@smugmug.com,Female,Hushi,2015-07-12,24,133380,Savings
1253,450,2023-09-24,Groceries,880,,Luohe,,Credit Card,253.0,Tagfeed,Hal,Treacy,htreacych@japanpost.jp,Non-binary,Tarłów,2016-04-17,59,49161,Checking
1254,4,2023-07-16,Online Shopping,717,,Zudun,,Credit Card,254.0,Innotype,Layton,O'Mailey,lomailey3@google.nl,Male,Krivaja,2019-11-02,39,133955,Savings
1255,92,2022-05-13,Online Shopping,745,,Yishui,,Credit Card,255.0,Mycat,Arlana,Lakenton,alakenton2j@barnesandnoble.com,Female,Chating,2018-07-23,45,57940,Both
1256,453,2022-08-16,Entertainment,554,,Jelat,,Credit Card,256.0,Ozu,Giffer,Esler,geslerck@skyrock.com,Male,Mönsterås,2019-01-29,21,31190,Checking
1257,447,2023-08-06,Utilities,648,,Mỹ Tho,,Credit Card,257.0,Blogtags,Carce,Fosdick,cfosdickce@toplist.cz,Male,Ust’-Donetskiy,2021-02-21,48,146517,Checking
1258,186,2023-09-04,Dining,960,,Boleszkowice,,Credit Card,258.0,Myworks,Van,Fenney,vfenney55@vk.com,Bigender,San José de Jáchal,2018-11-07,21,46129,Both
1259,108,2023-11-05,Utilities,934,,Aba,,Credit Card,259.0,Twitterworks,Demetria,Samways,dsamways2z@homestead.com,Agender,Chixi,2017-11-23,60,105276,Savings
1260,846,2024-11-28,Utilities,157,,Mariestad,,Credit Card,260.0,Eidel,Mufi,Boules,mboulesnh@g.co,Female,Qal‘ah-ye Shahr,2022-03-22,75,129533,Both
1261,293,2024-05-14,Utilities,109,,Ariquemes,,Credit Card,261.0,Riffwire,Larisa,Dallender,ldallender84@usa.gov,Female,Ad Dīs ash Sharqīyah,2017-10-24,74,35967,Savings
1262,747,2024-09-30,Entertainment,423,,Lyubotyn,,Credit Card,262.0,Einti,Tamas,Goldie,tgoldiekq@fastcompany.com,Male,Saint-Lô,2015-04-12,44,92160,Both
1263,363,2024-02-03,Entertainment,318,,Monte Santo de Minas,,Credit Card,263.0,Blogspan,John,Youthead,jyoutheada2@loc.gov,Genderfluid,Tasböget,2024-09-21,62,73585,Savings
1264,964,2022-01-27,Groceries,849,,Luniao,,Credit Card,264.0,Livetube,Horace,Glamart,hglamartqr@wisc.edu,Male,Jiangbei,2017-05-06,41,103362,Checking
1265,782,2022-05-05,Travel,126,,Huangrangping,,Credit Card,265.0,Livetube,Ursulina,Trask,utrasklp@sphinn.com,Female,Guantouzui,2016-09-20,24,51287,Both
1266,867,2024-09-14,Groceries,213,,Ciechanowiec,,Credit Card,266.0,Rhybox,Sauncho,Roft,srofto2@noaa.gov,Male,Yanagawa,2020-11-29,37,52064,Checking
1267,718,2022-10-23,Online Shopping,907,,Riversdale,,Credit Card,267.0,JumpXS,Christoper,Windrum,cwindrumjx@economist.com,Male,Kirovohrad,2018-11-20,75,47078,Checking
1268,142,2024-09-29,Online Shopping,367,,Rennes,,Credit Card,268.0,Abatz,Terrie,Udden,tudden3x@booking.com,Female,Haiyang,2023-02-23,53,75718,Both
1269,477,2022-02-19,Travel,773,,Pewel Wielka,,Credit Card,269.0,Skinder,Karisa,Tredget,ktredgetd8@icq.com,Female,Olds,2016-02-26,32,42000,Both
1270,484,2022-09-26,Utilities,776,,Tekes,,Credit Card,270.0,Bubblebox,Shalne,Castillo,scastillodf@auda.org.au,Female,Santa Lucia,2024-07-18,55,147674,Savings
1271,639,2022-10-29,Dining,63,,Vylkove,,Credit Card,271.0,Thoughtbridge,Tadd,Kilbourne,tkilbournehq@hugedomains.com,Male,Ciguna,2019-02-03,49,97039,Checking
1272,530,2025-01-03,Entertainment,71,,Renhe,,Credit Card,272.0,Meevee,Fawne,Breffit,fbreffitep@oracle.com,Female,Stockholm,2022-03-21,43,86703,Savings
1273,682,2024-08-25,Entertainment,257,,Yāsūf,,Credit Card,273.0,Tagchat,Zorana,Bussons,zbussonsix@fotki.com,Female,Poshekhon’ye,2024-08-03,52,61456,Savings
1274,61,2024-12-29,Dining,962,,Hanghuadian,,Credit Card,274.0,Topicware,Gregoor,Malthouse,gmalthouse1o@linkedin.com,Male,Safonovo,2021-02-25,24,67112,Checking
1275,564,2023-01-20,Travel,804,,Jitan,,Credit Card,275.0,Skimia,Paco,Cuell,pcuellfn@cafepress.com,Male,Qarāwat Banī Zayd,2019-08-27,47,71286,Both
1276,98,2024-11-08,Groceries,70,,Novoderevyankovskaya,,Credit Card,276.0,Skinte,Rivi,McNess,rmcness2p@youtu.be,Female,Thai Charoen,2022-02-19,59,39005,Both
1277,820,2022-01-04,Groceries,710,,Shūkat aş Şūfī,,Credit Card,277.0,Agivu,Sauncho,Andrus,sandrusmr@thetimes.co.uk,Male,George Town,2017-08-12,64,99501,Checking
1278,813,2023-07-01,Groceries,493,,Catumbela,,Credit Card,278.0,Wordify,Jere,Ghelardi,jghelardimk@1688.com,Female,Vetluga,2021-08-31,45,89109,Checking
1279,770,2023-10-13,Travel,641,,Pantin,,Credit Card,279.0,Gabcube,Hi,Muress,hmuressld@freewebs.com,Male,Gąbin,2016-10-06,31,88218,Both
1280,580,2023-03-21,Entertainment,33,,Chişinău,,Credit Card,280.0,Dazzlesphere,Arnold,Yes,ayesg3@google.es,Male,Ma'an,2018-05-05,64,109896,Checking
1281,492,2024-03-25,Travel,19,,Sampagar,,Credit Card,281.0,Realmix,Brendis,Arangy,barangydn@google.ru,Male,Mander,2019-07-10,40,50129,Savings
1282,582,2023-05-01,Travel,782,,Loma Bonita,,Credit Card,282.0,Zoombeat,Sarette,Vlasenko,svlasenkog5@chicagotribune.com,Female,Sumberjo,2015-03-29,42,112024,Checking
1283,939,2023-02-28,Travel,736,,Gråbo,,Credit Card,283.0,Minyx,Nelson,Menaul,nmenaulq2@walmart.com,Male,Gharyan,2020-12-02,28,49227,Checking
1284,411,2022-07-06,Entertainment,252,,Monchegorsk,,Credit Card,284.0,Rhynoodle,Alberik,Jencey,ajenceybe@ameblo.jp,Male,São Luís,2020-07-06,47,40439,Checking
1285,198,2024-12-21,Utilities,162,,Bangshipu,,Credit Card,285.0,Tanoodle,Winthrop,Dolby,wdolby5h@naver.com,Male,Bombarral,2023-05-01,18,55016,Checking
1286,377,2023-02-02,Utilities,72,,Dacheng,,Credit Card,286.0,Jaxnation,Arie,Bentsen,abentsenag@dagondesign.com,Male,Oesao,2021-04-13,22,137947,Both
1287,18,2024-10-30,Travel,586,,La Tinguiña,,Credit Card,287.0,Yadel,Ula,Traill,utraillh@parallels.com,Female,Hekou,2024-04-05,35,123582,Savings
1288,821,2024-10-30,Dining,183,,Cikeper,,Credit Card,288.0,Leexo,Fulton,Roderick,froderickms@home.pl,Male,An Lão,2017-10-22,21,70630,Savings
1289,322,2022-03-28,Travel,889,,Ventersdorp,,Credit Card,289.0,Topiczoom,Channa,Dinnis,cdinnis8x@thetimes.co.uk,Female,Baoshan,2019-09-22,28,64194,Both
1290,337,2023-04-12,Groceries,396,,Sirnasari,,Credit Card,290.0,BlogXS,Verge,Boorman,vboorman9c@hostgator.com,Male,Rönninge,2023-12-24,42,79168,Checking
1291,821,2023-10-10,Dining,912,,Racławice,,Credit Card,291.0,Feedmix,Fulton,Roderick,froderickms@home.pl,Male,An Lão,2017-10-22,21,70630,Savings
1292,98,2024-03-04,Online Shopping,151,,München,,Credit Card,292.0,Digitube,Rivi,McNess,rmcness2p@youtu.be,Female,Thai Charoen,2022-02-19,59,39005,Both
1293,211,2022-07-22,Utilities,557,,Grati Satu,,Credit Card,293.0,Aibox,Bord,Tupie,btupie5u@ycombinator.com,Male,Zhougang,2021-11-10,75,76660,Checking
1294,687,2023-08-26,Travel,691,,Khorinsk,,Credit Card,294.0,Omba,Jeromy,Inkin,jinkinj2@list-manage.com,Male,Umuarama,2022-04-09,62,88855,Checking
1295,550,2023-04-12,Dining,690,,Oeiras,,Credit Card,295.0,Brainsphere,Carmon,Galer,cgalerf9@paginegialle.it,Bigender,'s-Hertogenbosch,2015-02-17,54,59079,Savings
1296,321,2023-05-19,Entertainment,119,,Sarreguemines,,Credit Card,296.0,Demimbu,Truda,Clifforth,tclifforth8w@hexun.com,Non-binary,Krasiczyn,2017-04-30,61,132575,Savings
1297,82,2023-07-16,Online Shopping,791,,Lubień Kujawski,,Credit Card,297.0,Myworks,Ferrel,Hunnable,fhunnable29@dropbox.com,Male,Isnos,2017-01-29,19,32119,Both
1298,747,2023-05-05,Utilities,203,,Psará,,Credit Card,298.0,Gabspot,Tamas,Goldie,tgoldiekq@fastcompany.com,Male,Saint-Lô,2015-04-12,44,92160,Both
1299,625,2023-10-03,Groceries,174,,Oslo,,Credit Card,299.0,Eimbee,Evy,Rodger,erodgerhc@ning.com,Female,Xintang,2018-06-25,35,114099,Savings
1300,807,2022-08-01,Entertainment,148,,Wonopringgo,,Credit Card,300.0,Innotype,Ronda,Rymour,rrymourme@wufoo.com,Female,Virolahti,2021-01-24,26,122830,Savings
1301,110,2023-04-25,Utilities,309,,Rembes,,Credit Card,301.0,Bluejam,Conrad,Jacqueme,cjacqueme31@ow.ly,Male,Selajambe Satu,2015-07-13,48,84905,Savings
1302,937,2023-06-12,Online Shopping,854,,Bang Nam Priao,,Credit Card,302.0,Kayveo,Violante,McKeveney,vmckeveneyq0@europa.eu,Female,Huagu,2024-10-02,71,42299,Savings
1303,340,2023-12-09,Entertainment,989,,Nice,,Credit Card,303.0,Vinte,Farand,Dunbleton,fdunbleton9f@disqus.com,Female,Ciasna,2024-10-08,42,107412,Both
1304,461,2022-04-14,Online Shopping,474,,Anbyŏn-ŭp,,Credit Card,304.0,Skyba,Tallie,Androsik,tandrosikcs@archive.org,Female,Al Maşlūb,2016-07-20,40,45143,Both
1305,296,2022-05-31,Travel,463,,Mingshan,,Credit Card,305.0,Quatz,Seth,Kubicka,skubicka87@cdc.gov,Male,Tiztoutine,2020-05-26,45,43660,Savings
1306,835,2022-11-14,Dining,703,,Osby,,Credit Card,306.0,Rhyloo,Zitella,Darcey,zdarceyn6@cocolog-nifty.com,Female,Kvasiny,2015-02-01,71,133093,Savings
1307,292,2024-04-03,Entertainment,483,,Boluo,,Credit Card,307.0,Yotz,Darb,Splevins,dsplevins83@google.es,Male,Cachadinha,2017-04-25,47,129424,Checking
1308,51,2022-05-16,Utilities,141,,Gastello,,Credit Card,308.0,Brightdog,Kit,Wynrahame,kwynrahame1e@woothemes.com,Male,Lengshui,2019-09-13,32,70450,Both
1309,542,2024-08-05,Groceries,89,,Boguchwała,,Credit Card,309.0,Mynte,Nannette,Kalewe,nkalewef1@foxnews.com,Female,Fak Tha,2016-11-15,19,30504,Both
1310,166,2024-12-13,Dining,685,,Shilovo,,Credit Card,310.0,Realbuzz,Caro,Graves,cgraves4l@ucsd.edu,Female,Lapuan,2021-08-12,45,36848,Savings
1311,144,2022-11-30,Travel,867,,Ampasimanolotra,,Credit Card,311.0,Brainverse,Hunter,Frandsen,hfrandsen3z@360.cn,Male,Touama,2015-01-20,46,44688,Savings
1312,269,2022-06-18,Utilities,825,,Chamical,,Credit Card,312.0,Babbleset,Alexis,Dilland,adilland7g@noaa.gov,Male,Sankui,2022-12-14,47,124123,Checking
1313,678,2024-06-30,Entertainment,660,,Qulai,,Credit Card,313.0,Realbuzz,Deena,Baudassi,dbaudassiit@shareasale.com,Female,Huddinge,2015-11-27,43,122333,Checking
1314,381,2022-11-22,Dining,67,,Al Wardānīn,,Credit Card,314.0,Browsecat,Berkley,Devoy,bdevoyak@twitter.com,Male,Bulakgebang,2020-01-04,53,141219,Both
1315,214,2024-04-23,Utilities,641,,Kakamigahara,,Credit Card,315.0,Thoughtsphere,Barbara,Siuda,bsiuda5x@simplemachines.org,Female,Mintang,2019-11-26,19,88945,Both
1316,557,2024-08-23,Groceries,287,,San Pedro,,Credit Card,316.0,Yata,Delmor,Halladay,dhalladayfg@nature.com,Male,Votkinsk,2016-10-27,19,113399,Savings
1317,120,2022-03-04,Travel,612,,Amorim,,Credit Card,317.0,Fliptune,Gracia,Sawley,gsawley3b@thetimes.co.uk,Female,Ostrowite,2023-03-24,22,74530,Checking
1318,699,2023-12-26,Online Shopping,117,,Wichita,,Credit Card,318.0,Myworks,Birk,Nayer,bnayerje@cam.ac.uk,Male,Kediren,2023-05-18,23,70617,Savings
1319,824,2024-01-20,Entertainment,359,,Albergaria,,Credit Card,319.0,Jetpulse,Marleen,Dafydd,mdafyddmv@ebay.com,Female,Dahay,2019-09-25,67,149529,Both
1320,460,2023-08-23,Utilities,457,,Wuyang,,Credit Card,320.0,Jayo,Austina,Dearsley,adearsleycr@go.com,Female,Libon,2017-06-20,34,55601,Savings
1321,312,2023-01-31,Groceries,129,,Vale Covo,,Credit Card,321.0,Buzzbean,Raf,Lammenga,rlammenga8n@seattletimes.com,Female,Cermee,2022-09-12,51,99257,Savings
1322,704,2022-07-14,Dining,45,,Sipirok,,Credit Card,322.0,Bluezoom,Jeannette,Joontjes,jjoontjesjj@uiuc.edu,Female,La Unión,2016-04-22,25,39023,Checking
1323,834,2022-03-15,Entertainment,368,,Murcia,,Credit Card,323.0,Gigashots,Lanni,Wipfler,lwipflern5@yelp.com,Female,Vyshneve,2022-11-02,36,43067,Savings
1324,520,2023-02-19,Utilities,336,,Luna,,Credit Card,324.0,Kayveo,Tobin,Hackford,thackfordef@blog.com,Male,Bandundu,2020-07-28,71,33671,Both
1325,343,2023-03-18,Utilities,35,,Kampungbajo,,Credit Card,325.0,Zoombeat,Heindrick,Powter,hpowter9i@bluehost.com,Male,Huiwen,2023-02-16,19,143403,Both
1326,988,2024-04-25,Online Shopping,313,,Conel,,Credit Card,326.0,Wordware,Hinze,Connell,hconnellrf@fastcompany.com,Male,Tantamayo,2021-08-24,57,115182,Checking
1327,828,2022-05-23,Dining,223,,Zadvorsko,,Credit Card,327.0,Jaxspan,Corrina,Grafham,cgrafhammz@wunderground.com,Female,Káto Miliá,2021-09-14,32,103673,Savings
1328,345,2024-11-11,Entertainment,908,,Rakhmanovo,,Credit Card,328.0,Meeveo,Perkin,Tayspell,ptayspell9k@ask.com,Male,Bopu,2019-09-28,35,78346,Savings
1329,798,2024-10-31,Travel,139,,Bradag,,Credit Card,329.0,Skiptube,Shela,Torrance,storrancem5@state.gov,Female,Tolitoli,2022-08-26,58,66587,Checking
1330,463,2022-01-19,Utilities,25,,Aniso,,Credit Card,330.0,Voomm,Lauritz,Blum,lblumcu@nature.com,Male,Tambakan,2021-08-03,74,145090,Checking
1331,165,2023-02-10,Entertainment,457,,Lobitos,,Credit Card,331.0,Browsedrive,Ware,Tranckle,wtranckle4k@omniture.com,Male,Greater Napanee,2015-09-25,66,46680,Savings
1332,711,2022-11-07,Travel,287,,Nandong,,Credit Card,332.0,Browsecat,Corrine,Crudginton,ccrudgintonjq@macromedia.com,Female,Banjar Sengguan,2024-02-18,49,134299,Both
1333,946,2023-10-20,Online Shopping,204,,Sayán,,Credit Card,333.0,Dynabox,Dexter,Heindrick,dheindrickq9@nydailynews.com,Male,Al Jarādīyah,2023-12-25,59,115954,Savings
1334,600,2023-12-25,Dining,802,,San Fernando del Valle de Catamarca,,Credit Card,334.0,Agimba,Annora,McGowran,amcgowrangn@last.fm,Non-binary,Zbąszyń,2019-03-01,54,127724,Both
1335,694,2024-10-10,Online Shopping,279,,Padurung,,Credit Card,335.0,Wikizz,Michale,Divina,mdivinaj9@techcrunch.com,Male,Hanyuan,2024-03-13,33,84645,Both
1336,140,2022-04-29,Online Shopping,387,,Cravinhos,,Credit Card,336.0,Mydeo,Nancee,Marriage,nmarriage3v@ft.com,Genderfluid,Potou,2022-12-08,54,59413,Savings
1337,915,2024-03-14,Groceries,781,,Laliki,,Credit Card,337.0,Brainlounge,Darlene,Prando,dprandope@craigslist.org,Female,Kalá Déndra,2022-07-29,51,128114,Savings
1338,294,2022-09-16,Groceries,440,,Yangsi,,Credit Card,338.0,Zava,Lissie,Treneman,ltreneman85@pinterest.com,Female,Zavet,2018-11-02,72,141740,Both
1339,400,2022-09-11,Groceries,763,,Otyniya,,Credit Card,339.0,Trudeo,Lorine,MacCumeskey,lmaccumeskeyb3@globo.com,Female,Hepo,2021-08-03,65,35934,Savings
1340,12,2024-07-14,Utilities,330,,Odessa,,Credit Card,340.0,Avavee,Liuka,Possek,lpossekb@exblog.jp,Female,San Javier,2015-07-22,27,135787,Checking
1341,309,2023-05-10,Dining,551,,Baton Rouge,,Credit Card,341.0,Edgeblab,Jamaal,Briereton,jbriereton8k@tamu.edu,Male,Tehrān,2017-11-30,31,113322,Checking
1342,210,2022-01-13,Entertainment,192,,Ngrambitan,,Credit Card,342.0,Trudeo,Mallorie,Ripley,mripley5t@guardian.co.uk,Female,Józefów,2022-01-05,25,87919,Checking
1343,78,2022-10-27,Entertainment,218,,Tabuc Pontevedra,,Credit Card,343.0,Muxo,Mae,Morrant,mmorrant25@cafepress.com,Female,Arnage,2024-06-08,25,104174,Savings
1344,423,2024-03-03,Online Shopping,215,,Guoyuan,,Credit Card,344.0,Rhycero,Vic,Crotty,vcrottybq@ca.gov,Male,Pingtian,2021-05-28,70,57872,Checking
1345,923,2022-04-03,Groceries,252,,Sultan Kudarat,,Credit Card,345.0,Buzzdog,Yasmin,Cristofanini,ycristofaninipm@senate.gov,Female,Araraquara,2020-01-07,27,31663,Both
1346,718,2024-05-05,Dining,69,,Santa Maria,,Credit Card,346.0,Youfeed,Christoper,Windrum,cwindrumjx@economist.com,Male,Kirovohrad,2018-11-20,75,47078,Checking
1347,311,2024-01-18,Dining,604,,Liudu,,Credit Card,347.0,Bubbletube,Jordain,Flay,jflay8m@npr.org,Female,Gar,2022-07-02,22,42601,Both
1348,569,2023-11-07,Entertainment,752,,Penelas,,Credit Card,348.0,Ozu,Florencia,Scorthorne,fscorthornefs@bizjournals.com,Female,Demba,2022-10-28,60,93188,Checking
1349,98,2023-06-10,Entertainment,899,,Banjaranyar,,Credit Card,349.0,Topicshots,Rivi,McNess,rmcness2p@youtu.be,Female,Thai Charoen,2022-02-19,59,39005,Both
1350,47,2024-11-22,Groceries,874,,Chayek,,Credit Card,350.0,Realmix,Grenville,Yaldren,gyaldren1a@gnu.org,Male,Atimonan,2022-03-19,62,87987,Both
1351,481,2022-10-30,Entertainment,707,,Goma,,Credit Card,351.0,Fivechat,Derry,Lukianovich,dlukianovichdc@discuz.net,Male,Jazovo,2022-09-23,37,48054,Checking
1352,60,2023-01-27,Entertainment,823,,Rennes,,Credit Card,352.0,Gabspot,Lesley,Brumham,lbrumham1n@oakley.com,Male,Milíkov,2017-02-16,73,41506,Both
1353,916,2022-01-16,Travel,196,,Nova Prata,,Credit Card,353.0,Feedspan,Cristobal,Moncarr,cmoncarrpf@mtv.com,Male,Nagqu,2017-02-03,36,97597,Savings
1354,450,2024-03-12,Online Shopping,218,,Thị Trấn Yên Thịnh,,Credit Card,354.0,Tagcat,Hal,Treacy,htreacych@japanpost.jp,Non-binary,Tarłów,2016-04-17,59,49161,Checking
1355,662,2023-12-02,Entertainment,38,,Dapdapan,,Credit Card,355.0,Mybuzz,Christiano,Longea,clongeaid@utexas.edu,Male,Rurrenabaque,2017-04-03,69,103081,Both
1356,364,2022-10-19,Online Shopping,237,,Wanju,,Credit Card,356.0,Thoughtblab,Quinlan,Taffs,qtaffsa3@examiner.com,Male,Palmar de Varela,2024-09-15,71,118428,Checking
1357,377,2025-01-02,Travel,807,,Jaraguá,,Credit Card,357.0,Eazzy,Arie,Bentsen,abentsenag@dagondesign.com,Male,Oesao,2021-04-13,22,137947,Both
1358,225,2023-12-05,Groceries,62,,Las Vegas,,Credit Card,358.0,Linkbuzz,Chickie,Darrigoe,cdarrigoe68@parallels.com,Female,Saukkola,2024-08-19,68,112066,Savings
1359,679,2022-12-04,Groceries,848,,Pagelaran,,Credit Card,359.0,Mita,Dud,Weetch,dweetchiu@springer.com,Male,Sindangkopo,2017-06-09,27,57652,Checking
1360,207,2024-03-11,Travel,357,,Västerås,,Credit Card,360.0,Devcast,Walt,Stoneman,wstoneman5q@wufoo.com,Male,Burträsk,2015-04-29,35,67305,Both
1361,3,2024-08-29,Dining,172,,Xilópolis,,Credit Card,361.0,Fatz,Elvera,Swannack,eswannack2@cnn.com,Female,Mianhu,2021-10-03,47,59490,Both
1362,781,2023-01-23,Groceries,491,,Nakhon Pathom,,Credit Card,362.0,Youspan,Philip,Nezey,pnezeylo@java.com,Male,General Conesa,2016-06-15,28,99340,Savings
1363,877,2024-11-05,Online Shopping,469,,San Jose,,Credit Card,363.0,Trunyx,Morganne,Steffens,msteffensoc@techcrunch.com,Female,Nizhniy Dzhengutay,2024-09-18,39,102282,Checking
1364,668,2024-12-15,Dining,869,,Dijon,,Credit Card,364.0,Zoomlounge,Clem,Croysdale,ccroysdaleij@hc360.com,Female,Łobodno,2017-03-22,71,60591,Savings
1365,630,2023-02-12,Utilities,916,,Kaoshan,,Credit Card,365.0,Thoughtmix,Sinclair,Calton,scaltonhh@dmoz.org,Male,Kaiama,2017-08-23,50,147873,Savings
1366,366,2022-07-10,Entertainment,701,,Khāsh,,Credit Card,366.0,Yambee,Chevy,Clousley,cclousleya5@wix.com,Male,Havířov,2016-11-11,74,39979,Checking
1367,966,2024-10-15,Entertainment,17,,Lidingö,,Credit Card,367.0,Thoughtbridge,Vasily,Sheringham,vsheringhamqt@discovery.com,Genderqueer,Karlskoga,2023-05-01,56,64172,Checking
1368,59,2024-02-14,Dining,633,,Culianin,,Credit Card,368.0,Cogidoo,Deena,Elstone,delstone1m@mac.com,Female,Yongfeng,2016-06-30,50,100046,Checking
1369,329,2023-07-08,Entertainment,900,,Ilihan,,Credit Card,369.0,Edgeclub,Ossie,Grimsey,ogrimsey94@wisc.edu,Male,Xinchenglu,2020-11-03,26,103199,Savings
1370,471,2022-06-24,Travel,21,,Peicheng,,Credit Card,370.0,Kayveo,Marcellus,Pargent,mpargentd2@hexun.com,Male,Bigaa,2019-02-28,19,122595,Savings
1371,826,2023-11-30,Online Shopping,130,,Macau,,Credit Card,371.0,Lazzy,Linnie,Cota,lcotamx@go.com,Non-binary,El Chol,2021-02-26,30,66910,Checking
1372,789,2022-10-26,Travel,123,,Villarrica,,Credit Card,372.0,Babblestorm,Hakeem,Osanne,hosannelw@dagondesign.com,Male,Asyūţ,2023-02-05,31,144383,Savings
1373,221,2024-08-16,Travel,813,,Paris 13,,Credit Card,373.0,Fivechat,Waring,Boyes,wboyes64@pen.io,Male,Santa Rosa,2020-08-14,50,118380,Savings
1374,974,2023-09-28,Online Shopping,510,,Bystré,,Credit Card,374.0,Zoovu,Sibbie,Corradetti,scorradettir1@engadget.com,Female,Blatnica,2019-11-17,30,48152,Both
1375,406,2023-04-22,Utilities,197,,Ljubno ob Savinji,,Credit Card,375.0,Demimbu,Storm,Ramel,sramelb9@yellowbook.com,Female,Avaré,2021-06-19,18,133468,Checking
1376,857,2023-02-23,Utilities,313,,Linköping,,Credit Card,376.0,Kazu,Chalmers,Klainer,cklainerns@people.com.cn,Male,Paris 13,2022-03-27,49,83985,Savings
1377,5,2023-07-19,Dining,286,,Jiangnan,,Credit Card,377.0,Trilith,Filippa,Godson,fgodson4@mail.ru,Female,Kaiama,2024-01-11,28,119523,Both
1378,267,2022-01-09,Groceries,458,,Le Mans,,Credit Card,378.0,Kayveo,Jabez,Hagergham,jhagergham7e@nps.gov,Male,Nantes,2021-02-08,58,139207,Savings
1379,887,2023-03-01,Utilities,628,,Svalöv,,Credit Card,379.0,Avaveo,Britney,Bocke,bbockeom@illinois.edu,Female,Qixingtai,2020-11-21,32,99511,Both
1380,481,2024-11-25,Utilities,865,,Girang,,Credit Card,380.0,Feedbug,Derry,Lukianovich,dlukianovichdc@discuz.net,Male,Jazovo,2022-09-23,37,48054,Checking
1381,24,2024-07-24,Entertainment,832,,Skála,,Credit Card,381.0,Eimbee,Gilda,Frazer,gfrazern@phoca.cz,Female,Heemstede,2018-10-11,67,134939,Checking
1382,691,2022-07-22,Groceries,613,,Nkpor,,Credit Card,382.0,Gigabox,Frasco,Stoller,fstollerj6@blogger.com,Male,Avon,2023-10-13,32,142187,Checking
1383,611,2022-06-12,Travel,852,,Dongxiaokou,,Credit Card,383.0,Dabtype,Desi,Elwood,delwoodgy@macromedia.com,Non-binary,Nantes,2023-05-18,54,51831,Both
1384,918,2022-11-01,Entertainment,553,,Tor,,Credit Card,384.0,Topicshots,Cary,Morhall,cmorhallph@ovh.net,Female,Chenārān,2021-05-10,20,41001,Savings
1385,795,2022-10-11,Entertainment,438,,Muslyumovo,,Credit Card,385.0,Buzzshare,Alix,Jendrassik,ajendrassikm2@flavors.me,Male,Lyntupy,2015-01-18,33,128455,Both
1386,276,2023-01-07,Online Shopping,199,,Anilao,,Credit Card,386.0,Browsebug,Mahmud,Crombleholme,mcrombleholme7n@indiatimes.com,Male,Nicosia,2021-09-27,64,32579,Checking
1387,41,2024-06-30,Utilities,106,,Herrljunga,,Credit Card,387.0,Kaymbo,Silas,Pointer,spointer14@godaddy.com,Male,Libacao,2024-07-23,30,124691,Both
1388,77,2024-11-18,Dining,225,,Caçador,,Credit Card,388.0,Buzzbean,Vanni,Spoole,vspoole24@hp.com,Female,Amphawa,2015-09-26,33,140413,Both
1389,309,2024-01-25,Entertainment,761,,North Vancouver,,Credit Card,389.0,Skivee,Jamaal,Briereton,jbriereton8k@tamu.edu,Male,Tehrān,2017-11-30,31,113322,Checking
1390,634,2022-05-14,Online Shopping,405,,Kitahiroshima,,Credit Card,390.0,Vinte,Mira,Tupie,mtupiehl@craigslist.org,Female,Xiping,2017-10-03,38,50349,Savings
1391,377,2022-01-12,Utilities,770,,Leńcze,,Credit Card,391.0,Thoughtbeat,Arie,Bentsen,abentsenag@dagondesign.com,Male,Oesao,2021-04-13,22,137947,Both
1392,654,2023-08-24,Entertainment,101,,Babagan,,Credit Card,392.0,Fatz,Hodge,Errichiello,herrichielloi5@hugedomains.com,Male,Tessaoua,2021-07-19,61,91748,Both
1393,50,2022-08-08,Online Shopping,7,,Muarabuliti,,Credit Card,393.0,Thoughtblab,Lucy,Canacott,lcanacott1d@google.es,Female,Liloan,2015-06-09,69,58203,Checking
1394,970,2024-09-06,Entertainment,526,,Renhe,,Credit Card,394.0,Kimia,Ugo,Southcomb,usouthcombqx@google.ca,Male,Dalgān,2024-12-10,47,142982,Savings
1395,164,2023-09-10,Utilities,143,,Bemposta,,Credit Card,395.0,Miboo,Artie,Sterte,asterte4j@g.co,Male,Sambong,2016-07-20,29,78063,Both
1396,404,2023-09-24,Travel,76,,Panjing,,Credit Card,396.0,Linkbuzz,Kellie,Scarbarrow,kscarbarrowb7@reverbnation.com,Female,Torbeck,2022-08-02,69,98118,Both
1397,189,2022-12-27,Online Shopping,903,,Verdizela,,Credit Card,397.0,Vipe,Dicky,Beharrell,dbeharrell58@mtv.com,Male,Luodian,2015-10-19,55,123288,Savings
1398,720,2023-04-23,Dining,129,,Sundumbili,,Credit Card,398.0,Jayo,Niles,McLagain,nmclagainjz@hugedomains.com,Male,Benešov,2020-11-06,30,143114,Checking
1399,644,2024-05-17,Groceries,701,,Araras,,Credit Card,399.0,Skalith,Marietta,Topley,mtopleyhv@gmpg.org,Female,El Triunfo,2018-01-17,42,74216,Both
1400,107,2022-12-07,Travel,514,,Galis,,Credit Card,400.0,Blognation,Leena,Meiner,lmeiner2y@sbwire.com,Female,Las Cruces,2020-02-21,37,110122,Savings
1401,780,2023-08-01,Groceries,282,,Trondheim,,Credit Card,401.0,Omba,Bartholomeus,Hennemann,bhennemannln@scientificamerican.com,Male,Jorok Dalam,2021-12-28,62,39053,Savings
1402,607,2023-03-28,Entertainment,300,,Chirkey,,Credit Card,402.0,Vinte,Hastings,Tackley,htackleygu@uiuc.edu,Male,Ballymun,2019-05-12,65,138951,Savings
1403,969,2023-03-21,Travel,882,,Paradise,,Credit Card,403.0,Skajo,Abdel,Jirsa,ajirsaqw@sun.com,Male,Hesi,2024-11-17,28,131749,Checking
1404,872,2023-01-27,Dining,279,,Wadeng,,Credit Card,404.0,Devpulse,Winonah,Berney,wberneyo7@alexa.com,Non-binary,Krzeszów,2023-11-27,51,116747,Savings
1405,520,2022-08-21,Entertainment,705,,Santa Fe de la Vera Cruz,,Credit Card,405.0,Einti,Tobin,Hackford,thackfordef@blog.com,Male,Bandundu,2020-07-28,71,33671,Both
1406,70,2023-11-25,Travel,31,,Taraan,,Credit Card,406.0,Quamba,Catherin,Kermath,ckermath1x@g.co,Female,Bodø,2022-07-22,55,71946,Checking
1407,183,2022-03-22,Travel,982,,Bajiao,,Credit Card,407.0,Zoonoodle,Zahara,Timperley,ztimperley52@printfriendly.com,Genderfluid,Kil,2016-04-17,42,77711,Savings
1408,257,2024-09-22,Entertainment,226,,Lebowakgomo,,Credit Card,408.0,Skyndu,Fair,Lytell,flytell74@businessinsider.com,Male,Zhouxi,2023-06-24,33,106103,Both
1409,627,2023-06-19,Utilities,850,,Benito Juarez,,Credit Card,409.0,Avamm,Chaim,Fackrell,cfackrellhe@edublogs.org,Male,Hitura,2018-10-25,26,103901,Both
1410,607,2024-05-14,Dining,749,,Kimje,,Credit Card,410.0,Buzzbean,Hastings,Tackley,htackleygu@uiuc.edu,Male,Ballymun,2019-05-12,65,138951,Savings
1411,251,2024-01-24,Dining,248,,Nizhniye Achaluki,,Credit Card,411.0,Twitterbeat,Juline,Loffill,jloffill6y@rakuten.co.jp,Genderqueer,Kota Kinabalu,2016-04-24,66,149396,Savings
1412,73,2023-07-28,Dining,796,,Bogandinskiy,,Credit Card,412.0,Trudeo,Gabriella,Morena,gmorena20@technorati.com,Female,Harstad,2018-05-31,68,144364,Both
1413,473,2022-10-29,Entertainment,361,,Bukedea,,Credit Card,413.0,Minyx,Janna,Loukes,jloukesd4@themeforest.net,Female,Bira,2016-12-23,74,131553,Both
1414,527,2024-04-30,Online Shopping,182,,Taiyang,,Credit Card,414.0,Wordify,Dannel,Puddephatt,dpuddephattem@shareasale.com,Male,Yŏnggwang-ŭp,2020-12-09,28,75315,Checking
1415,935,2023-05-08,Entertainment,147,,Paritaman,,Credit Card,415.0,Ooba,Barnard,Frankiewicz,bfrankiewiczpy@ftc.gov,Male,Zhukeng,2017-12-18,24,89695,Both
1416,53,2022-11-18,Entertainment,834,,Licheng,,Credit Card,416.0,Skinte,Patrizio,Nesbeth,pnesbeth1g@g.co,Male,Chigorodó,2016-08-24,27,146173,Checking
1417,471,2024-02-27,Entertainment,791,,Ferdinandovac,,Credit Card,417.0,Thoughtbeat,Marcellus,Pargent,mpargentd2@hexun.com,Male,Bigaa,2019-02-28,19,122595,Savings
1418,59,2022-11-15,Dining,966,,Saint-Pierre,,Credit Card,418.0,Gigazoom,Deena,Elstone,delstone1m@mac.com,Female,Yongfeng,2016-06-30,50,100046,Checking
1419,44,2024-07-10,Travel,595,,Tokarnia,,Credit Card,419.0,Bluejam,Albrecht,Rofe,arofe17@people.com.cn,Male,Wanying,2021-04-30,34,104630,Savings
1420,22,2024-06-25,Dining,854,,San Patricio,,Credit Card,420.0,Wordify,Sasha,Keeri,skeeril@icq.com,Female,Rumoi,2015-11-12,38,64526,Savings
1421,819,2023-04-11,Entertainment,933,,Novopavlovsk,,Credit Card,421.0,Yodel,Betty,Westraw,bwestrawmq@ed.gov,Female,Järvakandi,2015-02-17,18,91350,Savings
1422,832,2022-03-20,Dining,348,,Shouxihu,,Credit Card,422.0,Flashspan,Debi,Foston,dfostonn3@163.com,Genderqueer,Vokhaïkó,2015-03-14,39,32405,Savings
1423,745,2022-03-01,Travel,502,,Vällingby,,Credit Card,423.0,Rhynoodle,Moyna,Conniam,mconniamko@exblog.jp,Female,Taurija,2016-02-11,28,63848,Both
1424,565,2022-05-16,Travel,522,,Coasa,,Credit Card,424.0,Twitterworks,Bondon,Yacobsohn,byacobsohnfo@sakura.ne.jp,Male,San Pedro,2015-08-19,65,65142,Checking
1425,991,2024-06-15,Groceries,4,,Vagos,,Credit Card,425.0,Vipe,Rolph,Korn,rkornri@cloudflare.com,Male,Lindesberg,2021-08-22,70,137148,Checking
1426,875,2022-07-26,Online Shopping,685,,Ouésso,,Credit Card,426.0,Buzzster,Andreana,Adanez,aadanezoa@umich.edu,Female,Phoenix,2019-12-31,58,47595,Savings
1427,960,2024-08-05,Groceries,936,,Dong’an,,Credit Card,427.0,Aivee,Wren,Coxall,wcoxallqn@xing.com,Female,Pekalongan,2015-04-27,48,84106,Checking
1428,801,2022-06-09,Travel,287,,Guanabacoa,,Credit Card,428.0,Linkbridge,Melissa,Stoile,mstoilem8@wordpress.org,Female,Lubei,2015-09-13,18,137521,Both
1429,530,2024-11-21,Online Shopping,941,,Yekaterinovka,,Credit Card,429.0,Rhycero,Fawne,Breffit,fbreffitep@oracle.com,Female,Stockholm,2022-03-21,43,86703,Savings
1430,907,2022-08-14,Travel,744,,Duyanggang,,Credit Card,430.0,Roomm,Desmond,Reinisch,dreinischp6@tripod.com,Male,Novopodrezkovo,2019-09-08,59,149034,Savings
1431,151,2024-12-22,Online Shopping,692,,Nonoichi,,Credit Card,431.0,Zoovu,Osmund,Passey,opassey46@51.la,Male,Tandil,2023-11-19,74,117457,Both
1432,627,2023-08-01,Travel,295,,Bailang,,Credit Card,432.0,Skyvu,Chaim,Fackrell,cfackrellhe@edublogs.org,Male,Hitura,2018-10-25,26,103901,Both
1433,637,2023-11-21,Online Shopping,606,,Medianeira,,Credit Card,433.0,Leenti,Shurwood,Ridge,sridgeho@myspace.com,Male,Périgueux,2017-10-06,19,143680,Both
1434,577,2023-01-13,Online Shopping,881,,Faḩmah,,Credit Card,434.0,Meedoo,Blithe,Thomazin,bthomazing0@cornell.edu,Female,Katoúna,2015-12-12,69,116043,Both
1435,269,2024-08-05,Online Shopping,474,,Clearwater,,Credit Card,435.0,Innotype,Alexis,Dilland,adilland7g@noaa.gov,Male,Sankui,2022-12-14,47,124123,Checking
1436,961,2022-08-14,Travel,544,,Anka,,Credit Card,436.0,Digitube,Savina,Bagshaw,sbagshawqo@oracle.com,Female,Guayaquil,2017-07-06,20,76777,Checking
1437,600,2023-12-11,Online Shopping,537,,Berlin,,Credit Card,437.0,Devpulse,Annora,McGowran,amcgowrangn@last.fm,Non-binary,Zbąszyń,2019-03-01,54,127724,Both
1438,737,2022-11-10,Online Shopping,676,,Huangjindong,,Credit Card,438.0,Flashset,Ann-marie,McKellar,amckellarkg@ox.ac.uk,Female,Trondheim,2021-11-27,50,108657,Checking
1439,346,2022-01-13,Dining,84,,Toyonaka,,Credit Card,439.0,Tazzy,Micaela,Lortz,mlortz9l@nih.gov,Female,Tacoma,2015-01-01,54,56507,Both
1440,266,2022-07-30,Dining,435,,Cerna,,Credit Card,440.0,Skibox,Benny,Leggitt,bleggitt7d@baidu.com,Male,Minshan,2020-03-06,50,41155,Checking
1441,891,2024-07-16,Groceries,569,,Essen,,Credit Card,441.0,Ainyx,Benedetta,Wadham,bwadhamoq@redcross.org,Non-binary,Mataquescuintla,2017-10-31,37,57188,Both
1442,545,2023-01-12,Online Shopping,341,,Los Ángeles,,Credit Card,442.0,Fivebridge,Oates,MacTeague,omacteaguef4@trellian.com,Male,Marne-la-Vallée,2018-09-20,52,114558,Checking
1443,889,2022-09-27,Utilities,537,,Marolambo,,Credit Card,443.0,Snaptags,Cordy,Storey,cstoreyoo@jugem.jp,Male,Vitrolles,2018-06-15,52,31369,Both
1444,21,2022-11-18,Online Shopping,290,,Ochobo,,Credit Card,444.0,Eadel,Marylee,Guerrin,mguerrink@pen.io,Genderqueer,Batouri,2020-12-04,72,138394,Checking
1445,441,2022-09-11,Groceries,661,,Oskarshamn,,Credit Card,445.0,Nlounge,Augustus,Barras,abarrasc8@blog.com,Male,Pathein,2019-12-29,47,133417,Savings
1446,604,2023-08-07,Groceries,604,,Pampas,,Credit Card,446.0,Skynoodle,Mano,Gages,mgagesgr@spotify.com,Bigender,Cavaillon,2019-12-01,74,62936,Both
1447,374,2024-10-11,Dining,167,,Polel Diaoubé,,Credit Card,447.0,Livetube,Raquela,Scafe,rscafead@ifeng.com,Female,Kulautuva,2022-06-19,47,56366,Checking
1448,807,2022-03-12,Dining,123,,Pantenan,,Credit Card,448.0,Centizu,Ronda,Rymour,rrymourme@wufoo.com,Female,Virolahti,2021-01-24,26,122830,Savings
1449,26,2023-08-02,Online Shopping,500,,Hanjiashu,,Credit Card,449.0,Roombo,Auguste,Phillott,aphillottp@state.gov,Female,Kassel,2016-05-11,29,34788,Savings
1450,220,2024-01-30,Travel,741,,Prantaan,,Credit Card,450.0,Oyondu,Josephine,Vasilyevski,jvasilyevski63@cpanel.net,Female,Pingxiang,2023-10-20,23,44334,Checking
1451,257,2022-10-27,Online Shopping,252,,Štore,,Credit Card,451.0,Tagtune,Fair,Lytell,flytell74@businessinsider.com,Male,Zhouxi,2023-06-24,33,106103,Both
1452,4,2024-03-28,Online Shopping,368,,Dlemer,,Credit Card,452.0,Aibox,Layton,O'Mailey,lomailey3@google.nl,Male,Krivaja,2019-11-02,39,133955,Savings
1453,131,2022-04-17,Dining,372,,Resapombo,,Credit Card,453.0,JumpXS,Fran,Elcombe,felcombe3m@gmpg.org,Male,Seke,2023-08-14,19,130778,Savings
1454,153,2024-03-02,Utilities,254,,Mpophomeni,,Credit Card,454.0,Myworks,Bobbie,Sprowle,bsprowle48@upenn.edu,Male,Nowy Dwór Mazowiecki,2016-09-13,37,136552,Checking
1455,685,2024-07-12,Entertainment,942,,Mahaplag,,Credit Card,455.0,Zoombox,Ingeberg,Albin,ialbinj0@hexun.com,Female,Belawang,2016-04-18,37,147619,Savings
1456,993,2023-04-22,Online Shopping,143,,Vecumnieki,,Credit Card,456.0,Twimm,Cathrine,Krammer,ckrammerrk@accuweather.com,Agender,Saltsjöbaden,2021-07-11,59,41446,Checking
1457,46,2024-02-05,Utilities,967,,Kodyma,,Credit Card,457.0,Dabtype,Joella,Jenks,jjenks19@ted.com,Female,Muquiyauyo,2017-03-31,19,147136,Checking
1458,4,2022-04-17,Groceries,365,,Krajan Tengah,,Credit Card,458.0,Quatz,Layton,O'Mailey,lomailey3@google.nl,Male,Krivaja,2019-11-02,39,133955,Savings
1459,445,2023-04-20,Travel,419,,Pamupukan,,Credit Card,459.0,Quamba,Marianne,Kinsella,mkinsellacc@arizona.edu,Female,Mugan,2018-05-07,45,85698,Savings
1460,328,2024-07-10,Entertainment,362,,Vanderbijlpark,,Credit Card,460.0,Mynte,Verge,Babbage,vbabbage93@csmonitor.com,Male,Richmond,2022-08-30,48,90227,Checking
1461,957,2022-03-11,Utilities,451,,Guadalupe,,Credit Card,461.0,Buzzster,Ella,Durgan,edurganqk@cloudflare.com,Female,Cuiabá,2024-09-24,26,34522,Savings
1462,741,2024-01-21,Utilities,304,,Sūq Sibāḩ,,Credit Card,462.0,Eamia,Deerdre,Durno,ddurnokk@stumbleupon.com,Female,Ha,2017-03-20,25,140967,Both
1463,808,2023-10-05,Groceries,594,,Las Palmas,,Credit Card,463.0,Wordware,James,Niece,jniecemf@wired.com,Genderfluid,Mahébourg,2022-05-31,62,31008,Savings
1464,76,2022-04-23,Travel,578,,Pasirreungit,,Credit Card,464.0,Topicshots,Rock,Enoch,renoch23@springer.com,Male,Kallíthiron,2020-06-06,69,149892,Checking
1465,781,2024-11-07,Dining,72,,Pasarbaru,,Credit Card,465.0,Demimbu,Philip,Nezey,pnezeylo@java.com,Male,General Conesa,2016-06-15,28,99340,Savings
1466,323,2023-02-02,Utilities,284,,Jiangpan,,Credit Card,466.0,Jaxworks,Estella,Christofor,echristofor8y@tinyurl.com,Female,Älvdalen,2020-05-06,72,127458,Checking
1467,711,2023-06-04,Online Shopping,207,,Kedungcangkring,,Credit Card,467.0,Livetube,Corrine,Crudginton,ccrudgintonjq@macromedia.com,Female,Banjar Sengguan,2024-02-18,49,134299,Both
1468,628,2024-12-09,Online Shopping,611,,Ambohitseheno,,Credit Card,468.0,Yakidoo,Killian,Seivwright,kseivwrighthf@state.tx.us,Male,Huanggang,2018-03-27,68,128473,Both
1469,543,2022-07-05,Dining,828,,Bachowice,,Credit Card,469.0,Thoughtmix,Kakalina,Hanaford,khanafordf2@blogger.com,Female,Hongshanyao,2016-04-03,34,130474,Savings
1470,968,2023-07-28,Groceries,463,,Persen,,Credit Card,470.0,Thoughtbeat,Elbert,Hacaud,ehacaudqv@twitter.com,Male,Sakaraha,2023-08-29,26,127514,Savings
1471,620,2023-04-20,Online Shopping,106,,Sanxi,,Credit Card,471.0,Kwinu,Edouard,Patten,epattenh7@paginegialle.it,Polygender,Lupo,2016-09-30,71,61097,Both
1472,182,2024-10-08,Utilities,426,,Twante,,Credit Card,472.0,Meevee,Tobie,Farish,tfarish51@amazon.com,Agender,Chengcun,2021-09-01,34,108467,Checking
1473,584,2022-08-15,Groceries,105,,Caigangan,,Credit Card,473.0,Skipfire,Cassy,Simonich,csimonichg7@yahoo.com,Female,Gorjani,2021-09-01,47,65172,Savings
1474,386,2024-05-26,Travel,1000,,Vacoas,,Credit Card,474.0,Oodoo,Maire,Heatley,mheatleyap@homestead.com,Female,Yingzhou,2024-05-27,34,103159,Both
1475,789,2023-12-04,Travel,512,,Zhetang,,Credit Card,475.0,Twitterworks,Hakeem,Osanne,hosannelw@dagondesign.com,Male,Asyūţ,2023-02-05,31,144383,Savings
1476,389,2024-01-08,Entertainment,44,,Sankwia,,Credit Card,476.0,Browsecat,Iona,Meadway,imeadwayas@posterous.com,Female,Yumaguzino,2016-10-09,22,93428,Savings
1477,943,2024-08-25,Dining,425,,Kalipare,,Credit Card,477.0,Yamia,Bernarr,Rishman,brishmanq6@zimbio.com,Male,Parumasan,2020-09-19,44,84429,Savings
1478,510,2024-10-24,Entertainment,122,,Petoa,,Credit Card,478.0,Edgeblab,Katine,Grogona,kgrogonae5@mayoclinic.com,Female,Masaya,2020-01-06,39,80525,Both
1479,399,2024-09-08,Travel,271,,Huiwan,,Credit Card,479.0,Kanoodle,Nickolaus,Proudman,nproudmanb2@stumbleupon.com,Male,Kolomyya,2017-05-15,45,147574,Savings
1480,739,2024-08-29,Dining,610,,Birštonas,,Credit Card,480.0,Zoovu,Barris,Versey,bverseyki@sphinn.com,Male,Mathba,2022-02-03,45,129478,Both
1481,725,2022-04-26,Online Shopping,23,,Ningyuan,,Credit Card,481.0,Meemm,Gus,Parres,gparresk4@blogs.com,Male,Nong Chik,2016-05-10,57,67457,Checking
1482,775,2022-07-09,Dining,990,,Kanganpur,,Credit Card,482.0,Chatterpoint,Nye,Prentice,nprenticeli@imgur.com,Male,Maguling,2024-03-13,26,142152,Savings
1483,481,2024-02-25,Online Shopping,476,,Cimuncang,,Credit Card,483.0,Topicstorm,Derry,Lukianovich,dlukianovichdc@discuz.net,Male,Jazovo,2022-09-23,37,48054,Checking
1484,477,2024-03-23,Dining,307,,Zawiya,,Credit Card,484.0,Camido,Karisa,Tredget,ktredgetd8@icq.com,Female,Olds,2016-02-26,32,42000,Both
1485,136,2023-06-29,Entertainment,684,,Vidago,,Credit Card,485.0,Rhybox,Rabbi,Beacom,rbeacom3r@samsung.com,Male,Tlumačov,2016-01-28,53,86206,Checking
1486,148,2023-08-13,Entertainment,762,,Kourou,,Credit Card,486.0,Eidel,Cullan,Nutbean,cnutbean43@ameblo.jp,Male,Opařany,2017-03-12,66,91376,Checking
1487,874,2024-10-15,Dining,267,,El Socorro,,Credit Card,487.0,Flashspan,Trudy,Duligall,tduligallo9@wunderground.com,Female,Oslo,2016-01-12,66,69021,Checking
1488,492,2022-02-05,Groceries,252,,Sumbergedong,,Credit Card,488.0,Quamba,Brendis,Arangy,barangydn@google.ru,Male,Mander,2019-07-10,40,50129,Savings
1489,781,2024-08-26,Travel,206,,Grazhdanka,,Credit Card,489.0,Babbleset,Philip,Nezey,pnezeylo@java.com,Male,General Conesa,2016-06-15,28,99340,Savings
1490,875,2023-07-20,Entertainment,563,,Tunguang,,Credit Card,490.0,Babblestorm,Andreana,Adanez,aadanezoa@umich.edu,Female,Phoenix,2019-12-31,58,47595,Savings
1491,163,2024-05-23,Utilities,558,,Yujin,,Credit Card,491.0,Twitterbridge,Dunn,Slidders,dslidders4i@flickr.com,Male,Santa Rosa de Viterbo,2024-11-10,74,132253,Both
1492,1,2024-12-07,Online Shopping,515,,Tomsk,,Credit Card,492.0,Thoughtmix,Phyllida,Gowing,pgowing0@theglobeandmail.com,Female,Cihurip Satu,2017-01-08,38,45399,Checking
1493,72,2023-01-18,Online Shopping,690,,Noginsk,,Credit Card,493.0,Fivechat,Harcourt,Kenforth,hkenforth1z@constantcontact.com,Polygender,Sumbersarikrajan,2023-11-08,66,113562,Checking
1494,571,2023-01-09,Online Shopping,688,,Fortuna,,Credit Card,494.0,Trudoo,Kylie,Colt,kcoltfu@simplemachines.org,Female,Sezures,2022-07-16,48,83033,Savings
1495,649,2023-03-28,Travel,740,,Xishan,,Credit Card,495.0,Skyndu,Ettie,Huguet,ehugueti0@instagram.com,Female,Kotaagung,2018-05-06,73,47615,Checking
1496,637,2024-08-03,Dining,994,,Shanlian,,Credit Card,496.0,Bubblemix,Shurwood,Ridge,sridgeho@myspace.com,Male,Périgueux,2017-10-06,19,143680,Both
1497,757,2024-06-04,Entertainment,915,,Sapporo,,Credit Card,497.0,Layo,Normie,Kingsworth,nkingsworthl0@amazon.co.uk,Male,Mesker-Yurt,2016-12-18,22,69112,Savings
1498,227,2023-03-30,Dining,10,,Kedungtulup,,Credit Card,498.0,Topiclounge,Sig,Oldmeadow,soldmeadow6a@miibeian.gov.cn,Male,Rawuk,2023-02-19,42,43998,Checking
1499,850,2023-04-24,Entertainment,908,,Donghu,,Credit Card,499.0,Devcast,Luther,Rosenqvist,lrosenqvistnl@joomla.org,Male,Jinping,2021-02-15,49,69831,Both
1500,123,2024-07-09,Dining,923,,Asíni,,Credit Card,500.0,Skaboo,Jereme,MacDermot,jmacdermot3e@smh.com.au,Male,Antigonish,2020-01-10,24,53197,Checking
1501,316,2022-10-29,Dining,337,,Kediri,,Credit Card,501.0,Flashspan,Jabez,Bowry,jbowry8r@reuters.com,Male,Livadiya,2018-06-22,47,79652,Savings
1502,755,2023-02-24,Entertainment,130,,Clogherhead,,Credit Card,502.0,Bluejam,Patton,Kingswood,pkingswoodky@gmpg.org,Male,Bulacnin,2019-12-17,33,103756,Both
1503,779,2022-12-30,Utilities,29,,Kamyshin,,Credit Card,503.0,Jaxbean,Johnnie,Grivori,jgrivorilm@addtoany.com,Male,Pengxing,2023-03-11,67,51663,Both
1504,791,2023-08-18,Entertainment,193,,Kebonbencoy,,Credit Card,504.0,Youbridge,Arleta,Upstone,aupstonely@mayoclinic.com,Female,Dobropillya,2023-04-27,57,42825,Savings
1505,337,2022-05-23,Utilities,844,,Embalse,,Credit Card,505.0,Yata,Verge,Boorman,vboorman9c@hostgator.com,Male,Rönninge,2023-12-24,42,79168,Checking
1506,28,2023-05-03,Dining,804,,Muxagata,,Credit Card,506.0,Youspan,Wileen,Willman,wwillmanr@barnesandnoble.com,Female,Antas,2016-02-02,27,71770,Checking
1507,243,2023-05-07,Travel,328,,Nanzhen,,Credit Card,507.0,Skiptube,Thaddus,Pascho,tpascho6q@naver.com,Male,Adani,2021-08-05,43,96441,Checking
1508,598,2024-06-19,Online Shopping,219,,Mojoagung,,Credit Card,508.0,Viva,Roberto,Vedmore,rvedmoregl@engadget.com,Genderqueer,Wschowa,2023-12-20,29,128522,Checking
1509,724,2024-11-11,Groceries,202,,Pitogo,,Credit Card,509.0,Voonix,Maris,Dana,mdanak3@cnbc.com,Female,Cajicá,2022-12-24,59,89541,Checking
1510,360,2024-07-11,Utilities,346,,Novyy Oskol,,Credit Card,510.0,Avamba,Tibold,Kilshaw,tkilshaw9z@umn.edu,Male,Puttalam,2017-07-25,62,149720,Checking
1511,318,2023-06-09,Online Shopping,84,,Vidago,,Credit Card,511.0,Thoughtstorm,Tyne,Smurthwaite,tsmurthwaite8t@mail.ru,Female,Pukekohe East,2021-02-19,69,96620,Savings
1512,407,2023-10-02,Dining,109,,Mozelos,,Credit Card,512.0,Eabox,Roberto,Rockwell,rrockwellba@army.mil,Male,Barreiras,2018-09-21,54,54132,Both
1513,123,2022-06-15,Online Shopping,245,,Oenam,,Credit Card,513.0,Tagchat,Jereme,MacDermot,jmacdermot3e@smh.com.au,Male,Antigonish,2020-01-10,24,53197,Checking
1514,135,2023-05-26,Dining,141,,Dvurechensk,,Credit Card,514.0,Cogilith,Minny,Rickeard,mrickeard3q@chronoengine.com,Female,Cahul,2020-04-22,48,83395,Checking
1515,494,2023-12-03,Groceries,366,,Qilong,,Credit Card,515.0,Buzzshare,Marchall,Dunseith,mdunseithdp@apache.org,Male,Sukošan,2022-08-09,64,53406,Savings
1516,199,2022-10-01,Entertainment,39,,Hāla,,Credit Card,516.0,Bluejam,Yorker,Clayhill,yclayhill5i@addthis.com,Polygender,Muroran,2022-11-01,42,112975,Checking
1517,104,2023-02-10,Entertainment,326,,Wenping,,Credit Card,517.0,Meejo,Meaghan,Matisse,mmatisse2v@unc.edu,Female,Oslo,2024-08-08,42,96201,Both
1518,525,2024-10-07,Groceries,576,,Leńcze,,Credit Card,518.0,Jetwire,Eilis,Crannach,ecrannachek@jugem.jp,Female,Angered,2023-03-14,18,89045,Savings
1519,626,2025-01-02,Travel,477,,Bayt Yāshūţ,,Credit Card,519.0,Jaxworks,Nevile,Tucknutt,ntucknutthd@earthlink.net,Male,Setono,2020-10-25,65,101897,Savings
1520,519,2023-09-23,Dining,258,,Oke Ila,,Credit Card,520.0,Flashset,Wadsworth,Bezemer,wbezemeree@upenn.edu,Non-binary,Vårby,2015-05-31,54,127545,Both
1521,492,2024-04-01,Utilities,22,,Złotniki Kujawskie,,Credit Card,521.0,Reallinks,Brendis,Arangy,barangydn@google.ru,Male,Mander,2019-07-10,40,50129,Savings
1522,997,2022-10-19,Utilities,746,,Bududa,,Credit Card,522.0,Vinte,Allene,Pedroli,apedroliro@php.net,Female,Palenggihan,2019-08-14,59,147276,Checking
1523,519,2023-12-05,Utilities,735,,Lauro de Freitas,,Credit Card,523.0,Browsetype,Wadsworth,Bezemer,wbezemeree@upenn.edu,Non-binary,Vårby,2015-05-31,54,127545,Both
1524,582,2023-12-06,Dining,679,,Shofirkon,,Credit Card,524.0,Skinder,Sarette,Vlasenko,svlasenkog5@chicagotribune.com,Female,Sumberjo,2015-03-29,42,112024,Checking
1525,553,2022-03-09,Utilities,516,,Sztum,,Credit Card,525.0,Izio,Windham,Littler,wlittlerfc@unc.edu,Male,Tawan tawan,2016-11-16,40,53906,Checking
1526,533,2024-07-20,Entertainment,487,,Bolaoit,,Credit Card,526.0,Zazio,Vina,Glaister,vglaisteres@noaa.gov,Genderfluid,Schifflange,2019-08-03,58,77881,Checking
1527,103,2022-07-08,Travel,620,,São Mateus,,Credit Card,527.0,Topicware,Fernanda,Stigger,fstigger2u@symantec.com,Female,Bang Kho Laem,2023-07-28,57,42156,Checking
1528,319,2024-08-23,Online Shopping,126,,Sacramento,,Credit Card,528.0,Trilia,Welbie,Hursey,whursey8u@icio.us,Bigender,Luodong,2021-12-25,19,131102,Both
1529,307,2023-05-15,Dining,418,,Kokkinóchoma,,Credit Card,529.0,Jetwire,Frederigo,Merrifield,fmerrifield8i@ibm.com,Male,Maishi,2022-08-20,34,60152,Both
1530,80,2023-12-10,Entertainment,675,,Menzel Bourguiba,,Credit Card,530.0,Nlounge,Dena,Barus,dbarus27@ehow.com,Female,Kijini,2022-10-22,50,89977,Checking
1531,636,2024-07-09,Utilities,827,,Lipiany,,Credit Card,531.0,Rhybox,Kip,Gittus,kgittushn@bloglovin.com,Female,Port-à-Piment,2021-11-13,21,57924,Both
1532,858,2023-08-27,Utilities,734,,Ust’-Koksa,,Credit Card,532.0,Abatz,Kennett,Jermy,kjermynt@uol.com.br,Male,Suru,2023-03-01,48,145493,Savings
1533,511,2023-10-03,Dining,254,,Pedro Leopoldo,,Credit Card,533.0,Skimia,Quintina,Raynton,qrayntone6@parallels.com,Female,Chishmy,2020-04-29,53,113270,Checking
1534,347,2022-10-17,Travel,211,,Portachuelo,,Credit Card,534.0,Trilia,Nathan,Ilson,nilson9m@harvard.edu,Genderqueer,Zhoupu,2022-05-06,28,113158,Both
1535,495,2024-05-26,Groceries,352,,Talayan,,Credit Card,535.0,Yambee,Alasteir,Stranaghan,astranaghandq@dropbox.com,Male,Ōno-hara,2016-09-18,49,40421,Checking
1536,645,2022-09-28,Dining,269,,Krasnyy Profintern,,Credit Card,536.0,Skibox,Cleavland,Coldridge,ccoldridgehw@drupal.org,Male,Nouâdhibou,2015-06-10,52,149759,Savings
1537,596,2023-05-06,Utilities,294,,Tonggoh,,Credit Card,537.0,Skimia,Ileana,Flescher,ifleschergj@umich.edu,Female,Ngori,2018-05-16,20,126835,Savings
1538,207,2023-02-04,Dining,105,,Wuqu,,Credit Card,538.0,Demizz,Walt,Stoneman,wstoneman5q@wufoo.com,Male,Burträsk,2015-04-29,35,67305,Both
1539,743,2024-05-15,Entertainment,632,,Örebro,,Credit Card,539.0,Buzzdog,Erroll,Eichmann,eeichmannkm@freewebs.com,Male,Polowat,2019-02-28,68,143294,Both
1540,279,2023-10-16,Dining,606,,Busungbiu,,Credit Card,540.0,Aimbo,Horatius,Aloway,haloway7q@phpbb.com,Male,Pasirpanjang,2024-05-28,30,84045,Savings
1541,857,2022-08-10,Utilities,482,,Lučko,,Credit Card,541.0,Feedmix,Chalmers,Klainer,cklainerns@people.com.cn,Male,Paris 13,2022-03-27,49,83985,Savings
1542,399,2022-11-06,Entertainment,817,,Naivasha,,Credit Card,542.0,Livefish,Nickolaus,Proudman,nproudmanb2@stumbleupon.com,Male,Kolomyya,2017-05-15,45,147574,Savings
1543,702,2023-04-30,Travel,341,,Muruni,,Credit Card,543.0,Divape,Powell,Biever,pbieverjh@noaa.gov,Male,Zhuge,2021-02-25,49,143210,Checking
1544,166,2024-09-16,Online Shopping,932,,Spas’ke,,Credit Card,544.0,Meedoo,Caro,Graves,cgraves4l@ucsd.edu,Female,Lapuan,2021-08-12,45,36848,Savings
1545,742,2022-08-24,Travel,39,,La Guata,,Credit Card,545.0,Zoomcast,Jacquie,Stowell,jstowellkl@addthis.com,Female,Hodkovičky,2022-08-24,59,82998,Both
1546,667,2024-06-22,Travel,142,,Akita,,Credit Card,546.0,Plambee,Chancey,Fawdry,cfawdryii@census.gov,Non-binary,Xiahan,2017-05-09,24,139406,Savings
1547,742,2024-12-14,Utilities,316,,Vittoriosa,,Credit Card,547.0,Topiczoom,Jacquie,Stowell,jstowellkl@addthis.com,Female,Hodkovičky,2022-08-24,59,82998,Both
1548,632,2025-01-01,Utilities,211,,Deauville,,Credit Card,548.0,Agivu,Dallas,Gonnely,dgonnelyhj@quantcast.com,Genderqueer,Lyon,2018-02-08,70,121004,Checking
1549,653,2023-07-05,Groceries,769,,Shixiang,,Credit Card,549.0,Babbleset,Devonna,Haszard,dhaszardi4@discuz.net,Female,Koski Tl,2023-12-25,45,98756,Savings
1550,880,2022-11-07,Travel,752,,Rakek,,Credit Card,550.0,Podcat,Stephi,Kidwell,skidwellof@senate.gov,Non-binary,Manticao,2024-06-19,71,64467,Both
1551,417,2023-05-11,Dining,244,,Koani Ndogo,,Credit Card,551.0,Skinder,Aloise,Medendorp,amedendorpbk@oakley.com,Female,Bagroy,2016-11-13,35,88243,Checking
1552,138,2023-05-23,Online Shopping,444,,Ribas do Rio Pardo,,Credit Card,552.0,Skimia,Winonah,O' Reagan,woreagan3t@slate.com,Female,Néa Ankhíalos,2016-08-04,39,126402,Both
1553,594,2023-11-17,Dining,376,,Aguas Verdes,,Credit Card,553.0,Vidoo,Frasquito,Dollimore,fdollimoregh@blogtalkradio.com,Male,Batumi,2016-09-15,43,58917,Both
1554,661,2024-08-02,Online Shopping,187,,Anzhero-Sudzhensk,,Credit Card,554.0,Browsezoom,Itch,Kohn,ikohnic@statcounter.com,Male,Jiukou,2023-08-09,72,42854,Savings
1555,437,2024-06-04,Utilities,691,,Yantan,,Credit Card,555.0,Eabox,Vere,Bau,vbauc4@mapquest.com,Female,Tangjiakou,2020-08-12,75,56832,Checking
1556,422,2024-11-01,Utilities,813,,Zheleznodorozhnyy,,Credit Card,556.0,Yakijo,Tracey,Rodgerson,trodgersonbp@ow.ly,Male,Popielów,2017-04-04,30,85714,Checking
1557,28,2023-10-30,Travel,12,,Kertosari,,Credit Card,557.0,Linktype,Wileen,Willman,wwillmanr@barnesandnoble.com,Female,Antas,2016-02-02,27,71770,Checking
1558,289,2023-09-04,Online Shopping,20,,Rancamaya,,Credit Card,558.0,Zoomdog,Toiboid,Huetson,thuetson80@jugem.jp,Male,Dzhalilabad,2022-10-26,75,90822,Both
1559,324,2023-03-06,Groceries,405,,Gros Morne,,Credit Card,559.0,Buzzdog,Hewitt,Asson,hasson8z@netscape.com,Male,Kunheda Woerzu Manzu,2017-01-27,54,54670,Both
1560,683,2022-10-24,Online Shopping,611,,Les Abymes,,Credit Card,560.0,Voolith,Osmond,Ruffles,orufflesiy@behance.net,Male,Sauri,2016-03-14,47,90068,Checking
1561,843,2022-05-21,Travel,514,,Yōkaichiba,,Credit Card,561.0,Tagchat,Fax,Feldmann,ffeldmannne@chicagotribune.com,Male,Shicheng,2024-12-30,63,113450,Both
1562,8,2024-09-22,Groceries,41,,Ea Drăng,,Credit Card,562.0,Voomm,Gifford,Berick,gberick7@ezinearticles.com,Male,Huimin,2020-10-11,34,88170,Savings
1563,983,2022-03-23,Travel,29,,Pondokkaha Kelod,,Credit Card,563.0,Trudoo,Loralyn,Burgon,lburgonra@redcross.org,Female,Khilok,2022-09-18,19,121004,Savings
1564,287,2024-09-27,Online Shopping,214,,Zwierzyń,,Credit Card,564.0,Wikibox,Carina,Greeves,cgreeves7y@fema.gov,Female,Kharkhorin,2017-11-23,68,148968,Both
1565,723,2024-02-18,Dining,554,,Iwierzyce,,Credit Card,565.0,Podcat,Penny,Tissington,ptissingtonk2@paginegialle.it,Female,Banikoara,2020-09-05,61,32595,Checking
1566,189,2024-03-07,Groceries,652,,Ostrogozhsk,,Credit Card,566.0,Edgepulse,Dicky,Beharrell,dbeharrell58@mtv.com,Male,Luodian,2015-10-19,55,123288,Savings
1567,237,2024-11-04,Travel,791,,Vierzon,,Credit Card,567.0,Devpulse,Sam,Serridge,sserridge6k@g.co,Male,Honolulu,2015-01-23,18,123436,Savings
1568,817,2024-07-30,Entertainment,82,,Calingcuan,,Credit Card,568.0,Jazzy,Pascal,Jozefczak,pjozefczakmo@cnet.com,Male,Tariji,2024-07-29,25,123665,Both
1569,595,2023-09-13,Groceries,463,,Xiadahe,,Credit Card,569.0,Zooveo,Sylvia,Carlsen,scarlsengi@squidoo.com,Female,Goubétto,2022-05-08,49,73447,Savings
1570,69,2022-12-29,Travel,264,,Belén Gualcho,,Credit Card,570.0,Plajo,Ruprecht,Southerden,rsoutherden1w@cdc.gov,Male,Ternovka,2018-02-24,24,87843,Both
1571,554,2024-04-03,Dining,994,,Novo,,Credit Card,571.0,Mydo,Claudine,Milne,cmilnefd@hao123.com,Female,Mobile,2024-07-19,69,147938,Savings
1572,981,2023-05-19,Entertainment,539,,Ourinhos,,Credit Card,572.0,Yombu,Kordula,Neligan,kneliganr8@multiply.com,Female,Moneghetti,2021-01-04,67,38723,Savings
1573,81,2022-05-19,Entertainment,525,,Yuci,,Credit Card,573.0,Zoomcast,Donavon,Radford,dradford28@hp.com,Male,Penang,2016-01-27,69,39152,Both
1574,944,2022-03-08,Travel,862,,São José dos Pinhais,,Credit Card,574.0,Yamia,Bianka,Jindrich,bjindrichq7@cdbaby.com,Female,Bessonovka,2016-07-23,50,32779,Checking
1575,559,2024-06-22,Utilities,633,,Gjinoc,,Credit Card,575.0,Roombo,Abner,Aslett,aaslettfi@smugmug.com,Male,Tamontaka,2020-07-25,48,101566,Both
1576,296,2024-09-08,Groceries,282,,Shinao,,Credit Card,576.0,Ailane,Seth,Kubicka,skubicka87@cdc.gov,Male,Tiztoutine,2020-05-26,45,43660,Savings
1577,876,2025-01-08,Travel,759,,Ribeirinha,,Credit Card,577.0,Devshare,Julio,Kyne,jkyneob@spotify.com,Male,Qijing,2024-07-20,56,75125,Savings
1578,539,2023-11-29,Utilities,323,,Pärnu-Jaagupi,,Credit Card,578.0,Oloo,Hoyt,Barnwell,hbarnwelley@comsenz.com,Male,Kato Pyrgos,2022-09-19,53,125474,Savings
1579,92,2024-07-07,Travel,261,,Qiandeng,,Credit Card,579.0,Tambee,Arlana,Lakenton,alakenton2j@barnesandnoble.com,Female,Chating,2018-07-23,45,57940,Both
1580,575,2023-02-18,Entertainment,404,,Mubi,,Credit Card,580.0,Tagopia,Eric,McGaugie,emcgaugiefy@slashdot.org,Male,Kibuku,2021-12-04,29,67723,Checking
1581,602,2024-07-29,Dining,274,,Sundbyberg,,Credit Card,581.0,Oloo,Granger,Ramsbotham,gramsbothamgp@technorati.com,Male,Asahbadung,2024-04-07,29,133362,Both
1582,264,2024-09-16,Groceries,412,,Katyr-Yurt,,Credit Card,582.0,Eare,Jammal,Morten,jmorten7b@nydailynews.com,Male,Kronshtadt,2023-11-22,51,45070,Savings
1583,239,2024-04-04,Dining,801,,Toyós,,Credit Card,583.0,Skibox,Elsie,Alloisi,ealloisi6m@weather.com,Female,Itupiranga,2018-02-27,62,61197,Savings
1584,691,2023-06-13,Utilities,680,,Sarov,,Credit Card,584.0,Centidel,Frasco,Stoller,fstollerj6@blogger.com,Male,Avon,2023-10-13,32,142187,Checking
1585,450,2023-10-11,Online Shopping,770,,Sharga,,Credit Card,585.0,Eayo,Hal,Treacy,htreacych@japanpost.jp,Non-binary,Tarłów,2016-04-17,59,49161,Checking
1586,934,2022-12-19,Entertainment,708,,Erada,,Credit Card,586.0,Browsezoom,Terrell,Bernardoux,tbernardouxpx@yandex.ru,Male,Lugo,2018-04-25,25,140031,Checking
1587,824,2023-03-28,Dining,526,,Mosjøen,,Credit Card,587.0,Kaymbo,Marleen,Dafydd,mdafyddmv@ebay.com,Female,Dahay,2019-09-25,67,149529,Both
1588,604,2023-09-07,Entertainment,408,,Niterói,,Credit Card,588.0,Shufflester,Mano,Gages,mgagesgr@spotify.com,Bigender,Cavaillon,2019-12-01,74,62936,Both
1589,80,2022-07-20,Travel,458,,Pazin,,Credit Card,589.0,Kaymbo,Dena,Barus,dbarus27@ehow.com,Female,Kijini,2022-10-22,50,89977,Checking
1590,77,2022-08-17,Online Shopping,117,,Dengyue,,Credit Card,590.0,Chatterbridge,Vanni,Spoole,vspoole24@hp.com,Female,Amphawa,2015-09-26,33,140413,Both
1591,165,2022-05-05,Travel,324,,Pavino,,Credit Card,591.0,Thoughtbridge,Ware,Tranckle,wtranckle4k@omniture.com,Male,Greater Napanee,2015-09-25,66,46680,Savings
1592,843,2024-08-28,Online Shopping,260,,Houston,,Credit Card,592.0,DabZ,Fax,Feldmann,ffeldmannne@chicagotribune.com,Male,Shicheng,2024-12-30,63,113450,Both
1593,458,2024-08-04,Travel,322,,La Tuque,,Credit Card,593.0,Zoomzone,Nissa,Dennerly,ndennerlycp@census.gov,Female,Ruyigi,2017-11-24,54,146891,Savings
1594,689,2022-02-27,Groceries,772,,Parral,,Credit Card,594.0,Roodel,Melvin,Dymidowski,mdymidowskij4@forbes.com,Male,Manikchari,2022-04-16,43,107247,Savings
1595,180,2023-05-04,Travel,223,,Luna,,Credit Card,595.0,Photolist,Ansley,Getch,agetch4z@freewebs.com,Female,Qianpai,2021-09-03,48,94399,Both
1596,558,2023-03-08,Groceries,379,,Winduraja,,Credit Card,596.0,Flashset,Tommy,Jekel,tjekelfh@issuu.com,Male,Desnogorsk,2015-01-19,39,130126,Both
1597,768,2023-10-08,Online Shopping,415,,Miami,,Credit Card,597.0,Skilith,Claudell,Breadmore,cbreadmorelb@unblog.fr,Male,McKinley,2019-09-22,55,107777,Savings
1598,986,2022-12-01,Utilities,492,,Shpola,,Credit Card,598.0,Yakidoo,Esteban,Benzing,ebenzingrd@bravesites.com,Male,Mocun,2024-03-09,30,83375,Checking
1599,421,2022-06-07,Utilities,700,,Nurlat,,Credit Card,599.0,Topdrive,Nobe,Wooder,nwooderbo@quantcast.com,Male,Mianay,2023-05-07,67,110894,Checking
1600,728,2022-04-21,Entertainment,122,,Palestina,,Credit Card,600.0,Divanoodle,Kori,Lanyon,klanyonk7@ca.gov,Female,Hlybokaye,2016-08-12,39,144150,Savings
1601,234,2022-06-01,Travel,640,,Kabalen,,Credit Card,601.0,Quinu,Judah,Curwen,jcurwen6h@live.com,Male,Tutayev,2016-05-30,31,30548,Savings
1602,346,2023-08-28,Dining,170,,Molave,,Credit Card,602.0,Digitube,Micaela,Lortz,mlortz9l@nih.gov,Female,Tacoma,2015-01-01,54,56507,Both
1603,214,2023-05-29,Online Shopping,844,,Nicosia,,Credit Card,603.0,Fiveclub,Barbara,Siuda,bsiuda5x@simplemachines.org,Female,Mintang,2019-11-26,19,88945,Both
1604,376,2024-01-23,Groceries,391,,Zghartā,,Credit Card,604.0,Tagopia,Karylin,Blewis,kblewisaf@topsy.com,Female,Pisang,2023-05-22,20,37359,Checking
1605,819,2023-09-21,Groceries,188,,Kumalarang,,Credit Card,605.0,Twinder,Betty,Westraw,bwestrawmq@ed.gov,Female,Järvakandi,2015-02-17,18,91350,Savings
1606,244,2024-10-23,Online Shopping,885,,Trieste,,Credit Card,606.0,Demizz,Dennie,Hymor,dhymor6r@businesswire.com,Male,Jagupit,2023-01-22,46,133882,Both
1607,422,2022-06-06,Groceries,745,,Okuta,,Credit Card,607.0,Edgepulse,Tracey,Rodgerson,trodgersonbp@ow.ly,Male,Popielów,2017-04-04,30,85714,Checking
1608,407,2022-08-07,Travel,336,,Chinhoyi,,Credit Card,608.0,Layo,Roberto,Rockwell,rrockwellba@army.mil,Male,Barreiras,2018-09-21,54,54132,Both
1609,69,2024-05-10,Utilities,72,,Gaotian,,Credit Card,609.0,Quinu,Ruprecht,Southerden,rsoutherden1w@cdc.gov,Male,Ternovka,2018-02-24,24,87843,Both
1610,854,2024-04-19,Travel,315,,Wangping,,Credit Card,610.0,Zoomzone,Jeth,Hayer,jhayernp@loc.gov,Male,Fenglin,2016-07-06,33,97243,Both
1611,820,2022-11-17,Utilities,650,,Gavarr,,Credit Card,611.0,Shuffletag,Sauncho,Andrus,sandrusmr@thetimes.co.uk,Male,George Town,2017-08-12,64,99501,Checking
1612,94,2022-12-22,Travel,123,,Tangyin,,Credit Card,612.0,Photofeed,Alvis,Keay,akeay2l@dagondesign.com,Male,Kutno,2015-08-10,66,47138,Checking
1613,350,2023-03-25,Utilities,137,,Farranacoush,,Credit Card,613.0,Chatterpoint,Mackenzie,Whates,mwhates9p@accuweather.com,Male,Sémbé,2022-05-08,31,33665,Checking
1614,254,2023-07-05,Utilities,722,,Nice,,Credit Card,614.0,Linktype,Katherine,Aujean,kaujean71@smugmug.com,Female,Hushi,2015-07-12,24,133380,Savings
1615,972,2023-04-18,Utilities,904,,Bukui,,Credit Card,615.0,Browsezoom,Franklin,Alstead,falsteadqz@theglobeandmail.com,Non-binary,San Antonio,2024-03-01,71,83437,Both
1616,910,2024-12-01,Groceries,276,,Bánov,,Credit Card,616.0,Voolia,Amy,Taillant,ataillantp9@istockphoto.com,Female,Beitan,2016-05-20,58,44102,Checking
1617,698,2023-09-09,Entertainment,17,,Söderhamn,,Credit Card,617.0,Buzzdog,Vale,Arnoult,varnoultjd@seesaa.net,Female,Xiayang,2020-07-19,69,74567,Both
1618,947,2022-08-25,Online Shopping,229,,Puwa,,Credit Card,618.0,Skaboo,Ignaz,Moth,imothqa@smh.com.au,Male,Vaulx-en-Velin,2019-05-27,23,91790,Savings
1619,885,2023-07-31,Groceries,390,,Wugong,,Credit Card,619.0,Skalith,Giulio,Loughren,gloughrenok@furl.net,Male,Kura,2024-07-11,63,85314,Savings
1620,690,2023-09-26,Travel,919,,Taobei,,Credit Card,620.0,Babbleblab,Lowell,Gianilli,lgianillij5@cbsnews.com,Male,Sukamaju,2023-05-18,47,30353,Savings
1621,340,2024-02-27,Groceries,708,,Broumov,,Credit Card,621.0,Quinu,Farand,Dunbleton,fdunbleton9f@disqus.com,Female,Ciasna,2024-10-08,42,107412,Both
1622,232,2024-06-11,Entertainment,397,,Soukkouma,,Credit Card,622.0,Realcube,Faun,Dinneen,fdinneen6f@dedecms.com,Female,Zhongling,2015-06-28,30,92329,Savings
1623,761,2023-05-15,Travel,249,,Beixin,,Credit Card,623.0,Youspan,Gabie,Allsep,gallsepl4@washington.edu,Male,Wete,2022-04-02,37,114279,Savings
1624,210,2025-01-05,Online Shopping,427,,Lucé,,Credit Card,624.0,Roombo,Mallorie,Ripley,mripley5t@guardian.co.uk,Female,Józefów,2022-01-05,25,87919,Checking
1625,477,2023-05-03,Online Shopping,909,,Pittsburgh,,Credit Card,625.0,Nlounge,Karisa,Tredget,ktredgetd8@icq.com,Female,Olds,2016-02-26,32,42000,Both
1626,641,2024-04-13,Entertainment,651,,Ramaram,,Credit Card,626.0,Youtags,Emerson,Koopman,ekoopmanhs@booking.com,Male,Dve Mogili,2015-06-22,46,108262,Savings
1627,430,2024-12-29,Travel,640,,San Pedro,,Credit Card,627.0,Linkbuzz,Daveta,Lebrun,dlebrunbx@ca.gov,Female,Pawak,2020-06-25,44,99770,Both
1628,621,2024-12-01,Travel,993,,Herrljunga,,Credit Card,628.0,Tagcat,Laurella,Ahrend,lahrendh8@bing.com,Female,Chenglin,2024-03-24,35,35162,Checking
1629,90,2024-06-23,Utilities,459,,Suḩayl Shibām,,Credit Card,629.0,Flashdog,Cyndie,Tuma,ctuma2h@google.nl,Female,Salinungan Proper,2017-06-18,23,99752,Both
1630,110,2024-12-03,Dining,621,,Kuala Tuha,,Credit Card,630.0,Dynabox,Conrad,Jacqueme,cjacqueme31@ow.ly,Male,Selajambe Satu,2015-07-13,48,84905,Savings
1631,919,2022-11-11,Utilities,580,,Botoh,,Credit Card,631.0,Meetz,Joshia,Heald,jhealdpi@taobao.com,Male,Remedios,2024-07-12,62,42826,Both
1632,3,2023-10-19,Travel,179,,Blučina,,Credit Card,632.0,Voonix,Elvera,Swannack,eswannack2@cnn.com,Female,Mianhu,2021-10-03,47,59490,Both
1633,933,2024-12-03,Online Shopping,705,,Gävle,,Credit Card,633.0,Zazio,Lin,Bembrigg,lbembriggpw@guardian.co.uk,Bigender,Gorzkowice,2023-05-07,26,143457,Checking
1634,399,2022-05-01,Online Shopping,184,,Beidu,,Credit Card,634.0,Lazz,Nickolaus,Proudman,nproudmanb2@stumbleupon.com,Male,Kolomyya,2017-05-15,45,147574,Savings
1635,36,2022-11-24,Travel,420,,Tost,,Credit Card,635.0,Gabtype,Chryste,Texton,ctextonz@pagesperso-orange.fr,Female,Vincennes,2018-06-01,60,107750,Checking
1636,201,2024-10-30,Dining,324,,Tisno,,Credit Card,636.0,Feednation,Sephira,Kemster,skemster5k@guardian.co.uk,Genderfluid,Moutnice,2024-08-07,54,129649,Both
1637,624,2024-04-28,Online Shopping,444,,Hantsport,,Credit Card,637.0,Geba,Leshia,Border,lborderhb@aol.com,Female,Mander,2024-02-23,74,72717,Checking
1638,642,2023-08-22,Travel,4,,Fulnek,,Credit Card,638.0,Gabspot,Kissie,Lopez,klopezht@dagondesign.com,Female,Chumphon Buri,2016-08-26,58,106828,Both
1639,485,2022-12-25,Utilities,127,,Vuka,,Credit Card,639.0,Skinte,Therine,Hebson,thebsondg@hp.com,Female,Longfeng,2017-12-21,41,63056,Savings
1640,730,2024-10-12,Travel,598,,Zhongguan,,Credit Card,640.0,Blogtag,Baxter,Chedzoy,bchedzoyk9@opera.com,Male,Starominskaya,2017-10-25,75,58792,Checking
1641,987,2023-12-27,Travel,127,,Visby,,Credit Card,641.0,Dynazzy,Dav,Rewan,drewanre@naver.com,Male,Bāglung,2023-05-25,42,34721,Savings
1642,988,2024-09-27,Entertainment,994,,Zábřeh,,Credit Card,642.0,Innotype,Hinze,Connell,hconnellrf@fastcompany.com,Male,Tantamayo,2021-08-24,57,115182,Checking
1643,672,2024-01-13,Online Shopping,505,,Mosopa,,Credit Card,643.0,Abatz,Dame,Vobes,dvobesin@livejournal.com,Polygender,Mulyo,2020-08-24,54,108299,Savings
1644,915,2024-02-02,Utilities,778,,Nankun,,Credit Card,644.0,Tambee,Darlene,Prando,dprandope@craigslist.org,Female,Kalá Déndra,2022-07-29,51,128114,Savings
1645,663,2024-01-23,Groceries,364,,Talun,,Credit Card,645.0,Skipfire,Lowell,Zoephel,lzoephelie@histats.com,Male,Churovichi,2020-10-28,34,103773,Checking
1646,280,2023-02-12,Utilities,677,,Izhmorskiy,,Credit Card,646.0,Skipstorm,Lucho,Henbury,lhenbury7r@fastcompany.com,Male,Vincennes,2021-04-02,26,107807,Savings
1647,513,2024-12-27,Travel,867,,Dapchi,,Credit Card,647.0,Bubblemix,Romain,Sumbler,rsumblere8@ebay.com,Male,Zadawa,2024-12-17,55,39892,Both
1648,961,2022-01-04,Utilities,299,,Tân Kỳ,,Credit Card,648.0,LiveZ,Savina,Bagshaw,sbagshawqo@oracle.com,Female,Guayaquil,2017-07-06,20,76777,Checking
1649,57,2023-03-04,Dining,878,,Shangma,,Credit Card,649.0,Photospace,Mathilda,Lenham,mlenham1k@washington.edu,Female,Saguing,2021-01-18,53,122809,Both
1650,844,2024-03-16,Dining,597,,Wuquan,,Credit Card,650.0,Realcube,Delora,Urrey,durreynf@ebay.co.uk,Female,Sampit,2020-10-09,34,47697,Both
1651,818,2022-02-09,Travel,607,,Anau,,Credit Card,651.0,Livefish,Xena,Djekovic,xdjekovicmp@cbslocal.com,Female,Skinnskatteberg,2015-07-04,60,113752,Savings
1652,938,2022-03-27,Online Shopping,329,,Puente Nacional,,Credit Card,652.0,Avamm,Dyanna,Epgrave,depgraveq1@flickr.com,Female,São Gabriel,2015-03-04,19,141148,Checking
1653,995,2022-02-25,Dining,37,,Maclear,,Credit Card,653.0,Izio,Wood,Doxey,wdoxeyrm@cbsnews.com,Male,Long Beach,2019-02-18,19,100699,Checking
1654,165,2022-02-16,Online Shopping,150,,Montecristi,,Credit Card,654.0,Wikido,Ware,Tranckle,wtranckle4k@omniture.com,Male,Greater Napanee,2015-09-25,66,46680,Savings
1655,311,2023-08-29,Dining,237,,Palermo,,Credit Card,655.0,Einti,Jordain,Flay,jflay8m@npr.org,Female,Gar,2022-07-02,22,42601,Both
1656,980,2023-11-14,Utilities,181,,Xinming,,Credit Card,656.0,Tagchat,Duffy,Gothrup,dgothrupr7@issuu.com,Male,Příšovice,2021-12-09,72,43115,Both
1657,14,2022-05-02,Entertainment,931,,Kimaam,,Credit Card,657.0,Gabvine,Dru,Batchelour,dbatchelourd@ted.com,Bigender,Kiihtelysvaara,2024-04-23,71,73012,Savings
1658,395,2024-08-12,Online Shopping,258,,Hendaye,,Credit Card,658.0,Omba,Adan,Pettican,apetticanay@eventbrite.com,Male,Kayasula,2016-08-24,21,121476,Both
1659,799,2024-02-19,Online Shopping,67,,El Estor,,Credit Card,659.0,Trupe,Jerrome,Baugham,jbaughamm6@123-reg.co.uk,Male,Tarbes,2021-08-29,57,146623,Checking
1660,625,2024-01-17,Travel,31,,Espera Feliz,,Credit Card,660.0,Wordpedia,Evy,Rodger,erodgerhc@ning.com,Female,Xintang,2018-06-25,35,114099,Savings
1661,928,2022-08-02,Utilities,203,,Columbus,,Credit Card,661.0,Lazz,Bertram,Pelzer,bpelzerpr@icq.com,Male,Tamansari,2019-01-18,58,38341,Both
1662,409,2022-03-18,Utilities,811,,Lajinha,,Credit Card,662.0,Thoughtbridge,Torrence,Rozea,trozeabc@t.co,Male,Horten,2016-10-16,36,110898,Both
1663,629,2022-09-06,Groceries,783,,Kato Pyrgos,,Credit Card,663.0,Photojam,Nonnah,Ashness,nashnesshg@zdnet.com,Non-binary,Krajan Pocangan,2017-09-18,58,130760,Checking
1664,876,2024-11-11,Dining,682,,Mirriah,,Credit Card,664.0,Feedspan,Julio,Kyne,jkyneob@spotify.com,Male,Qijing,2024-07-20,56,75125,Savings
1665,14,2024-07-02,Utilities,528,,Makiv,,Credit Card,665.0,Jaxworks,Dru,Batchelour,dbatchelourd@ted.com,Bigender,Kiihtelysvaara,2024-04-23,71,73012,Savings
1666,998,2024-02-16,Entertainment,392,,Tandel,,Credit Card,666.0,Skinix,Bibbye,Kilbourn,bkilbournrp@hc360.com,Female,Santaluz,2024-12-17,33,62908,Both
1667,827,2022-12-21,Entertainment,396,,Ashibetsu,,Credit Card,667.0,Thoughtblab,Leonid,Smallshaw,lsmallshawmy@hatena.ne.jp,Male,North Shore,2021-04-20,43,145144,Checking
1668,723,2022-12-06,Online Shopping,469,,Sumurgung,,Credit Card,668.0,Eayo,Penny,Tissington,ptissingtonk2@paginegialle.it,Female,Banikoara,2020-09-05,61,32595,Checking
1669,150,2024-10-01,Dining,501,,Santa Maria,,Credit Card,669.0,Jaloo,Phylys,Capp,pcapp45@ftc.gov,Polygender,Quípama,2015-10-22,67,98518,Savings
1670,121,2023-01-22,Groceries,237,,Dazhongzhuang,,Credit Card,670.0,Mycat,Reynolds,BURWIN,rburwin3c@g.co,Male,Covão da Carvalha,2022-01-14,27,118019,Checking
1671,635,2024-07-30,Online Shopping,896,,Banjarejo,,Credit Card,671.0,BlogXS,Moritz,Dootson,mdootsonhm@harvard.edu,Male,Balaoang,2021-10-23,27,126926,Savings
1672,253,2023-12-03,Utilities,792,,Georgīevka,,Credit Card,672.0,Rooxo,Hermie,Boscher,hboscher70@si.edu,Male,Jianshe,2022-10-29,25,145120,Savings
1673,475,2023-08-26,Travel,965,,Paritaman,,Credit Card,673.0,Zoonoodle,Gwenni,Tolussi,gtolussid6@123-reg.co.uk,Female,Chapayeve,2020-07-09,44,46800,Savings
1674,603,2023-11-01,Dining,204,,Ciepielów,,Credit Card,674.0,Edgetag,Jasmina,Storres,jstorresgq@merriam-webster.com,Female,Kraśnik,2015-12-16,31,92716,Savings
1675,950,2024-10-03,Online Shopping,323,,Shinkafe,,Credit Card,675.0,Gabvine,Abbey,Atcheson,aatchesonqd@acquirethisname.com,Female,Lianshan,2016-01-03,38,90897,Savings
1676,220,2022-06-18,Entertainment,800,,Nawābganj,,Credit Card,676.0,Kwimbee,Josephine,Vasilyevski,jvasilyevski63@cpanel.net,Female,Pingxiang,2023-10-20,23,44334,Checking
1677,242,2023-09-24,Online Shopping,282,,Carcassonne,,Credit Card,677.0,Browseblab,Kirby,Dargie,kdargie6p@army.mil,Genderfluid,Bhopālwāla,2019-06-08,52,68251,Both
1678,474,2024-02-03,Utilities,932,,Ōyama,,Credit Card,678.0,Zoonoodle,Ula,McKeating,umckeatingd5@youtu.be,Female,Jamalteca,2017-04-26,27,114476,Checking
1679,374,2023-07-29,Entertainment,171,,Maying,,Credit Card,679.0,Thoughtsphere,Raquela,Scafe,rscafead@ifeng.com,Female,Kulautuva,2022-06-19,47,56366,Checking
1680,500,2022-02-25,Utilities,11,,Sentieiras,,Credit Card,680.0,Kazio,Oliviero,Pasterfield,opasterfielddv@github.io,Polygender,Kaduheuleut,2020-07-25,37,71714,Checking
1681,692,2023-10-29,Dining,327,,Rebe,,Credit Card,681.0,Livepath,Dell,Piotrowski,dpiotrowskij7@va.gov,Female,Bojongaren,2015-05-24,40,134546,Both
1682,363,2022-11-13,Travel,869,,El Cantón,,Credit Card,682.0,Twimm,John,Youthead,jyoutheada2@loc.gov,Genderfluid,Tasböget,2024-09-21,62,73585,Savings
1683,909,2022-11-20,Utilities,137,,Mymensingh,,Credit Card,683.0,Dynazzy,Ella,Pidwell,epidwellp8@google.com.hk,Female,Masachapa,2021-03-29,50,144575,Both
1684,832,2023-04-15,Entertainment,893,,Okotoks,,Credit Card,684.0,Dabvine,Debi,Foston,dfostonn3@163.com,Genderqueer,Vokhaïkó,2015-03-14,39,32405,Savings
1685,994,2022-03-19,Dining,570,,Fovissste,,Credit Card,685.0,Wordware,Prue,Markussen,pmarkussenrl@redcross.org,Female,Coromandel,2022-09-22,44,128100,Both
1686,495,2023-05-12,Entertainment,324,,Nevers,,Credit Card,686.0,Yotz,Alasteir,Stranaghan,astranaghandq@dropbox.com,Male,Ōno-hara,2016-09-18,49,40421,Checking
1687,286,2023-02-16,Dining,90,,Nobo,,Credit Card,687.0,Pixope,Josiah,Jope,jjope7x@mapquest.com,Male,Tall Tamr,2020-11-18,73,149216,Savings
1688,31,2022-07-23,Dining,16,,Hamburg,,Credit Card,688.0,Fliptune,Candace,Oliver-Paull,coliverpaullu@ycombinator.com,Female,Lekas,2018-09-28,62,130975,Checking
1689,324,2023-03-04,Travel,798,,Burnside,,Credit Card,689.0,Voonix,Hewitt,Asson,hasson8z@netscape.com,Male,Kunheda Woerzu Manzu,2017-01-27,54,54670,Both
1690,52,2023-11-04,Groceries,111,,Santo Ângelo,,Credit Card,690.0,Aimbu,Addi,Partener,apartener1f@ibm.com,Female,Tabwakea Village,2015-03-02,69,145372,Checking
1691,511,2024-02-16,Utilities,864,,Kawage,,Credit Card,691.0,Twinte,Quintina,Raynton,qrayntone6@parallels.com,Female,Chishmy,2020-04-29,53,113270,Checking
1692,39,2024-02-02,Travel,224,,Garmo,,Credit Card,692.0,Linklinks,Chlo,Gotthard.sf,cgotthardsf12@webmd.com,Female,Svetlyy,2015-05-27,52,76576,Checking
1693,532,2023-10-07,Dining,536,,Rego,,Credit Card,693.0,Tekfly,Britt,Seaton,bseatoner@wikipedia.org,Female,Pavlogradka,2017-06-05,46,82455,Savings
1694,731,2023-06-06,Online Shopping,69,,Codrington,,Credit Card,694.0,Yodo,Britteny,Crayker,bcraykerka@umn.edu,Female,Rassvet,2022-09-08,60,100628,Checking
1695,228,2023-04-10,Dining,144,,Gingsir,,Credit Card,695.0,Oyope,Diane-marie,Swynfen,dswynfen6b@webs.com,Female,Yigo Village,2016-07-07,60,130640,Checking
1696,67,2023-10-13,Groceries,582,,Liloy,,Credit Card,696.0,Mynte,Derrik,Spreckley,dspreckley1u@about.com,Male,Socorro,2024-05-18,54,80076,Checking
1697,125,2023-12-17,Dining,973,,Phra Pradaeng,,Credit Card,697.0,Skajo,Gwendolin,Yakushkin,gyakushkin3g@zdnet.com,Female,Fukura,2024-03-21,32,33548,Savings
1698,306,2024-08-01,Entertainment,212,,Gualmatán,,Credit Card,698.0,Tagopia,Sarine,Ecles,secles8h@joomla.org,Polygender,Kakamega,2020-05-25,24,43391,Both
1699,157,2023-03-13,Entertainment,749,,Henghe,,Credit Card,699.0,Vinte,Kean,Grabiec,kgrabiec4c@google.es,Male,Bāqim as Sūq,2016-06-30,19,102911,Savings
1700,988,2022-05-05,Online Shopping,593,,Igcocolo,,Credit Card,700.0,Nlounge,Hinze,Connell,hconnellrf@fastcompany.com,Male,Tantamayo,2021-08-24,57,115182,Checking
1701,67,2024-11-26,Entertainment,835,,Biguaçu,,Credit Card,701.0,Demivee,Derrik,Spreckley,dspreckley1u@about.com,Male,Socorro,2024-05-18,54,80076,Checking
1702,555,2022-07-13,Online Shopping,109,,Mitrópoli,,Credit Card,702.0,Trudeo,Heall,Jouannisson,hjouannissonfe@miitbeian.gov.cn,Male,Fundación,2024-03-20,55,83639,Checking
1703,815,2022-02-06,Utilities,224,,La Playosa,,Credit Card,703.0,Fatz,Humphrey,Muncie,hmunciemm@oakley.com,Male,Springfield,2018-05-27,35,142951,Checking
1704,573,2024-02-08,Dining,648,,Camajuaní,,Credit Card,704.0,Linklinks,Ariadne,Mattessen,amattessenfw@behance.net,Female,Batal,2019-03-29,51,111277,Both
1705,15,2023-12-19,Online Shopping,436,,Ðà Lạt,,Credit Card,705.0,Jatri,Brittne,Fairbanks,bfairbankse@nytimes.com,Polygender,Qijia,2022-02-28,32,40750,Both
1706,731,2022-01-18,Groceries,644,,Kol’chugino,,Credit Card,706.0,Centimia,Britteny,Crayker,bcraykerka@umn.edu,Female,Rassvet,2022-09-08,60,100628,Checking
1707,51,2024-10-03,Dining,519,,Maple Ridge,,Credit Card,707.0,Linktype,Kit,Wynrahame,kwynrahame1e@woothemes.com,Male,Lengshui,2019-09-13,32,70450,Both
1708,145,2023-08-14,Groceries,186,,Tuchengzi,,Credit Card,708.0,Leexo,Teddy,Dauney,tdauney40@scientificamerican.com,Female,Nalsian Norte,2021-10-11,27,83665,Savings
1709,894,2023-10-11,Dining,471,,Matsue-shi,,Credit Card,709.0,Camido,Laure,Blount,lblountot@naver.com,Female,Topol’noye,2020-09-16,58,144671,Checking
1710,417,2022-05-29,Travel,316,,Nanping,,Credit Card,710.0,Ailane,Aloise,Medendorp,amedendorpbk@oakley.com,Female,Bagroy,2016-11-13,35,88243,Checking
1711,659,2023-10-05,Dining,378,,Minshan,,Credit Card,711.0,Flashpoint,Clarke,Kornas,ckornasia@hp.com,Male,Huaqiao,2018-07-26,51,131500,Savings
1712,412,2023-05-04,Groceries,882,,Yanmenkou,,Credit Card,712.0,Realcube,Raddy,Canceller,rcancellerbf@mozilla.com,Male,Sindangsari,2017-12-12,65,79982,Checking
1713,748,2022-01-27,Travel,198,,Honghualiangzi,,Credit Card,713.0,Babbleset,Redd,Mattheis,rmattheiskr@biblegateway.com,Male,Beolgyo,2024-02-09,21,60400,Savings
1714,482,2023-11-08,Dining,546,,Dimovo,,Credit Card,714.0,Yamia,Merlina,Doul,mdouldd@pen.io,Female,Severnyy,2018-11-17,72,51307,Both
1715,421,2023-06-03,Travel,290,,Corona,,Credit Card,715.0,Oyoyo,Nobe,Wooder,nwooderbo@quantcast.com,Male,Mianay,2023-05-07,67,110894,Checking
1716,90,2023-06-08,Entertainment,569,,Kenyau,,Credit Card,716.0,Zoonoodle,Cyndie,Tuma,ctuma2h@google.nl,Female,Salinungan Proper,2017-06-18,23,99752,Both
1717,974,2024-04-27,Entertainment,734,,Folques,,Credit Card,717.0,Zoomlounge,Sibbie,Corradetti,scorradettir1@engadget.com,Female,Blatnica,2019-11-17,30,48152,Both
1718,733,2023-01-01,Online Shopping,825,,Lewoduli,,Credit Card,718.0,Fliptune,Rowan,Gotcliff,rgotcliffkc@illinois.edu,Male,Shiqiao,2020-06-09,74,147240,Both
1719,601,2024-06-27,Entertainment,515,,Karara,,Credit Card,719.0,Topicblab,Cody,Fawdrie,cfawdriego@oaic.gov.au,Female,Niños Heroes,2020-05-07,26,141597,Savings
1720,608,2024-11-07,Online Shopping,163,,Shi’an,,Credit Card,720.0,Avamba,Hillyer,MacCook,hmaccookgv@miibeian.gov.cn,Male,Bandarlampung,2015-03-29,30,97275,Both
1721,822,2023-08-20,Utilities,954,,Lenešice,,Credit Card,721.0,Realbuzz,Herman,Chominski,hchominskimt@princeton.edu,Male,Bārkhān,2016-05-30,37,67827,Both
1722,711,2024-08-18,Entertainment,101,,Newark,,Credit Card,722.0,Topicblab,Corrine,Crudginton,ccrudgintonjq@macromedia.com,Female,Banjar Sengguan,2024-02-18,49,134299,Both
1723,58,2023-07-18,Entertainment,15,,Huangbei,,Credit Card,723.0,Zoozzy,Juan,Bodham,jbodham1l@walmart.com,Male,Baracoa,2019-10-18,23,73592,Both
1724,194,2023-01-18,Groceries,284,,Wangchuanchang,,Credit Card,724.0,Jatri,Tessy,Lithcow,tlithcow5d@1688.com,Genderfluid,Västerås,2016-08-02,32,120165,Both
1725,991,2022-08-07,Online Shopping,641,,Montijo,,Credit Card,725.0,Skimia,Rolph,Korn,rkornri@cloudflare.com,Male,Lindesberg,2021-08-22,70,137148,Checking
1726,373,2022-01-20,Utilities,624,,Diapaga,,Credit Card,726.0,Livepath,Dmitri,Reynish,dreynishac@google.es,Male,Peso da Régua,2021-08-08,34,58932,Checking
1727,942,2023-07-25,Entertainment,337,,Souto do Meio,,Credit Card,727.0,Oyoloo,Garey,Haggas,ghaggasq5@npr.org,Male,Medang,2021-01-28,33,69131,Checking
1728,156,2024-01-16,Travel,376,,Minas,,Credit Card,728.0,Mycat,Wilbert,Neames,wneames4b@ycombinator.com,Male,Gongdao,2018-04-01,34,118935,Checking
1729,490,2022-02-03,Groceries,921,,Chicago,,Credit Card,729.0,Gevee,Putnem,Jephcott,pjephcottdl@pagesperso-orange.fr,Male,Amnat Charoen,2017-09-04,36,116334,Checking
1730,927,2024-03-29,Travel,265,,Dalmatovo,,Credit Card,730.0,Eayo,Kiley,Izod,kizodpq@clickbank.net,Male,Nova Olímpia,2023-04-21,49,132852,Checking
1731,949,2023-08-29,Utilities,604,,Imaichi,,Credit Card,731.0,Mydeo,Alvin,Kohlerman,akohlermanqc@guardian.co.uk,Male,Tonshayevo,2023-10-08,33,147117,Savings
1732,525,2022-01-23,Groceries,981,,Zinat,,Credit Card,732.0,Meembee,Eilis,Crannach,ecrannachek@jugem.jp,Female,Angered,2023-03-14,18,89045,Savings
1733,920,2023-12-10,Utilities,244,,Al Jīzah,,Credit Card,733.0,Eidel,Hobard,Pharo,hpharopj@whitehouse.gov,Male,Fatualam,2024-12-08,19,129168,Savings
1734,93,2024-08-29,Entertainment,978,,Buniaga,,Credit Card,734.0,Zoomzone,Aline,Barnaclough,abarnaclough2k@live.com,Female,Ibiporã,2024-05-06,48,66359,Both
1735,817,2022-01-06,Groceries,542,,Jonava,,Credit Card,735.0,Pixonyx,Pascal,Jozefczak,pjozefczakmo@cnet.com,Male,Tariji,2024-07-29,25,123665,Both
1736,439,2024-01-01,Utilities,322,,Alcains,,Credit Card,736.0,Gigaclub,Clary,Angeli,cangelic6@oracle.com,Female,Varberg,2022-02-13,75,96339,Both
1737,578,2024-05-02,Groceries,99,,Aranyaprathet,,Credit Card,737.0,Aimbu,Jacques,Quiddihy,jquiddihyg1@webs.com,Male,Ordynskoye,2018-10-12,54,81105,Both
1738,847,2022-01-07,Entertainment,762,,Pásion,,Credit Card,738.0,Abatz,Ardisj,Lawlings,alawlingsni@loc.gov,Female,Pepe,2023-12-08,47,85409,Both
1739,971,2023-02-25,Online Shopping,122,,Tarxien,,Credit Card,739.0,Skinder,Killy,Eversfield,keversfieldqy@netvibes.com,Male,Emmen,2020-10-24,71,107007,Savings
1740,875,2023-08-26,Online Shopping,3,,Cimanggu,,Credit Card,740.0,Bubblebox,Andreana,Adanez,aadanezoa@umich.edu,Female,Phoenix,2019-12-31,58,47595,Savings
1741,311,2024-04-19,Travel,722,,Itupeva,,Credit Card,741.0,Skipfire,Jordain,Flay,jflay8m@npr.org,Female,Gar,2022-07-02,22,42601,Both
1742,820,2022-02-16,Entertainment,397,,Sanchahe,,Credit Card,742.0,Quimm,Sauncho,Andrus,sandrusmr@thetimes.co.uk,Male,George Town,2017-08-12,64,99501,Checking
1743,756,2022-07-20,Utilities,955,,Olejet,,Credit Card,743.0,Skiptube,Tally,Tarbard,ttarbardkz@google.com,Male,Sacramento,2019-11-25,45,119102,Both
1744,753,2022-10-22,Groceries,639,,Nguken,,Credit Card,744.0,Omba,Wolfy,Kroll,wkrollkw@opera.com,Male,Independencia,2023-10-07,35,73671,Savings
1745,573,2024-08-25,Utilities,896,,Longquan,,Credit Card,745.0,Roombo,Ariadne,Mattessen,amattessenfw@behance.net,Female,Batal,2019-03-29,51,111277,Both
1746,960,2022-03-01,Dining,266,,Zhanqian,,Credit Card,746.0,Bubblemix,Wren,Coxall,wcoxallqn@xing.com,Female,Pekalongan,2015-04-27,48,84106,Checking
1747,763,2023-07-06,Travel,615,,Al Lagowa,,Credit Card,747.0,Oyoba,Farr,Yaknov,fyaknovl6@wisc.edu,Male,Abuja,2015-08-08,27,135278,Both
1748,754,2022-12-31,Travel,762,,Bidyā,,Credit Card,748.0,Flashpoint,Damon,Bruntjen,dbruntjenkx@guardian.co.uk,Polygender,Naranjal,2015-06-09,21,123913,Savings
1749,966,2024-08-05,Online Shopping,723,,Igaraçu do Tietê,,Credit Card,749.0,Bubblebox,Vasily,Sheringham,vsheringhamqt@discovery.com,Genderqueer,Karlskoga,2023-05-01,56,64172,Checking
1750,391,2023-07-15,Online Shopping,263,,Capim Grosso,,Credit Card,750.0,Realbuzz,Anthia,Mumbray,amumbrayau@cbslocal.com,Female,Huddinge,2015-10-28,48,142607,Both
1751,195,2024-12-08,Entertainment,633,,Xiashixiang,,Credit Card,751.0,Youbridge,Cathlene,Meiningen,cmeiningen5e@census.gov,Female,Lianran,2017-03-16,36,117112,Savings
1752,475,2023-07-04,Travel,498,,Nová Role,,Credit Card,752.0,Trudeo,Gwenni,Tolussi,gtolussid6@123-reg.co.uk,Female,Chapayeve,2020-07-09,44,46800,Savings
1753,471,2022-12-07,Utilities,654,,Laironja,,Credit Card,753.0,Flipopia,Marcellus,Pargent,mpargentd2@hexun.com,Male,Bigaa,2019-02-28,19,122595,Savings
1754,666,2024-09-03,Groceries,671,,Ina,,Credit Card,754.0,Kaymbo,Deeanne,Bryns,dbrynsih@theatlantic.com,Female,Mbala,2018-04-14,63,53783,Savings
1755,79,2023-07-22,Groceries,488,,Puerto Mayor Otaño,,Credit Card,755.0,Meezzy,Aldric,Gleeton,agleeton26@seesaa.net,Male,Fuyo,2020-12-02,31,76901,Savings
1756,413,2023-11-13,Travel,799,,Buni Yadi,,Credit Card,756.0,Katz,Marabel,Strodder,mstrodderbg@ted.com,Female,Geputan,2018-10-04,36,130108,Savings
1757,733,2022-03-05,Groceries,592,,Meaux,,Credit Card,757.0,Devcast,Rowan,Gotcliff,rgotcliffkc@illinois.edu,Male,Shiqiao,2020-06-09,74,147240,Both
1758,873,2024-07-24,Groceries,635,,Pavlovsk,,Credit Card,758.0,Skimia,Scottie,Brudenell,sbrudenello8@forbes.com,Male,Guanmian,2021-01-23,28,34566,Both
1759,709,2024-08-09,Utilities,472,,Jankowice,,Credit Card,759.0,Jamia,Guenevere,Badam,gbadamjo@engadget.com,Female,Luodian,2019-03-15,26,127729,Checking
1760,373,2023-02-11,Utilities,762,,Adolfo Ruiz Cortines,,Credit Card,760.0,Dazzlesphere,Dmitri,Reynish,dreynishac@google.es,Male,Peso da Régua,2021-08-08,34,58932,Checking
1761,234,2023-01-28,Dining,160,,Cikadu,,Credit Card,761.0,Shuffledrive,Judah,Curwen,jcurwen6h@live.com,Male,Tutayev,2016-05-30,31,30548,Savings
1762,989,2022-07-08,Groceries,173,,Arai,,Credit Card,762.0,Photofeed,Chaunce,Salvin,csalvinrg@moonfruit.com,Male,Gonghe,2020-09-30,54,99555,Both
1763,992,2022-09-05,Utilities,201,,Huayllo,,Credit Card,763.0,Aimbo,Brnaba,McGiveen,bmcgiveenrj@unicef.org,Male,Belén de Umbría,2022-01-31,72,33207,Both
1764,11,2023-10-19,Travel,597,,Emiliano Zapata,,Credit Card,764.0,Thoughtsphere,Jens,Renshaw,jrenshawa@gov.uk,Male,Carvalhais,2017-03-30,40,68425,Both
1765,942,2024-03-15,Entertainment,238,,Sel’tso,,Credit Card,765.0,Meedoo,Garey,Haggas,ghaggasq5@npr.org,Male,Medang,2021-01-28,33,69131,Checking
1766,719,2024-01-27,Entertainment,121,,Brailiv,,Credit Card,766.0,Twitterworks,Calvin,Rowsel,crowseljy@qq.com,Male,Palos,2022-02-04,30,52151,Savings
1767,81,2024-11-20,Online Shopping,883,,Tanghu,,Credit Card,767.0,Jabberstorm,Donavon,Radford,dradford28@hp.com,Male,Penang,2016-01-27,69,39152,Both
1768,819,2022-06-18,Dining,528,,Yanghu,,Credit Card,768.0,Avamm,Betty,Westraw,bwestrawmq@ed.gov,Female,Järvakandi,2015-02-17,18,91350,Savings
1769,119,2023-01-27,Online Shopping,3,,Santa Maria da Feira,,Credit Card,769.0,Kwimbee,Maitilde,Zecchini,mzecchini3a@canalblog.com,Female,Skwierzyna,2024-07-30,71,78603,Savings
1770,857,2022-08-25,Groceries,382,,Ndwedwe,,Credit Card,770.0,Bubbletube,Chalmers,Klainer,cklainerns@people.com.cn,Male,Paris 13,2022-03-27,49,83985,Savings
1771,900,2024-01-20,Dining,619,,Zaragoza,,Credit Card,771.0,Demimbu,Parke,L'Hommee,plhommeeoz@eventbrite.com,Male,Sonorejo,2024-01-24,49,123176,Savings
1772,113,2022-12-05,Utilities,481,,Anār,,Credit Card,772.0,Zoovu,Gerard,Doleman,gdoleman34@sfgate.com,Male,Kargowa,2015-04-05,53,143483,Savings
1773,916,2024-09-19,Groceries,685,,Pryazha,,Credit Card,773.0,Realcube,Cristobal,Moncarr,cmoncarrpf@mtv.com,Male,Nagqu,2017-02-03,36,97597,Savings
1774,722,2022-07-02,Utilities,462,,Shreveport,,Credit Card,774.0,Devshare,Tonia,Clewett,tclewettk1@opera.com,Female,Whistler,2021-02-21,21,37148,Savings
1775,545,2024-03-09,Online Shopping,205,,Chongjin,,Credit Card,775.0,Voonder,Oates,MacTeague,omacteaguef4@trellian.com,Male,Marne-la-Vallée,2018-09-20,52,114558,Checking
1776,869,2022-12-05,Travel,859,,Нераште,,Credit Card,776.0,Eidel,Maxy,Breckenridge,mbreckenridgeo4@joomla.org,Female,Emiliano Zapata,2024-05-20,37,132268,Checking
1777,656,2024-05-06,Entertainment,646,,Huerta Grande,,Credit Card,777.0,Thoughtmix,Saw,Bisgrove,sbisgrovei7@t-online.de,Male,Debeljača,2015-03-02,23,94919,Checking
1778,850,2022-08-05,Travel,330,,Keta,,Credit Card,778.0,Pixonyx,Luther,Rosenqvist,lrosenqvistnl@joomla.org,Male,Jinping,2021-02-15,49,69831,Both
1779,204,2024-06-10,Dining,301,,Prażmów,,Credit Card,779.0,Feednation,Isidor,Farquar,ifarquar5n@cloudflare.com,Male,Huangshan,2016-04-25,73,108223,Checking
1780,708,2024-06-20,Groceries,948,,Kiruru,,Credit Card,780.0,Zoomlounge,North,Mitroshinov,nmitroshinovjn@vistaprint.com,Male,Saint-Raymond,2019-03-07,70,119129,Savings
1781,293,2023-08-10,Travel,791,,Tabant,,Credit Card,781.0,Flashpoint,Larisa,Dallender,ldallender84@usa.gov,Female,Ad Dīs ash Sharqīyah,2017-10-24,74,35967,Savings
1782,234,2022-06-03,Travel,825,,Mlowo,,Credit Card,782.0,Geba,Judah,Curwen,jcurwen6h@live.com,Male,Tutayev,2016-05-30,31,30548,Savings
1783,149,2024-01-27,Groceries,388,,Gabaldon,,Credit Card,783.0,Skiba,Ethelind,Agass,eagass44@infoseek.co.jp,Bigender,Youngstown,2022-07-05,57,87205,Checking
1784,280,2023-07-12,Travel,929,,Angkup,,Credit Card,784.0,Mybuzz,Lucho,Henbury,lhenbury7r@fastcompany.com,Male,Vincennes,2021-04-02,26,107807,Savings
1785,413,2023-10-03,Online Shopping,298,,Hualong,,Credit Card,785.0,Fatz,Marabel,Strodder,mstrodderbg@ted.com,Female,Geputan,2018-10-04,36,130108,Savings
1786,520,2022-04-06,Travel,582,,Fengshan,,Credit Card,786.0,Aibox,Tobin,Hackford,thackfordef@blog.com,Male,Bandundu,2020-07-28,71,33671,Both
1787,537,2024-08-07,Entertainment,402,,Labuhanlalar,,Credit Card,787.0,Twitterworks,Ellary,Upward,eupwardew@ebay.co.uk,Male,Acopampa,2019-02-03,36,48905,Savings
1788,706,2024-07-21,Groceries,296,,Shalamzār,,Credit Card,788.0,Skimia,Concettina,Larcher,clarcherjl@yelp.com,Female,Derbent,2018-07-17,67,65302,Savings
1789,112,2022-10-29,Online Shopping,920,,Ilo,,Credit Card,789.0,Youbridge,Bobette,Gregoletti,bgregoletti33@mashable.com,Polygender,Pachīr wa Āgām,2020-06-18,39,30884,Checking
1790,488,2023-07-02,Dining,905,,Sayapullo,,Credit Card,790.0,Jaxbean,Gracie,Lazenby,glazenbydj@prnewswire.com,Female,Karanglincak,2023-01-31,24,144760,Savings
1791,140,2022-02-03,Online Shopping,733,,Oematnunu,,Credit Card,791.0,Devshare,Nancee,Marriage,nmarriage3v@ft.com,Genderfluid,Potou,2022-12-08,54,59413,Savings
1792,269,2022-11-05,Dining,14,,El Cantón de San Pablo,,Credit Card,792.0,Vidoo,Alexis,Dilland,adilland7g@noaa.gov,Male,Sankui,2022-12-14,47,124123,Checking
1793,534,2023-12-01,Entertainment,328,,Novi Bečej,,Credit Card,793.0,Oyonder,Beatrix,Capehorn,bcapehornet@bloomberg.com,Female,Tawangsari,2024-11-10,18,42388,Both
1794,423,2023-12-27,Entertainment,894,,Moppo,,Credit Card,794.0,Dabtype,Vic,Crotty,vcrottybq@ca.gov,Male,Pingtian,2021-05-28,70,57872,Checking
1795,531,2022-12-22,Dining,267,,Surgut,,Credit Card,795.0,Vinder,Randal,Clapson,rclapsoneq@issuu.com,Male,Huayllo,2015-12-15,69,114894,Checking
1796,279,2023-08-28,Online Shopping,868,,Risālpur,,Credit Card,796.0,Yadel,Horatius,Aloway,haloway7q@phpbb.com,Male,Pasirpanjang,2024-05-28,30,84045,Savings
1797,938,2023-09-26,Travel,268,,Hikone,,Credit Card,797.0,Gabtype,Dyanna,Epgrave,depgraveq1@flickr.com,Female,São Gabriel,2015-03-04,19,141148,Checking
1798,269,2024-01-31,Dining,753,,Montinho,,Credit Card,798.0,Zoomzone,Alexis,Dilland,adilland7g@noaa.gov,Male,Sankui,2022-12-14,47,124123,Checking
1799,587,2022-04-30,Dining,204,,Paris 15,,Credit Card,799.0,Camido,Bryana,Hewkin,bhewkinga@istockphoto.com,Female,Daguyun,2020-01-30,52,146050,Savings
1800,327,2022-06-30,Travel,763,,Stockholm,,Credit Card,800.0,Photofeed,Vin,Irlam,virlam92@ucoz.ru,Male,Dresden,2018-03-12,40,79934,Savings
1801,766,2023-05-17,Groceries,309,,Kobylanka,,Credit Card,801.0,Feedmix,Wendy,Zaniolini,wzaniolinil9@webeden.co.uk,Female,Tambaksari,2017-07-11,63,108460,Savings
1802,960,2024-07-03,Online Shopping,301,,Tonggakjati,,Credit Card,802.0,Jabbersphere,Wren,Coxall,wcoxallqn@xing.com,Female,Pekalongan,2015-04-27,48,84106,Checking
1803,598,2022-04-26,Entertainment,356,,Bento Gonçalves,,Credit Card,803.0,Voomm,Roberto,Vedmore,rvedmoregl@engadget.com,Genderqueer,Wschowa,2023-12-20,29,128522,Checking
1804,568,2024-09-09,Online Shopping,940,,Drochia,,Credit Card,804.0,Wordware,Fonsie,Jermey,fjermeyfr@phoca.cz,Male,Yuecheng,2024-08-26,55,146498,Savings
1805,493,2022-05-24,Entertainment,645,,Letuyi,,Credit Card,805.0,Browsebug,Danell,Eliet,delietdo@parallels.com,Female,Manticao,2020-07-20,48,77488,Both
1806,814,2022-03-29,Groceries,129,,Huambo,,Credit Card,806.0,Photobug,Sheridan,Aphale,saphaleml@fotki.com,Male,Shuanghekou,2015-05-10,70,118233,Savings
1807,99,2024-03-07,Dining,439,,Igurubi,,Credit Card,807.0,Lajo,Aguie,Philipson,aphilipson2q@fema.gov,Male,Neuquén,2023-10-25,65,87944,Checking
1808,962,2023-12-26,Dining,190,,Zhongcun,,Credit Card,808.0,Yakidoo,Trever,Falloon,tfalloonqp@bluehost.com,Male,Saint Petersburg,2021-07-16,61,74695,Both
1809,748,2022-06-01,Entertainment,140,,Honolulu,,Credit Card,809.0,Topiclounge,Redd,Mattheis,rmattheiskr@biblegateway.com,Male,Beolgyo,2024-02-09,21,60400,Savings
1810,946,2024-04-13,Dining,426,,Henan’an,,Credit Card,810.0,Wikizz,Dexter,Heindrick,dheindrickq9@nydailynews.com,Male,Al Jarādīyah,2023-12-25,59,115954,Savings
1811,51,2022-10-22,Utilities,955,,Chachagüí,,Credit Card,811.0,Wikibox,Kit,Wynrahame,kwynrahame1e@woothemes.com,Male,Lengshui,2019-09-13,32,70450,Both
1812,902,2024-10-26,Travel,426,,Kushar,,Credit Card,812.0,Wikibox,Dasya,Laydon,dlaydonp1@dropbox.com,Female,Guamal,2016-11-30,68,128986,Checking
1813,254,2023-11-10,Dining,452,,Babakansalam,,Credit Card,813.0,InnoZ,Katherine,Aujean,kaujean71@smugmug.com,Female,Hushi,2015-07-12,24,133380,Savings
1814,671,2024-02-21,Utilities,164,,Tanggulangin,,Credit Card,814.0,Quinu,Benedicto,Taffurelli,btaffurelliim@weebly.com,Male,Cheqiao,2021-10-04,63,35424,Both
1815,703,2023-07-29,Utilities,949,,Pyshchug,,Credit Card,815.0,Gabvine,Denni,Totman,dtotmanji@boston.com,Female,Settat,2022-04-24,38,39224,Both
1816,916,2023-01-11,Groceries,124,,Jajce,,Credit Card,816.0,Tagopia,Cristobal,Moncarr,cmoncarrpf@mtv.com,Male,Nagqu,2017-02-03,36,97597,Savings
1817,409,2023-07-23,Groceries,275,,Zhongying,,Credit Card,817.0,Thoughtstorm,Torrence,Rozea,trozeabc@t.co,Male,Horten,2016-10-16,36,110898,Both
1818,585,2022-10-20,Utilities,896,,Tsuma,,Credit Card,818.0,Vimbo,Jerrine,Nelson,jnelsong8@weibo.com,Female,Conceição da Abóboda,2020-07-22,28,92758,Savings
1819,49,2024-06-10,Entertainment,514,,Digkilaan,,Credit Card,819.0,LiveZ,Bjorn,Szymanek,bszymanek1c@youku.com,Genderfluid,Najin,2021-01-06,53,100525,Savings
1820,884,2022-07-06,Dining,264,,Aubagne,,Credit Card,820.0,Blogtag,Daven,Woolliams,dwoolliamsoj@sphinn.com,Male,Sallins,2016-09-05,65,123480,Savings
1821,386,2023-07-24,Utilities,444,,Kālābāgh,,Credit Card,821.0,Skyndu,Maire,Heatley,mheatleyap@homestead.com,Female,Yingzhou,2024-05-27,34,103159,Both
1822,223,2023-07-09,Groceries,49,,Sundsvall,,Credit Card,822.0,BlogXS,Aline,Corrington,acorrington66@1688.com,Female,Shishi,2016-07-09,62,146030,Savings
1823,220,2022-10-03,Utilities,609,,Puzi,,Credit Card,823.0,Brainverse,Josephine,Vasilyevski,jvasilyevski63@cpanel.net,Female,Pingxiang,2023-10-20,23,44334,Checking
1824,748,2024-05-04,Online Shopping,431,,Duotian,,Credit Card,824.0,Ozu,Redd,Mattheis,rmattheiskr@biblegateway.com,Male,Beolgyo,2024-02-09,21,60400,Savings
1825,165,2022-08-27,Groceries,262,,Fengsheng,,Credit Card,825.0,Voonix,Ware,Tranckle,wtranckle4k@omniture.com,Male,Greater Napanee,2015-09-25,66,46680,Savings
1826,509,2022-02-17,Online Shopping,278,,Limboto,,Credit Card,826.0,Vinte,Damita,Kubala,dkubalae4@51.la,Female,Xinxing,2016-08-31,62,81987,Savings
1827,208,2022-10-20,Online Shopping,438,,Miura,,Credit Card,827.0,Avamba,Otis,Jacobson,ojacobson5r@goo.gl,Male,Trollhättan,2022-01-30,22,115190,Checking
1828,641,2024-08-31,Groceries,883,,Ambositra,,Credit Card,828.0,Blogpad,Emerson,Koopman,ekoopmanhs@booking.com,Male,Dve Mogili,2015-06-22,46,108262,Savings
1829,986,2024-12-13,Online Shopping,113,,Chandra,,Credit Card,829.0,Flipbug,Esteban,Benzing,ebenzingrd@bravesites.com,Male,Mocun,2024-03-09,30,83375,Checking
1830,294,2023-03-12,Entertainment,598,,Standerton,,Credit Card,830.0,Browsezoom,Lissie,Treneman,ltreneman85@pinterest.com,Female,Zavet,2018-11-02,72,141740,Both
1831,462,2023-01-05,Travel,379,,Bussum,,Credit Card,831.0,Skajo,Ferdie,Tees,fteesct@cnet.com,Male,Gongchenqiao,2017-01-24,73,106336,Both
1832,551,2022-06-18,Utilities,783,,Vallentuna,,Credit Card,832.0,Skiba,Hillyer,Fairhead,hfairheadfa@simplemachines.org,Male,Yacuiba,2024-03-16,28,98037,Checking
1833,591,2024-12-30,Entertainment,235,,Kuje,,Credit Card,833.0,Topicstorm,Angelita,Cassey,acasseyge@netscape.com,Female,Dankunku,2023-11-15,41,116541,Checking
1834,37,2023-12-11,Groceries,979,,Milano,,Credit Card,834.0,Shufflester,Ronnica,Kellitt,rkellitt10@fotki.com,Female,Kislyakovskaya,2023-02-08,54,47410,Checking
1835,986,2024-03-31,Online Shopping,905,,Pouso Alegre,,Credit Card,835.0,Vidoo,Esteban,Benzing,ebenzingrd@bravesites.com,Male,Mocun,2024-03-09,30,83375,Checking
1836,695,2024-10-20,Entertainment,489,,Itaperuçu,,Credit Card,836.0,Roodel,Broderick,Maytum,bmaytumja@senate.gov,Male,Nyangao,2020-05-24,35,40262,Checking
1837,762,2023-12-12,Online Shopping,623,,Peshtera,,Credit Card,837.0,Realcube,Dennie,Barosch,dbaroschl5@myspace.com,Polygender,Lubenec,2016-03-08,66,146145,Both
1838,698,2022-09-05,Entertainment,38,,Shishan,,Credit Card,838.0,Avamba,Vale,Arnoult,varnoultjd@seesaa.net,Female,Xiayang,2020-07-19,69,74567,Both
1839,909,2024-10-16,Groceries,999,,Konispol,,Credit Card,839.0,Bubblebox,Ella,Pidwell,epidwellp8@google.com.hk,Female,Masachapa,2021-03-29,50,144575,Both
1840,687,2024-07-10,Dining,640,,Svetlograd,,Credit Card,840.0,Rhynyx,Jeromy,Inkin,jinkinj2@list-manage.com,Male,Umuarama,2022-04-09,62,88855,Checking
1841,175,2024-02-20,Dining,485,,Nyrob,,Credit Card,841.0,Agivu,Neville,Massingham,nmassingham4u@nps.gov,Male,Gandusari,2023-10-27,26,94725,Savings
1842,58,2022-04-09,Groceries,38,,Jamao al Norte,,Credit Card,842.0,Photofeed,Juan,Bodham,jbodham1l@walmart.com,Male,Baracoa,2019-10-18,23,73592,Both
1843,168,2023-06-22,Travel,869,,Tinambacan,,Credit Card,843.0,Fiveclub,Arv,Rait,arait4n@vk.com,Male,Kuala Lumpur,2024-05-06,24,105415,Both
1844,935,2022-09-01,Online Shopping,63,,Sarankhola,,Credit Card,844.0,Devshare,Barnard,Frankiewicz,bfrankiewiczpy@ftc.gov,Male,Zhukeng,2017-12-18,24,89695,Both
1845,318,2024-03-26,Travel,703,,Lekas,,Credit Card,845.0,Livefish,Tyne,Smurthwaite,tsmurthwaite8t@mail.ru,Female,Pukekohe East,2021-02-19,69,96620,Savings
1846,564,2022-03-08,Online Shopping,742,,Galveias,,Credit Card,846.0,Blogtags,Paco,Cuell,pcuellfn@cafepress.com,Male,Qarāwat Banī Zayd,2019-08-27,47,71286,Both
1847,12,2023-07-03,Groceries,550,,"Laikit, Laikit II (Dimembe)",,Credit Card,847.0,Livetube,Liuka,Possek,lpossekb@exblog.jp,Female,San Javier,2015-07-22,27,135787,Checking
1848,865,2023-01-14,Travel,208,,Xintian,,Credit Card,848.0,Centizu,Nari,Vautrey,nvautreyo0@joomla.org,Female,Hujra,2020-09-18,53,124856,Both
1849,577,2023-12-10,Dining,906,,Kurchatov,,Credit Card,849.0,Buzzdog,Blithe,Thomazin,bthomazing0@cornell.edu,Female,Katoúna,2015-12-12,69,116043,Both
1850,166,2023-03-04,Entertainment,868,,Dayangzhou,,Credit Card,850.0,Kwimbee,Caro,Graves,cgraves4l@ucsd.edu,Female,Lapuan,2021-08-12,45,36848,Savings
1851,852,2024-01-15,Travel,517,,Headlands,,Credit Card,851.0,Roodel,Ellene,Bembrigg,ebembriggnn@businessweek.com,Female,Bunog,2022-03-18,62,69605,Both
1852,697,2024-11-25,Utilities,420,,Mugan,,Credit Card,852.0,Flashset,Oliy,Braithwait,obraithwaitjc@mozilla.org,Polygender,Huangfang,2018-12-18,59,111853,Savings
1853,58,2024-03-21,Dining,265,,Bududa,,Credit Card,853.0,Divavu,Juan,Bodham,jbodham1l@walmart.com,Male,Baracoa,2019-10-18,23,73592,Both
1854,193,2024-10-27,Entertainment,299,,Tarbes,,Credit Card,854.0,Innojam,Reginald,Perin,rperin5c@yahoo.com,Male,Nova Praha,2018-08-21,24,74818,Savings
1855,489,2024-02-25,Travel,467,,Kingston,,Credit Card,855.0,Voolia,Joelie,Pinkie,jpinkiedk@indiegogo.com,Female,Bergen,2024-03-24,63,86958,Both
1856,885,2022-12-27,Utilities,851,,Oibioin,,Credit Card,856.0,Omba,Giulio,Loughren,gloughrenok@furl.net,Male,Kura,2024-07-11,63,85314,Savings
1857,277,2023-06-15,Groceries,196,,Xinjia,,Credit Card,857.0,Kimia,Balduin,Aronovich,baronovich7o@ocn.ne.jp,Male,Huangpu,2021-01-28,29,100781,Checking
1858,384,2023-01-15,Travel,873,,Aguiar da Beira,,Credit Card,858.0,Edgeclub,Chick,Cossins,ccossinsan@usa.gov,Male,Setro,2015-06-10,36,147743,Savings
1859,223,2022-06-16,Entertainment,663,,Solosolo,,Credit Card,859.0,Jabbercube,Aline,Corrington,acorrington66@1688.com,Female,Shishi,2016-07-09,62,146030,Savings
1860,857,2024-03-25,Groceries,29,,Potok Złoty,,Credit Card,860.0,Midel,Chalmers,Klainer,cklainerns@people.com.cn,Male,Paris 13,2022-03-27,49,83985,Savings
1861,830,2023-06-04,Groceries,880,,Catamayo,,Credit Card,861.0,Plajo,Benn,Drinkwater,bdrinkwatern1@spotify.com,Male,Benito Juarez,2016-04-23,21,119976,Checking
1862,873,2023-07-31,Groceries,907,,Atafu Village,,Credit Card,862.0,BlogXS,Scottie,Brudenell,sbrudenello8@forbes.com,Male,Guanmian,2021-01-23,28,34566,Both
1863,49,2023-07-14,Dining,279,,Van Nuys,,Credit Card,863.0,Tekfly,Bjorn,Szymanek,bszymanek1c@youku.com,Genderfluid,Najin,2021-01-06,53,100525,Savings
1864,889,2022-01-14,Groceries,467,,Uvira,,Credit Card,864.0,Aimbo,Cordy,Storey,cstoreyoo@jugem.jp,Male,Vitrolles,2018-06-15,52,31369,Both
1865,443,2022-12-24,Travel,611,,Campaka,,Credit Card,865.0,Shuffletag,Hendrick,Nuscha,hnuschaca@shutterfly.com,Genderfluid,Pleiku,2018-03-09,51,30251,Both
1866,422,2022-01-30,Travel,553,,Bardīyah,,Credit Card,866.0,Browsecat,Tracey,Rodgerson,trodgersonbp@ow.ly,Male,Popielów,2017-04-04,30,85714,Checking
1867,701,2022-06-24,Entertainment,615,,Mingoyo,,Credit Card,867.0,Devpulse,Brooke,Janoch,bjanochjg@yale.edu,Female,Baracoa,2024-09-25,36,107699,Checking
1868,173,2025-01-08,Online Shopping,118,,Higuerote,,Credit Card,868.0,Ozu,Amandy,Sholem,asholem4s@reference.com,Female,Río Grande,2017-08-03,47,61623,Savings
1869,600,2025-01-08,Entertainment,738,,Anyang,,Credit Card,869.0,Skajo,Annora,McGowran,amcgowrangn@last.fm,Non-binary,Zbąszyń,2019-03-01,54,127724,Both
1870,824,2022-03-26,Online Shopping,765,,Tsurusaki,,Credit Card,870.0,Bluezoom,Marleen,Dafydd,mdafyddmv@ebay.com,Female,Dahay,2019-09-25,67,149529,Both
1871,616,2024-06-24,Utilities,719,,Sihe,,Credit Card,871.0,Ntag,Maddi,Goldbourn,mgoldbournh3@tumblr.com,Female,Bamban,2022-07-22,30,127917,Savings
1872,825,2024-03-26,Utilities,346,,Seara,,Credit Card,872.0,Flashset,Ollie,Measor,omeasormw@umn.edu,Female,Ādaži,2020-12-01,42,51327,Both
1873,641,2022-04-02,Groceries,142,,Halayhayin,,Credit Card,873.0,Thoughtstorm,Emerson,Koopman,ekoopmanhs@booking.com,Male,Dve Mogili,2015-06-22,46,108262,Savings
1874,784,2024-06-16,Utilities,889,,Zaqatala,,Credit Card,874.0,Skivee,Shelby,Krolak,skrolaklr@drupal.org,Male,Sarata,2022-04-03,75,119320,Both
1875,286,2022-02-01,Entertainment,952,,Lete,,Credit Card,875.0,LiveZ,Josiah,Jope,jjope7x@mapquest.com,Male,Tall Tamr,2020-11-18,73,149216,Savings
1876,167,2022-06-09,Utilities,618,,Cangchang,,Credit Card,876.0,Zooxo,Genovera,Batch,gbatch4m@xing.com,Female,Pandanwangi,2016-12-28,64,98542,Savings
1877,991,2022-07-10,Dining,746,,Akouda,,Credit Card,877.0,Trudoo,Rolph,Korn,rkornri@cloudflare.com,Male,Lindesberg,2021-08-22,70,137148,Checking
1878,461,2024-09-07,Online Shopping,686,,Pyt-Yakh,,Credit Card,878.0,Roomm,Tallie,Androsik,tandrosikcs@archive.org,Female,Al Maşlūb,2016-07-20,40,45143,Both
1879,622,2022-06-16,Dining,563,,Mar’’ina Horka,,Credit Card,879.0,Bubbletube,Chevalier,Speir,cspeirh9@google.ru,Male,Nagahama,2016-12-07,50,33819,Both
1880,875,2022-02-08,Entertainment,605,,Jelah,,Credit Card,880.0,Nlounge,Andreana,Adanez,aadanezoa@umich.edu,Female,Phoenix,2019-12-31,58,47595,Savings
1881,830,2024-01-05,Entertainment,984,,Anaheim,,Credit Card,881.0,Skinte,Benn,Drinkwater,bdrinkwatern1@spotify.com,Male,Benito Juarez,2016-04-23,21,119976,Checking
1882,365,2022-08-30,Groceries,109,,Särkisalo,,Credit Card,882.0,Mydo,Lowrance,Whitchurch,lwhitchurcha4@google.com.au,Male,Yaroslavl,2017-02-28,63,98700,Both
1883,892,2022-06-24,Groceries,757,,Sumberagung,,Credit Card,883.0,Jaxworks,Janos,Bunny,jbunnyor@jugem.jp,Male,Rawasan,2017-07-14,18,68526,Both
1884,390,2023-05-06,Dining,119,,Greenville,,Credit Card,884.0,Zoomzone,Sandye,Erie,serieat@youku.com,Female,Borås,2023-02-14,45,60216,Savings
1885,83,2024-03-25,Travel,657,,Yangambi,,Credit Card,885.0,Photojam,Kendre,Puncher,kpuncher2a@tinypic.com,Female,Sepahua,2022-08-05,62,123724,Checking
1886,830,2022-08-02,Travel,114,,Xiashu,,Credit Card,886.0,Midel,Benn,Drinkwater,bdrinkwatern1@spotify.com,Male,Benito Juarez,2016-04-23,21,119976,Checking
1887,375,2024-07-11,Groceries,827,,Daqingshan,,Credit Card,887.0,Skippad,James,Hulmes,jhulmesae@admin.ch,Agender,Quinuabamba,2022-05-11,51,145519,Checking
1888,188,2024-01-20,Utilities,986,,Kihniö,,Credit Card,888.0,Demivee,Kali,Wem,kwem57@google.co.uk,Female,Krasnokumskoye,2018-01-11,55,133741,Checking
1889,685,2024-08-07,Travel,211,,Vostryakovo,,Credit Card,889.0,Innotype,Ingeberg,Albin,ialbinj0@hexun.com,Female,Belawang,2016-04-18,37,147619,Savings
1890,941,2023-06-21,Online Shopping,786,,Destrnik,,Credit Card,890.0,Dabfeed,Remington,Rustan,rrustanq4@ocn.ne.jp,Genderfluid,Bairro dos Marinheiros,2022-07-23,48,129416,Checking
1891,830,2023-08-29,Utilities,354,,Mthatha,,Credit Card,891.0,InnoZ,Benn,Drinkwater,bdrinkwatern1@spotify.com,Male,Benito Juarez,2016-04-23,21,119976,Checking
1892,229,2023-09-30,Groceries,808,,Banjarsari,,Credit Card,892.0,Realcube,Gertrude,Di Lucia,gdilucia6c@mapquest.com,Female,Guanabacoa,2023-04-13,19,47137,Both
1893,702,2024-03-25,Dining,801,,Mullovka,,Credit Card,893.0,Oyoba,Powell,Biever,pbieverjh@noaa.gov,Male,Zhuge,2021-02-25,49,143210,Checking
1894,241,2023-02-07,Online Shopping,284,,Guaíra,,Credit Card,894.0,Yoveo,Kylynn,Fleming,kfleming6o@odnoklassniki.ru,Female,Nantes,2024-01-11,72,133022,Checking
1895,158,2022-09-14,Dining,556,,Tiannan,,Credit Card,895.0,Edgeify,Katherine,Ramalhete,kramalhete4d@blogspot.com,Female,Kotlyarevskaya,2020-05-31,22,75945,Both
1896,689,2022-02-22,Utilities,557,,Pirapozinho,,Credit Card,896.0,Kwimbee,Melvin,Dymidowski,mdymidowskij4@forbes.com,Male,Manikchari,2022-04-16,43,107247,Savings
1897,583,2023-06-20,Dining,541,,Panawuan,,Credit Card,897.0,Vimbo,Sharl,Fowlston,sfowlstong6@abc.net.au,Female,Huangling,2020-03-21,69,115708,Checking
1898,379,2022-05-30,Travel,755,,Klau,,Credit Card,898.0,Yombu,Michael,Jamme,mjammeai@mayoclinic.com,Bigender,Labo,2015-02-24,70,43662,Savings
1899,229,2022-07-28,Groceries,121,,Chuanbu,,Credit Card,899.0,Kazu,Gertrude,Di Lucia,gdilucia6c@mapquest.com,Female,Guanabacoa,2023-04-13,19,47137,Both
1900,188,2022-11-16,Travel,123,,Verdun,,Credit Card,900.0,Devpulse,Kali,Wem,kwem57@google.co.uk,Female,Krasnokumskoye,2018-01-11,55,133741,Checking
1901,297,2024-01-26,Utilities,845,,Levallois-Perret,,Credit Card,901.0,Yodoo,Zena,Stapylton,zstapylton88@wisc.edu,Female,Bihać,2015-11-23,37,94083,Both
1902,9,2022-02-03,Groceries,286,,Linshui,,Credit Card,902.0,Jatri,Pietro,Petyt,ppetyt8@studiopress.com,Male,Xubu,2024-11-26,55,63846,Checking
1903,826,2022-10-08,Groceries,442,,Seredka,,Credit Card,903.0,Yamia,Linnie,Cota,lcotamx@go.com,Non-binary,El Chol,2021-02-26,30,66910,Checking
1904,529,2023-03-08,Utilities,36,,Ronglong,,Credit Card,904.0,Yambee,Ad,Twells,atwellseo@bloglovin.com,Male,El Quetzal,2015-06-14,41,115727,Savings
1905,344,2023-01-10,Travel,351,,Nkpor,,Credit Card,905.0,Mymm,Candis,Wigg,cwigg9j@answers.com,Female,Jiangxiangzhen,2020-11-05,54,80329,Checking
1906,127,2023-12-29,Online Shopping,482,,Poctol,,Credit Card,906.0,Zazio,Jessamyn,Martschke,jmartschke3i@goo.ne.jp,Female,Fujinomiya,2015-01-23,53,30554,Both
1907,915,2023-03-03,Groceries,105,,Hīsh,,Credit Card,907.0,Babbleopia,Darlene,Prando,dprandope@craigslist.org,Female,Kalá Déndra,2022-07-29,51,128114,Savings
1908,225,2022-08-24,Dining,926,,Delodpeken,,Credit Card,908.0,Quinu,Chickie,Darrigoe,cdarrigoe68@parallels.com,Female,Saukkola,2024-08-19,68,112066,Savings
1909,776,2023-01-03,Travel,331,,Santa,,Credit Card,909.0,Pixonyx,Maje,Pearch,mpearchlj@goo.ne.jp,Male,Guyi,2015-04-02,54,66995,Checking
1910,294,2022-04-09,Online Shopping,746,,Songshan,,Credit Card,910.0,Vinte,Lissie,Treneman,ltreneman85@pinterest.com,Female,Zavet,2018-11-02,72,141740,Both
1911,628,2023-11-18,Dining,895,,Samajie Ewenkeminzu,,Credit Card,911.0,Jaxworks,Killian,Seivwright,kseivwrighthf@state.tx.us,Male,Huanggang,2018-03-27,68,128473,Both
1912,55,2024-08-13,Entertainment,418,,Balin,,Credit Card,912.0,Yamia,Jefferey,McLeish,jmcleish1i@salon.com,Male,Tulsīpur,2018-10-31,31,134085,Both
1913,110,2023-08-14,Dining,206,,Simapu,,Credit Card,913.0,Fadeo,Conrad,Jacqueme,cjacqueme31@ow.ly,Male,Selajambe Satu,2015-07-13,48,84905,Savings
1914,719,2024-11-19,Dining,602,,Chirkey,,Credit Card,914.0,Skidoo,Calvin,Rowsel,crowseljy@qq.com,Male,Palos,2022-02-04,30,52151,Savings
1915,747,2024-03-21,Dining,930,,Všetaty,,Credit Card,915.0,Zoovu,Tamas,Goldie,tgoldiekq@fastcompany.com,Male,Saint-Lô,2015-04-12,44,92160,Both
1916,35,2024-02-10,Travel,683,,Chengtian,,Credit Card,916.0,Yombu,Bradley,Lavers,blaversy@weebly.com,Male,Bus’k,2021-10-11,70,116298,Checking
1917,183,2024-07-05,Entertainment,566,,Qiucun,,Credit Card,917.0,Skimia,Zahara,Timperley,ztimperley52@printfriendly.com,Genderfluid,Kil,2016-04-17,42,77711,Savings
1918,147,2022-04-28,Groceries,476,,Bitin,,Credit Card,918.0,Realcube,Andrea,Heakey,aheakey42@altervista.org,Male,Fucheng,2015-09-07,31,117606,Checking
1919,510,2024-04-23,Entertainment,231,,Dob,,Credit Card,919.0,Jabbersphere,Katine,Grogona,kgrogonae5@mayoclinic.com,Female,Masaya,2020-01-06,39,80525,Both
1920,114,2022-04-22,Online Shopping,319,,La Cumbre,,Credit Card,920.0,Eimbee,Godwin,Corran,gcorran35@house.gov,Male,Tekikbanyuurip,2019-09-16,56,89925,Savings
1921,366,2023-12-05,Online Shopping,296,,Taling,,Credit Card,921.0,Photobug,Chevy,Clousley,cclousleya5@wix.com,Male,Havířov,2016-11-11,74,39979,Checking
1922,893,2024-03-07,Online Shopping,447,,Ciawitali,,Credit Card,922.0,Brightdog,Eryn,Quinet,equinetos@sfgate.com,Female,Carcassonne,2017-12-21,70,141881,Savings
1923,172,2024-06-30,Entertainment,443,,Plandi,,Credit Card,923.0,Yakidoo,Andie,Stammer,astammer4r@vinaora.com,Male,Yaodu,2023-07-11,70,68726,Checking
1924,958,2022-11-29,Groceries,802,,Chatian,,Credit Card,924.0,Youtags,Rozele,Osgar,rosgarql@lycos.com,Female,Sevan,2021-03-24,22,95991,Savings
1925,69,2023-02-06,Groceries,199,,Shaoxing,,Credit Card,925.0,Yacero,Ruprecht,Southerden,rsoutherden1w@cdc.gov,Male,Ternovka,2018-02-24,24,87843,Both
1926,826,2022-04-23,Utilities,354,,Bamban,,Credit Card,926.0,Zoonoodle,Linnie,Cota,lcotamx@go.com,Non-binary,El Chol,2021-02-26,30,66910,Checking
1927,546,2024-06-30,Entertainment,841,,Gradići,,Credit Card,927.0,Izio,Ebenezer,Calveley,ecalveleyf5@jiathis.com,Male,Lluidas Vale,2022-11-11,71,121911,Checking
1928,93,2022-02-02,Online Shopping,155,,Shuigou,,Credit Card,928.0,Eidel,Aline,Barnaclough,abarnaclough2k@live.com,Female,Ibiporã,2024-05-06,48,66359,Both
1929,807,2022-06-23,Dining,801,,Bolong,,Credit Card,929.0,Skalith,Ronda,Rymour,rrymourme@wufoo.com,Female,Virolahti,2021-01-24,26,122830,Savings
1930,269,2022-01-22,Groceries,881,,Shangying,,Credit Card,930.0,Fiveclub,Alexis,Dilland,adilland7g@noaa.gov,Male,Sankui,2022-12-14,47,124123,Checking
1931,62,2024-10-01,Utilities,945,,Tacoma,,Credit Card,931.0,Gabvine,Johanna,Mackison,jmackison1p@dyndns.org,Female,Końskowola,2015-09-11,74,75468,Checking
1932,563,2022-11-18,Dining,7,,Hokor,,Credit Card,932.0,Buzzster,Consuelo,McGilmartin,cmcgilmartinfm@auda.org.au,Female,Hengjiang,2019-08-19,49,146686,Checking
1933,913,2024-05-19,Online Shopping,824,,Kedungringin,,Credit Card,933.0,Mydeo,Wandie,Silvers,wsilverspc@altervista.org,Female,Zolotyy Potik,2016-02-24,43,98901,Both
1934,633,2022-06-01,Online Shopping,34,,Shorapani,,Credit Card,934.0,Photobean,Alister,Casement,acasementhk@twitter.com,Male,Dankama,2019-02-11,70,112942,Savings
1935,131,2024-09-25,Online Shopping,502,,Galubakul,,Credit Card,935.0,LiveZ,Fran,Elcombe,felcombe3m@gmpg.org,Male,Seke,2023-08-14,19,130778,Savings
1936,151,2024-02-24,Utilities,968,,Achoma,,Credit Card,936.0,Babbleblab,Osmund,Passey,opassey46@51.la,Male,Tandil,2023-11-19,74,117457,Both
1937,781,2024-11-04,Groceries,595,,Huayang,,Credit Card,937.0,Browsedrive,Philip,Nezey,pnezeylo@java.com,Male,General Conesa,2016-06-15,28,99340,Savings
1938,679,2024-11-22,Groceries,565,,Khāngāh Dogrān,,Credit Card,938.0,Skyba,Dud,Weetch,dweetchiu@springer.com,Male,Sindangkopo,2017-06-09,27,57652,Checking
1939,471,2022-12-14,Online Shopping,681,,Linköping,,Credit Card,939.0,Skyba,Marcellus,Pargent,mpargentd2@hexun.com,Male,Bigaa,2019-02-28,19,122595,Savings
1940,437,2022-03-17,Travel,631,,Siqian,,Credit Card,940.0,Quimba,Vere,Bau,vbauc4@mapquest.com,Female,Tangjiakou,2020-08-12,75,56832,Checking
1941,184,2024-11-18,Groceries,3,,Maindang,,Credit Card,941.0,Tekfly,Francesco,Marieton,fmarieton53@harvard.edu,Male,Daja,2017-05-14,57,31620,Checking
1942,756,2024-07-28,Utilities,47,,Khagrachhari,,Credit Card,942.0,DabZ,Tally,Tarbard,ttarbardkz@google.com,Male,Sacramento,2019-11-25,45,119102,Both
1943,118,2024-07-20,Dining,460,,Kyzyldzhar,,Credit Card,943.0,Ainyx,Virgie,Moncreif,vmoncreif39@deliciousdays.com,Male,Helsingborg,2016-06-13,46,57231,Savings
1944,140,2023-02-19,Groceries,295,,Gabi,,Credit Card,944.0,Roomm,Nancee,Marriage,nmarriage3v@ft.com,Genderfluid,Potou,2022-12-08,54,59413,Savings
1945,981,2022-01-03,Utilities,761,,Socorro,,Credit Card,945.0,Linkbuzz,Kordula,Neligan,kneliganr8@multiply.com,Female,Moneghetti,2021-01-04,67,38723,Savings
1946,54,2023-06-12,Entertainment,708,,Joinville,,Credit Card,946.0,Photobug,Leland,Killgus,lkillgus1h@php.net,Female,Muonio,2022-07-29,70,145128,Checking
1947,408,2022-08-23,Travel,402,,Jiekou,,Credit Card,947.0,Yombu,Jennifer,Roddick,jroddickbb@jimdo.com,Female,Nanshi,2017-03-08,68,75799,Savings
1948,526,2022-11-01,Travel,825,,Néa Karváli,,Credit Card,948.0,Flipstorm,Saba,Klazenga,sklazengael@ebay.co.uk,Female,Naga,2017-07-13,25,87363,Checking
1949,209,2023-12-28,Utilities,227,,Łomża,,Credit Card,949.0,Browsebug,Alayne,Bonifazio,abonifazio5s@instagram.com,Female,Dongxin,2016-10-01,69,33880,Checking
1950,780,2023-08-14,Travel,927,,Lang Suan,,Credit Card,950.0,Jaxnation,Bartholomeus,Hennemann,bhennemannln@scientificamerican.com,Male,Jorok Dalam,2021-12-28,62,39053,Savings
1951,586,2022-07-14,Travel,245,,Port Louis,,Credit Card,951.0,Fadeo,Michel,Feavyour,mfeavyourg9@intel.com,Male,Xinbu,2020-02-17,61,95244,Checking
1952,927,2022-06-04,Online Shopping,243,,Novhorod-Sivers’kyy,,Credit Card,952.0,Skyble,Kiley,Izod,kizodpq@clickbank.net,Male,Nova Olímpia,2023-04-21,49,132852,Checking
1953,625,2024-07-11,Groceries,210,,Nanyang,,Credit Card,953.0,Babbleblab,Evy,Rodger,erodgerhc@ning.com,Female,Xintang,2018-06-25,35,114099,Savings
1954,651,2022-08-01,Dining,350,,Inayauan,,Credit Card,954.0,Omba,Benjie,Wabb,bwabbi2@utexas.edu,Male,Headlands,2020-09-22,59,77971,Savings
1955,499,2023-09-25,Utilities,67,,Pangkungparuk,,Credit Card,955.0,Dabshots,Claus,MacDonagh,cmacdonaghdu@stanford.edu,Polygender,Dachong,2022-09-03,66,114403,Both
1956,677,2023-05-13,Entertainment,65,,Napanee Downtown,,Credit Card,956.0,Browsecat,Hillard,Nunnerley,hnunnerleyis@mit.edu,Male,Grand Sable,2020-10-31,29,70065,Checking
1957,790,2024-12-25,Entertainment,130,,El Escanito,,Credit Card,957.0,Zoovu,Care,Fogt,cfogtlx@hatena.ne.jp,Male,Huangni,2021-12-25,21,109522,Savings
1958,6,2024-10-23,Utilities,640,,Châtillon,,Credit Card,958.0,Blognation,Eula,Billes,ebilles5@posterous.com,Female,Huangsha,2018-01-19,72,77377,Savings
1959,120,2023-07-19,Dining,136,,Antopal’,,Credit Card,959.0,Chatterpoint,Gracia,Sawley,gsawley3b@thetimes.co.uk,Female,Ostrowite,2023-03-24,22,74530,Checking
1960,414,2024-06-26,Utilities,68,,Luohe,,Credit Card,960.0,Skiba,Afton,Alder,aalderbh@123-reg.co.uk,Female,Komprachcice,2024-11-21,31,58350,Savings
1961,899,2025-01-04,Travel,620,,Changshan,,Credit Card,961.0,Zooveo,Catlaina,Prott,cprottoy@un.org,Female,Guangshun,2023-12-03,26,109556,Savings
1962,61,2024-09-07,Groceries,147,,Šumperk,,Credit Card,962.0,Yakitri,Gregoor,Malthouse,gmalthouse1o@linkedin.com,Male,Safonovo,2021-02-25,24,67112,Checking
1963,896,2024-06-29,Entertainment,600,,Luqa,,Credit Card,963.0,Lazzy,Willie,Tolland,wtollandov@netlog.com,Female,Tupanciretã,2015-08-27,55,62406,Both
1964,221,2023-08-27,Dining,760,,Bomadi,,Credit Card,964.0,Pixoboo,Waring,Boyes,wboyes64@pen.io,Male,Santa Rosa,2020-08-14,50,118380,Savings
1965,623,2023-03-14,Utilities,331,,Metsovo,,Credit Card,965.0,Wordtune,Rodge,Cleaveland,rcleavelandha@bandcamp.com,Male,Ortega,2019-12-25,49,126319,Checking
1966,711,2023-06-03,Travel,599,,Arroyo Naranjo,,Credit Card,966.0,Topiclounge,Corrine,Crudginton,ccrudgintonjq@macromedia.com,Female,Banjar Sengguan,2024-02-18,49,134299,Both
1967,160,2024-12-31,Entertainment,546,,Jijiang,,Credit Card,967.0,Ntags,Andeee,Rhydderch,arhydderch4f@ucoz.ru,Female,Alameda,2019-10-30,22,37040,Checking
1968,464,2023-05-18,Travel,447,,Khasavyurt,,Credit Card,968.0,Yata,Pietrek,Boultwood,pboultwoodcv@nba.com,Genderfluid,Dolní Dunajovice,2020-02-19,72,80763,Savings
1969,160,2023-11-16,Entertainment,287,,Hulei,,Credit Card,969.0,Jabberstorm,Andeee,Rhydderch,arhydderch4f@ucoz.ru,Female,Alameda,2019-10-30,22,37040,Checking
1970,984,2022-10-25,Groceries,479,,Fundación,,Credit Card,970.0,Aimbo,Rolando,Hamly,rhamlyrb@shareasale.com,Male,Zhijin,2017-08-18,46,86201,Savings
1971,486,2024-02-28,Entertainment,737,,Siikainen,,Credit Card,971.0,Kimia,Darda,Ferenczi,dferenczidh@wsj.com,Female,Puerto Tejada,2018-08-18,62,99733,Both
1972,326,2023-08-12,Entertainment,689,,Yujia,,Credit Card,972.0,Roodel,Jean,Surpliss,jsurpliss91@phpbb.com,Male,Chipyela,2020-07-30,73,123216,Checking
1973,260,2024-04-25,Travel,915,,Nandu,,Credit Card,973.0,Devpulse,Desdemona,Tovey,dtovey77@w3.org,Genderqueer,Kayima,2018-03-02,72,99689,Both
1974,832,2023-06-04,Dining,427,,Moanemani,,Credit Card,974.0,Voonder,Debi,Foston,dfostonn3@163.com,Genderqueer,Vokhaïkó,2015-03-14,39,32405,Savings
1975,880,2023-01-22,Dining,781,,Benito Juarez,,Credit Card,975.0,Meemm,Stephi,Kidwell,skidwellof@senate.gov,Non-binary,Manticao,2024-06-19,71,64467,Both
1976,691,2024-08-22,Groceries,607,,Rosais,,Credit Card,976.0,Quatz,Frasco,Stoller,fstollerj6@blogger.com,Male,Avon,2023-10-13,32,142187,Checking
1977,743,2024-10-01,Dining,141,,Columbus,,Credit Card,977.0,Plambee,Erroll,Eichmann,eeichmannkm@freewebs.com,Male,Polowat,2019-02-28,68,143294,Both
1978,175,2024-10-01,Online Shopping,770,,Shchelkovo,,Credit Card,978.0,Devcast,Neville,Massingham,nmassingham4u@nps.gov,Male,Gandusari,2023-10-27,26,94725,Savings
1979,87,2022-08-25,Travel,557,,Utajärvi,,Credit Card,979.0,Yamia,Janean,Giacomelli,jgiacomelli2e@ustream.tv,Female,Yorosso,2020-12-05,23,71409,Both
1980,740,2025-01-06,Online Shopping,811,,Gif-sur-Yvette,,Credit Card,980.0,Skipstorm,Kerrill,Lowes,kloweskj@themeforest.net,Female,Pombal,2019-01-21,59,62845,Savings
1981,131,2022-07-03,Entertainment,628,,Krasnyy Yar,,Credit Card,981.0,Meemm,Fran,Elcombe,felcombe3m@gmpg.org,Male,Seke,2023-08-14,19,130778,Savings
1982,537,2023-07-20,Groceries,123,,Arnprior,,Credit Card,982.0,Roomm,Ellary,Upward,eupwardew@ebay.co.uk,Male,Acopampa,2019-02-03,36,48905,Savings
1983,509,2024-06-09,Utilities,732,,Sepīdān,,Credit Card,983.0,Kazu,Damita,Kubala,dkubalae4@51.la,Female,Xinxing,2016-08-31,62,81987,Savings
1984,763,2023-01-30,Entertainment,947,,Colonia Catuete,,Credit Card,984.0,Digitube,Farr,Yaknov,fyaknovl6@wisc.edu,Male,Abuja,2015-08-08,27,135278,Both
1985,218,2022-08-15,Entertainment,221,,Sibulan,,Credit Card,985.0,Pixope,Anastassia,Shearer,ashearer61@wufoo.com,Female,Jagupit,2022-01-31,19,117415,Savings
1986,680,2022-12-01,Online Shopping,541,,Lindavista,,Credit Card,986.0,Ailane,Candra,Trunchion,ctrunchioniv@a8.net,Female,Batubantar,2024-07-08,73,142696,Savings
1987,213,2022-11-09,Travel,531,,Changpu,,Credit Card,987.0,Riffpath,Bil,Edwick,bedwick5w@mashable.com,Male,Pushkino,2023-05-11,34,77701,Both
1988,634,2024-11-20,Travel,425,,Kadurahayu,,Credit Card,988.0,Gabtype,Mira,Tupie,mtupiehl@craigslist.org,Female,Xiping,2017-10-03,38,50349,Savings
1989,436,2022-12-28,Groceries,339,,Azor,,Credit Card,989.0,Tagchat,Marvin,Tomczynski,mtomczynskic3@yale.edu,Bigender,Negotin,2017-10-11,55,132025,Savings
1990,96,2022-09-11,Entertainment,258,,Carleton-sur-Mer,,Credit Card,990.0,Ntag,Walker,Lortz,wlortz2n@about.me,Male,Mangli,2015-04-11,25,53575,Both
1991,450,2024-02-19,Online Shopping,232,,Kastornoye,,Credit Card,991.0,Devpulse,Hal,Treacy,htreacych@japanpost.jp,Non-binary,Tarłów,2016-04-17,59,49161,Checking
1992,272,2023-05-05,Dining,353,,Sarilhos Grandes,,Credit Card,992.0,Zoombeat,Carrie,Gerholz,cgerholz7j@dmoz.org,Non-binary,Lodan Wetan,2015-09-27,21,130686,Checking
1993,315,2022-01-04,Entertainment,361,,Caetité,,Credit Card,993.0,Dynazzy,Arv,Wentworth,awentworth8q@baidu.com,Male,Wiphawadi,2019-09-13,46,108775,Both
1994,826,2023-07-23,Travel,365,,Oslo,,Credit Card,994.0,Fatz,Linnie,Cota,lcotamx@go.com,Non-binary,El Chol,2021-02-26,30,66910,Checking
1995,274,2023-07-22,Utilities,164,,Socota,,Credit Card,995.0,Einti,Thaddeus,Tryme,ttryme7l@storify.com,Male,Fukumitsu,2019-09-01,67,95900,Both
1996,421,2024-10-17,Online Shopping,997,,Suru,,Credit Card,996.0,Twitternation,Nobe,Wooder,nwooderbo@quantcast.com,Male,Mianay,2023-05-07,67,110894,Checking
1997,408,2023-04-05,Utilities,523,,Pniewy,,Credit Card,997.0,Voomm,Jennifer,Roddick,jroddickbb@jimdo.com,Female,Nanshi,2017-03-08,68,75799,Savings
1998,188,2023-04-09,Travel,481,,Zadvorsko,,Credit Card,998.0,Vimbo,Kali,Wem,kwem57@google.co.uk,Female,Krasnokumskoye,2018-01-11,55,133741,Checking
1999,19,2024-12-13,Utilities,580,,Adiwerna,,Credit Card,999.0,InnoZ,Augustine,Harrowing,aharrowingi@tumblr.com,Female,Cuauhtemoc,2020-08-28,58,69527,Both
2000,967,2022-07-31,Utilities,870,,Ziniaré,,Credit Card,1000.0,Tazz,Maris,Sinton,msintonqu@ifeng.com,Female,Xianren,2017-04-05,46,107839,Savings
